{
   "log10 r": [
      0.0,
      0.05,
      0.1,
      0.15000000000000002,
      0.2,
      0.25,
      0.30000000000000004,
      0.35000000000000003,
      0.4,
      0.45,
      0.5,
      0.55,
      0.6000000000000001,
      0.65,
      0.7000000000000001,
      0.75,
      0.8,
      0.8500000000000001,
      0.9,
      0.9500000000000001,
      1.0,
      1.05,
      1.1,
      1.1500000000000001,
      1.2000000000000002,
      1.25,
      1.3,
      1.35,
      1.4000000000000001,
      1.4500000000000002,
      1.5,
      1.55,
      1.6,
      1.6500000000000001,
      1.7000000000000002,
      1.75,
      1.8,
      1.85,
      1.9000000000000001,
      1.9500000000000002,
      2.0,
      2.0500000000000003,
      2.1,
      2.15,
      2.2,
      2.25,
      2.3000000000000003,
      2.35,
      2.4000000000000004,
      2.45,
      2.5
   ],
   "Sum dv^2": [
      3.083950484670537,
      0.0,
      0.0,
      15.451081250043266,
      0.0,
      0.0,
      89.33172102944671,
      0.0,
      0.0,
      89.12305381040252,
      153.51363946586167,
      199.38399280618177,
      446.6471960855671,
      763.3511078997846,
      837.5060814541787,
      1431.1712709824735,
      3192.0892864905322,
      3381.3905840129773,
      5920.755584659224,
      10072.621803178601,
      19062.8939889542,
      24646.14660975738,
      38884.509863153726,
      69211.78906038932,
      97411.8598547331,
      158416.82632040462,
      257934.9372533686,
      394051.2800345157,
      599492.6212506347,
      913521.9920583649,
      1476116.609246535,
      2115572.2821836914,
      3380207.002605487,
      4973403.908089853,
      7480965.067070626,
      10927880.737461621,
      15669592.714016452,
      22516146.37805694,
      30634447.55489008,
      40988419.414582714,
      53017095.887214355,
      64460917.81291367,
      75096553.891226,
      81751874.09081483,
      84395060.95024075,
      81951486.7008409,
      69241145.95318753,
      42718676.10663957,
      15074669.275001276,
      3048807.266782405,
      183345.21680596028
   ],
   "Sum weights": [
      65280.0,
      0.0,
      0.0,
      130050.0,
      0.0,
      0.0,
      324104.0,
      0.0,
      0.0,
      193800.0,
      258060.0,
      257048.0,
      449570.0,
      575312.0,
      511036.0,
      700020.0,
      1203734.0,
      1007972.0,
      1445380.0,
      1937042.0,
      2859272.0,
      2897116.0,
      3674690.0,
      5155474.0,
      5773520.0,
      7491838.0,
      9701238.0,
      11757186.0,
      14320938.0,
      17540114.0,
      22734900.0,
      26303374.0,
      34062188.0,
      40733820.0,
      50149068.0,
      60431004.0,
      72289830.0,
      87731826.0,
      102476376.0,
      120332462.0,
      140368314.0,
      158782298.0,
      178392398.0,
      192781200.0,
      200564162.0,
      196929652.0,
      173862636.0,
      123283452.0,
      50816154.0,
      14282052.0,
      1557090.0
   ],
   "Sum w * dv^2": [
      3.083950484670537,
      0.0,
      0.0,
      15.451081250043266,
      0.0,
      0.0,
      89.33172102944671,
      0.0,
      0.0,
      89.12305381040252,
      153.51363946586167,
      199.38399280618177,
      446.6471960855671,
      763.3511078997846,
      837.5060814541787,
      1431.1712709824735,
      3192.0892864905322,
      3381.3905840129773,
      5920.755584659224,
      10072.621803178601,
      19062.8939889542,
      24646.14660975738,
      38884.509863153726,
      69211.78906038932,
      97411.8598547331,
      158416.82632040462,
      257934.9372533686,
      394051.2800345157,
      599492.6212506347,
      913521.9920583649,
      1476116.609246535,
      2115572.2821836914,
      3380207.002605487,
      4973403.908089853,
      7480965.067070626,
      10927880.737461621,
      15669592.714016452,
      22516146.37805694,
      30634447.55489008,
      40988419.414582714,
      53017095.887214355,
      64460917.81291367,
      75096553.891226,
      81751874.09081483,
      84395060.95024075,
      81951486.7008409,
      69241145.95318753,
      42718676.10663957,
      15074669.275001276,
      3048807.266782405,
      183345.21680596028
   ],
   "N pairs": [
      65280,
      0,
      0,
      130050,
      0,
      0,
      324104,
      0,
      0,
      193800,
      258060,
      257048,
      449570,
      575312,
      511036,
      700020,
      1203734,
      1007972,
      1445380,
      1937042,
      2859272,
      2897116,
      3674690,
      5155474,
      5773520,
      7491838,
      9701238,
      11757186,
      14320938,
      17540114,
      22734900,
      26303374,
      34062188,
      40733820,
      50149068,
      60431004,
      72289830,
      87731826,
      102476376,
      120332462,
      140368314,
      158782298,
      178392398,
      192781200,
      200564162,
      196929652,
      173862636,
      123283452,
      50816154,
      14282052,
      1557090
   ],
   "Unweighted B(r)": [
      4.724188855193837e-05,
      NaN,
      NaN,
      0.00011880877547130539,
      NaN,
      NaN,
      0.00027562671558958456,
      NaN,
      NaN,
      0.0004598712786914475,
      0.000594875763256071,
      0.0007756683296745424,
      0.0009934986678060526,
      0.0013268471853529642,
      0.001638839693200046,
      0.0020444719736328583,
      0.0026518228167440082,
      0.0033546473354547322,
      0.004096331473148393,
      0.005200001756894585,
      0.006667044614487255,
      0.008507131440286609,
      0.010581711617348328,
      0.013424912832532821,
      0.016872178472532025,
      0.02114525518576411,
      0.026587837269157668,
      0.033515781755474115,
      0.0418612678338971,
      0.052081873131404104,
      0.0649273411911438,
      0.0804296924867392,
      0.09923634390736986,
      0.12209520020685152,
      0.14917455828033785,
      0.1808323544891232,
      0.21676068008482594,
      0.2566474152499338,
      0.2989415585392099,
      0.3406264505298887,
      0.3776998838015135,
      0.4059704301099967,
      0.42096274691719765,
      0.4240655940040566,
      0.4207883407916153,
      0.4161459986779487,
      0.39825201979100056,
      0.3465077868410074,
      0.29665112544725986,
      0.21347123416035768,
      0.11774863161792849
   ],
   "Weighted B(r)": [
      4.724188855193837e-05,
      NaN,
      NaN,
      0.00011880877547130539,
      NaN,
      NaN,
      0.00027562671558958456,
      NaN,
      NaN,
      0.0004598712786914475,
      0.000594875763256071,
      0.0007756683296745424,
      0.0009934986678060526,
      0.0013268471853529642,
      0.001638839693200046,
      0.0020444719736328583,
      0.0026518228167440082,
      0.0033546473354547322,
      0.004096331473148393,
      0.005200001756894585,
      0.006667044614487255,
      0.008507131440286609,
      0.010581711617348328,
      0.013424912832532821,
      0.016872178472532025,
      0.02114525518576411,
      0.026587837269157668,
      0.033515781755474115,
      0.0418612678338971,
      0.052081873131404104,
      0.0649273411911438,
      0.0804296924867392,
      0.09923634390736986,
      0.12209520020685152,
      0.14917455828033785,
      0.1808323544891232,
      0.21676068008482594,
      0.2566474152499338,
      0.2989415585392099,
      0.3406264505298887,
      0.3776998838015135,
      0.4059704301099967,
      0.42096274691719765,
      0.4240655940040566,
      0.4207883407916153,
      0.4161459986779487,
      0.39825201979100056,
      0.3465077868410074,
      0.29665112544725986,
      0.21347123416035768,
      0.11774863161792849
   ],
   "Unweighted sigma^2": 0.16653567560520852,
   "Apparent r0": 53.472410244531815
}