{
   "log10 r": [
      0.0,
      0.05,
      0.1,
      0.15000000000000002,
      0.2,
      0.25,
      0.30000000000000004,
      0.35000000000000003,
      0.4,
      0.45,
      0.5,
      0.55,
      0.6000000000000001,
      0.65,
      0.7000000000000001,
      0.75,
      0.8,
      0.8500000000000001,
      0.9,
      0.9500000000000001,
      1.0,
      1.05,
      1.1,
      1.1500000000000001,
      1.2000000000000002,
      1.25,
      1.3,
      1.35,
      1.4000000000000001,
      1.4500000000000002,
      1.5,
      1.55,
      1.6,
      1.6500000000000001,
      1.7000000000000002,
      1.75,
      1.8,
      1.85,
      1.9000000000000001,
      1.9500000000000002,
      2.0,
      2.0500000000000003,
      2.1,
      2.15,
      2.2,
      2.25,
      2.3000000000000003,
      2.35,
      2.4000000000000004,
      2.45,
      2.5
   ],
   "Sum dv^2": [
      12.590892559183644,
      0.0,
      0.0,
      77.93145870996685,
      0.0,
      0.0,
      438.5802842919272,
      0.0,
      0.0,
      422.63360012956025,
      773.4433785066419,
      1004.240546682278,
      2201.0255894473953,
      3766.1535622169135,
      4208.010466804348,
      7078.8611689842655,
      15855.042027748537,
      16918.24338927277,
      29372.695909502123,
      49903.11555806575,
      93849.39621199084,
      121169.03038289519,
      189672.87868414778,
      336228.0664722048,
      467992.5068298376,
      752980.3517510375,
      1206906.3194597084,
      1811412.6099541043,
      2695785.527072897,
      4003482.135576392,
      6263837.170494759,
      8650503.805165268,
      13236981.538739681,
      18547096.488654733,
      26461738.148736384,
      36543479.97340172,
      49501359.31985379,
      67222738.89533103,
      86511586.32475081,
      109394852.64495689,
      133419346.62141618,
      152685761.37607518,
      168022376.0770446,
      173784899.55367383,
      174668996.7663782,
      175284939.7279871,
      153775879.1106646,
      88106144.88770956,
      28640521.59875911,
      6248593.708680363,
      262599.9588682204
   ],
   "Sum weights": [
      65280.0,
      0.0,
      0.0,
      130050.0,
      0.0,
      0.0,
      324104.0,
      0.0,
      0.0,
      193800.0,
      258060.0,
      257048.0,
      449570.0,
      575312.0,
      511036.0,
      700020.0,
      1203734.0,
      1007972.0,
      1445380.0,
      1937042.0,
      2859272.0,
      2897116.0,
      3674690.0,
      5155474.0,
      5773520.0,
      7491838.0,
      9701238.0,
      11757186.0,
      14320938.0,
      17540114.0,
      22734900.0,
      26303374.0,
      34062188.0,
      40733820.0,
      50149068.0,
      60431004.0,
      72289830.0,
      87731826.0,
      102476376.0,
      120332462.0,
      140368314.0,
      158782298.0,
      178392398.0,
      192781200.0,
      200564162.0,
      196929652.0,
      173862636.0,
      123283452.0,
      50816154.0,
      14282052.0,
      1557090.0
   ],
   "Sum w * dv^2": [
      12.590892559183644,
      0.0,
      0.0,
      77.93145870996685,
      0.0,
      0.0,
      438.5802842919272,
      0.0,
      0.0,
      422.63360012956025,
      773.4433785066419,
      1004.240546682278,
      2201.0255894473953,
      3766.1535622169135,
      4208.010466804348,
      7078.8611689842655,
      15855.042027748537,
      16918.24338927277,
      29372.695909502123,
      49903.11555806575,
      93849.39621199084,
      121169.03038289519,
      189672.87868414778,
      336228.0664722048,
      467992.5068298376,
      752980.3517510375,
      1206906.3194597084,
      1811412.6099541043,
      2695785.527072897,
      4003482.135576392,
      6263837.170494759,
      8650503.805165268,
      13236981.538739681,
      18547096.488654733,
      26461738.148736384,
      36543479.97340172,
      49501359.31985379,
      67222738.89533103,
      86511586.32475081,
      109394852.64495689,
      133419346.62141618,
      152685761.37607518,
      168022376.0770446,
      173784899.55367383,
      174668996.7663782,
      175284939.7279871,
      153775879.1106646,
      88106144.88770956,
      28640521.59875911,
      6248593.708680363,
      262599.9588682204
   ],
   "N pairs": [
      65280,
      0,
      0,
      130050,
      0,
      0,
      324104,
      0,
      0,
      193800,
      258060,
      257048,
      449570,
      575312,
      511036,
      700020,
      1203734,
      1007972,
      1445380,
      1937042,
      2859272,
      2897116,
      3674690,
      5155474,
      5773520,
      7491838,
      9701238,
      11757186,
      14320938,
      17540114,
      22734900,
      26303374,
      34062188,
      40733820,
      50149068,
      60431004,
      72289830,
      87731826,
      102476376,
      120332462,
      140368314,
      158782298,
      178392398,
      192781200,
      200564162,
      196929652,
      173862636,
      123283452,
      50816154,
      14282052,
      1557090
   ],
   "Unweighted B(r)": [
      0.00019287519238945532,
      NaN,
      NaN,
      0.0005992422815068577,
      NaN,
      NaN,
      0.0013532084895339991,
      NaN,
      NaN,
      0.002180771930493087,
      0.0029971455417602184,
      0.003906821086654158,
      0.00489584622961362,
      0.006546280213548325,
      0.008234274037062648,
      0.010112369887980723,
      0.01317154955143623,
      0.016784437850726776,
      0.02032178106069139,
      0.02576253667089601,
      0.03282282910195002,
      0.041824017534297965,
      0.05161602167370521,
      0.06521768250062067,
      0.08105843693792307,
      0.10050675838840048,
      0.12440745392079942,
      0.15406855092316343,
      0.1882408489634476,
      0.22824721296431666,
      0.27551637220725667,
      0.3288743035462017,
      0.38861219187503987,
      0.4553242609864416,
      0.52766161374597,
      0.6047140963172103,
      0.6847624253626519,
      0.7662297932261324,
      0.8442100482237078,
      0.9091050812619199,
      0.950494757822739,
      0.9616044313458366,
      0.9418695973639225,
      0.9014618622234628,
      0.870888373199885,
      0.8900891153150827,
      0.8844676616467761,
      0.7146631884359432,
      0.5636105715272964,
      0.4375137206250449,
      0.16864790016519302
   ],
   "Weighted B(r)": [
      0.00019287519238945532,
      NaN,
      NaN,
      0.0005992422815068577,
      NaN,
      NaN,
      0.0013532084895339991,
      NaN,
      NaN,
      0.002180771930493087,
      0.0029971455417602184,
      0.003906821086654158,
      0.00489584622961362,
      0.006546280213548325,
      0.008234274037062648,
      0.010112369887980723,
      0.01317154955143623,
      0.016784437850726776,
      0.02032178106069139,
      0.02576253667089601,
      0.03282282910195002,
      0.041824017534297965,
      0.05161602167370521,
      0.06521768250062067,
      0.08105843693792307,
      0.10050675838840048,
      0.12440745392079942,
      0.15406855092316343,
      0.1882408489634476,
      0.22824721296431666,
      0.27551637220725667,
      0.3288743035462017,
      0.38861219187503987,
      0.4553242609864416,
      0.52766161374597,
      0.6047140963172103,
      0.6847624253626519,
      0.7662297932261324,
      0.8442100482237078,
      0.9091050812619199,
      0.950494757822739,
      0.9616044313458366,
      0.9418695973639225,
      0.9014618622234628,
      0.870888373199885,
      0.8900891153150827,
      0.8844676616467761,
      0.7146631884359432,
      0.5636105715272964,
      0.4375137206250449,
      0.16864790016519302
   ],
   "Unweighted sigma^2": 0.39430332978505367,
   "Apparent r0": 40.22511750517614
}