{
   "log10 r": [
      0.0,
      0.05,
      0.1,
      0.15000000000000002,
      0.2,
      0.25,
      0.30000000000000004,
      0.35000000000000003,
      0.4,
      0.45,
      0.5,
      0.55,
      0.6000000000000001,
      0.65,
      0.7000000000000001,
      0.75,
      0.8,
      0.8500000000000001,
      0.9,
      0.9500000000000001,
      1.0,
      1.05,
      1.1,
      1.1500000000000001,
      1.2000000000000002,
      1.25,
      1.3,
      1.35,
      1.4000000000000001,
      1.4500000000000002,
      1.5,
      1.55,
      1.6,
      1.6500000000000001,
      1.7000000000000002,
      1.75,
      1.8,
      1.85,
      1.9000000000000001,
      1.9500000000000002,
      2.0,
      2.0500000000000003,
      2.1,
      2.15,
      2.2,
      2.25,
      2.3000000000000003,
      2.35,
      2.4000000000000004,
      2.45,
      2.5
   ],
   "Sum dv^2": [
      170.69507457737,
      0.0,
      0.0,
      822.6889634568352,
      0.0,
      0.0,
      4745.998165157728,
      0.0,
      0.0,
      4718.297368858353,
      8017.727949075601,
      10289.160622011821,
      22994.341465262773,
      38588.29761839637,
      41940.374210095164,
      70509.4060030919,
      153278.71722121286,
      157384.25420284233,
      269511.5433824099,
      440752.8803714788,
      797655.0229595528,
      971434.2053790727,
      1448386.5438839986,
      2386910.7069075312,
      3111438.7106614667,
      4616466.88471168,
      6818024.133858689,
      9270982.57394834,
      12516703.054096412,
      16661809.97326348,
      23152886.257571116,
      28205137.486935277,
      37834715.17363583,
      46125967.58473553,
      57021981.631240524,
      68327125.67712964,
      80799105.94486302,
      96808314.46221952,
      112317852.5580304,
      133941706.82116665,
      159673337.9455988,
      178267448.04484025,
      206373790.58095363,
      250760102.54457825,
      286850773.2702967,
      281773804.3460279,
      259526249.96041512,
      208844361.68647972,
      100016367.75588211,
      23731753.067273054,
      1414336.807603449
   ],
   "Sum weights": [
      65280.0,
      0.0,
      0.0,
      130050.0,
      0.0,
      0.0,
      324104.0,
      0.0,
      0.0,
      193800.0,
      258060.0,
      257048.0,
      449570.0,
      575312.0,
      511036.0,
      700020.0,
      1203734.0,
      1007972.0,
      1445380.0,
      1937042.0,
      2859272.0,
      2897116.0,
      3674690.0,
      5155474.0,
      5773520.0,
      7491838.0,
      9701238.0,
      11757186.0,
      14320938.0,
      17540114.0,
      22734900.0,
      26303374.0,
      34062188.0,
      40733820.0,
      50149068.0,
      60431004.0,
      72289830.0,
      87731826.0,
      102476376.0,
      120332462.0,
      140368314.0,
      158782298.0,
      178392398.0,
      192781200.0,
      200564162.0,
      196929652.0,
      173862636.0,
      123283452.0,
      50816154.0,
      14282052.0,
      1557090.0
   ],
   "Sum w * dv^2": [
      170.69507457737,
      0.0,
      0.0,
      822.6889634568352,
      0.0,
      0.0,
      4745.998165157728,
      0.0,
      0.0,
      4718.297368858353,
      8017.727949075601,
      10289.160622011821,
      22994.341465262773,
      38588.29761839637,
      41940.374210095164,
      70509.4060030919,
      153278.71722121286,
      157384.25420284233,
      269511.5433824099,
      440752.8803714788,
      797655.0229595528,
      971434.2053790727,
      1448386.5438839986,
      2386910.7069075312,
      3111438.7106614667,
      4616466.88471168,
      6818024.133858689,
      9270982.57394834,
      12516703.054096412,
      16661809.97326348,
      23152886.257571116,
      28205137.486935277,
      37834715.17363583,
      46125967.58473553,
      57021981.631240524,
      68327125.67712964,
      80799105.94486302,
      96808314.46221952,
      112317852.5580304,
      133941706.82116665,
      159673337.9455988,
      178267448.04484025,
      206373790.58095363,
      250760102.54457825,
      286850773.2702967,
      281773804.3460279,
      259526249.96041512,
      208844361.68647972,
      100016367.75588211,
      23731753.067273054,
      1414336.807603449
   ],
   "N pairs": [
      65280,
      0,
      0,
      130050,
      0,
      0,
      324104,
      0,
      0,
      193800,
      258060,
      257048,
      449570,
      575312,
      511036,
      700020,
      1203734,
      1007972,
      1445380,
      1937042,
      2859272,
      2897116,
      3674690,
      5155474,
      5773520,
      7491838,
      9701238,
      11757186,
      14320938,
      17540114,
      22734900,
      26303374,
      34062188,
      40733820,
      50149068,
      60431004,
      72289830,
      87731826,
      102476376,
      120332462,
      140368314,
      158782298,
      178392398,
      192781200,
      200564162,
      196929652,
      173862636,
      123283452,
      50816154,
      14282052,
      1557090
   ],
   "Unweighted B(r)": [
      0.0026148142551680456,
      NaN,
      NaN,
      0.006325943586749982,
      NaN,
      NaN,
      0.014643442120917139,
      NaN,
      NaN,
      0.024346219653551875,
      0.031069239514359456,
      0.04002816836548746,
      0.051147410781997846,
      0.06707368804821796,
      0.08206931451031857,
      0.10072484500884533,
      0.12733603704905974,
      0.156139510028892,
      0.18646414325811198,
      0.22753914492895808,
      0.2789713685719836,
      0.3353107729821908,
      0.39415203565035384,
      0.46298569382903126,
      0.5389153775619495,
      0.6161995073454177,
      0.7027993884758511,
      0.7885375440984213,
      0.874014191954215,
      0.949925979572509,
      1.0183852252515346,
      1.0723011233059028,
      1.1107541058030632,
      1.1323752003798202,
      1.1370496781962234,
      1.130663420338501,
      1.1177105540967938,
      1.103457193085432,
      1.0960365397584941,
      1.1130970362857417,
      1.1375312091131822,
      1.1227161358052662,
      1.1568530548087235,
      1.300749775105551,
      1.4302194889149573,
      1.4308348259612418,
      1.4927085884077769,
      1.694017796374486,
      1.9682002647402657,
      1.6616486949685558,
      0.9083205258549275
   ],
   "Weighted B(r)": [
      0.0026148142551680456,
      NaN,
      NaN,
      0.006325943586749982,
      NaN,
      NaN,
      0.014643442120917139,
      NaN,
      NaN,
      0.024346219653551875,
      0.031069239514359456,
      0.04002816836548746,
      0.051147410781997846,
      0.06707368804821796,
      0.08206931451031857,
      0.10072484500884533,
      0.12733603704905974,
      0.156139510028892,
      0.18646414325811198,
      0.22753914492895808,
      0.2789713685719836,
      0.3353107729821908,
      0.39415203565035384,
      0.46298569382903126,
      0.5389153775619495,
      0.6161995073454177,
      0.7027993884758511,
      0.7885375440984213,
      0.874014191954215,
      0.949925979572509,
      1.0183852252515346,
      1.0723011233059028,
      1.1107541058030632,
      1.1323752003798202,
      1.1370496781962234,
      1.130663420338501,
      1.1177105540967938,
      1.103457193085432,
      1.0960365397584941,
      1.1130970362857417,
      1.1375312091131822,
      1.1227161358052662,
      1.1568530548087235,
      1.300749775105551,
      1.4302194889149573,
      1.4308348259612418,
      1.4927085884077769,
      1.694017796374486,
      1.9682002647402657,
      1.6616486949685558,
      0.9083205258549275
   ],
   "Unweighted sigma^2": 0.6311073878253382,
   "Apparent r0": 18.156322928680538
}