{
   "log10 r": [
      0.0,
      0.05,
      0.1,
      0.15000000000000002,
      0.2,
      0.25,
      0.30000000000000004,
      0.35000000000000003,
      0.4,
      0.45,
      0.5,
      0.55,
      0.6000000000000001,
      0.65,
      0.7000000000000001,
      0.75,
      0.8,
      0.8500000000000001,
      0.9,
      0.9500000000000001,
      1.0,
      1.05,
      1.1,
      1.1500000000000001,
      1.2000000000000002,
      1.25,
      1.3,
      1.35,
      1.4000000000000001,
      1.4500000000000002,
      1.5,
      1.55,
      1.6,
      1.6500000000000001,
      1.7000000000000002,
      1.75,
      1.8,
      1.85,
      1.9000000000000001,
      1.9500000000000002,
      2.0,
      2.0500000000000003,
      2.1,
      2.15,
      2.2,
      2.25,
      2.3000000000000003,
      2.35,
      2.4000000000000004,
      2.45,
      2.5
   ],
   "Sum dv^2": [
      368.34858997933645,
      0.0,
      0.0,
      1842.2023821097348,
      0.0,
      0.0,
      10380.521142911934,
      0.0,
      0.0,
      10048.879312668107,
      17127.184326439638,
      21592.332055525585,
      47114.4902222666,
      76900.25199771674,
      82281.62011533737,
      133855.5507282488,
      280739.26013722084,
      278467.859558358,
      460163.5101976252,
      721268.4946187724,
      1245158.0293367244,
      1449851.2656215136,
      2072305.8413870207,
      3271719.7487626174,
      4092382.955292629,
      5856698.41865686,
      8372686.70047388,
      11091975.204702465,
      14700985.034835987,
      19401585.821479015,
      27000377.82672684,
      33246644.31832334,
      45332748.0641474,
      56407642.48800176,
      71506259.18771663,
      87595055.84116198,
      104039384.41912238,
      122677343.7872066,
      138456464.96045434,
      159386263.6106458,
      187865556.07616398,
      214355590.98720813,
      242405769.7255126,
      267650939.08121973,
      286949419.07381845,
      285201159.19129145,
      253312882.7337022,
      186631819.5206097,
      104221325.88389048,
      41994933.312662035,
      2606148.500877608
   ],
   "Sum weights": [
      65280.0,
      0.0,
      0.0,
      130050.0,
      0.0,
      0.0,
      324104.0,
      0.0,
      0.0,
      193800.0,
      258060.0,
      257048.0,
      449570.0,
      575312.0,
      511036.0,
      700020.0,
      1203734.0,
      1007972.0,
      1445380.0,
      1937042.0,
      2859272.0,
      2897116.0,
      3674690.0,
      5155474.0,
      5773520.0,
      7491838.0,
      9701238.0,
      11757186.0,
      14320938.0,
      17540114.0,
      22734900.0,
      26303374.0,
      34062188.0,
      40733820.0,
      50149068.0,
      60431004.0,
      72289830.0,
      87731826.0,
      102476376.0,
      120332462.0,
      140368314.0,
      158782298.0,
      178392398.0,
      192781200.0,
      200564162.0,
      196929652.0,
      173862636.0,
      123283452.0,
      50816154.0,
      14282052.0,
      1557090.0
   ],
   "Sum w * dv^2": [
      368.34858997933645,
      0.0,
      0.0,
      1842.2023821097348,
      0.0,
      0.0,
      10380.521142911934,
      0.0,
      0.0,
      10048.879312668107,
      17127.184326439638,
      21592.332055525585,
      47114.4902222666,
      76900.25199771674,
      82281.62011533737,
      133855.5507282488,
      280739.26013722084,
      278467.859558358,
      460163.5101976252,
      721268.4946187724,
      1245158.0293367244,
      1449851.2656215136,
      2072305.8413870207,
      3271719.7487626174,
      4092382.955292629,
      5856698.41865686,
      8372686.70047388,
      11091975.204702465,
      14700985.034835987,
      19401585.821479015,
      27000377.82672684,
      33246644.31832334,
      45332748.0641474,
      56407642.48800176,
      71506259.18771663,
      87595055.84116198,
      104039384.41912238,
      122677343.7872066,
      138456464.96045434,
      159386263.6106458,
      187865556.07616398,
      214355590.98720813,
      242405769.7255126,
      267650939.08121973,
      286949419.07381845,
      285201159.19129145,
      253312882.7337022,
      186631819.5206097,
      104221325.88389048,
      41994933.312662035,
      2606148.500877608
   ],
   "N pairs": [
      65280,
      0,
      0,
      130050,
      0,
      0,
      324104,
      0,
      0,
      193800,
      258060,
      257048,
      449570,
      575312,
      511036,
      700020,
      1203734,
      1007972,
      1445380,
      1937042,
      2859272,
      2897116,
      3674690,
      5155474,
      5773520,
      7491838,
      9701238,
      11757186,
      14320938,
      17540114,
      22734900,
      26303374,
      34062188,
      40733820,
      50149068,
      60431004,
      72289830,
      87731826,
      102476376,
      120332462,
      140368314,
      158782298,
      178392398,
      192781200,
      200564162,
      196929652,
      173862636,
      123283452,
      50816154,
      14282052,
      1557090
   ],
   "Unweighted B(r)": [
      0.005642594821987384,
      NaN,
      NaN,
      0.014165339347249018,
      NaN,
      NaN,
      0.03202836479312793,
      NaN,
      NaN,
      0.05185180243894792,
      0.06636900072246624,
      0.08400116731320836,
      0.10479900843531953,
      0.1336670397935672,
      0.16100943987378066,
      0.19121675199029858,
      0.23322366913057274,
      0.27626547122177797,
      0.3183685329793032,
      0.3723556301922067,
      0.4354807899831581,
      0.5004463975973049,
      0.5639403164313236,
      0.6346108522247649,
      0.7088193953242786,
      0.7817438682813028,
      0.8630534268382943,
      0.9434209176160405,
      1.0265378591008485,
      1.1061265520554209,
      1.1876180597551271,
      1.2639688094129422,
      1.3308818583276976,
      1.3847864621585149,
      1.4258741396294072,
      1.4495052215442588,
      1.4391980783344267,
      1.3983220158578098,
      1.3511061804181517,
      1.324549177848998,
      1.338375810912454,
      1.3499967797871784,
      1.3588346389374315,
      1.3883663919574094,
      1.4307113305407895,
      1.448238781183097,
      1.4569713686711976,
      1.513843232752841,
      2.0509487176831698,
      2.9403991326079777,
      1.673730163881091
   ],
   "Weighted B(r)": [
      0.005642594821987384,
      NaN,
      NaN,
      0.014165339347249018,
      NaN,
      NaN,
      0.03202836479312793,
      NaN,
      NaN,
      0.05185180243894792,
      0.06636900072246624,
      0.08400116731320836,
      0.10479900843531953,
      0.1336670397935672,
      0.16100943987378066,
      0.19121675199029858,
      0.23322366913057274,
      0.27626547122177797,
      0.3183685329793032,
      0.3723556301922067,
      0.4354807899831581,
      0.5004463975973049,
      0.5639403164313236,
      0.6346108522247649,
      0.7088193953242786,
      0.7817438682813028,
      0.8630534268382943,
      0.9434209176160405,
      1.0265378591008485,
      1.1061265520554209,
      1.1876180597551271,
      1.2639688094129422,
      1.3308818583276976,
      1.3847864621585149,
      1.4258741396294072,
      1.4495052215442588,
      1.4391980783344267,
      1.3983220158578098,
      1.3511061804181517,
      1.324549177848998,
      1.338375810912454,
      1.3499967797871784,
      1.3588346389374315,
      1.3883663919574094,
      1.4307113305407895,
      1.448238781183097,
      1.4569713686711976,
      1.513843232752841,
      2.0509487176831698,
      2.9403991326079777,
      1.673730163881091
   ],
   "Unweighted sigma^2": 0.6992314786039922,
   "Apparent r0": 15.626244410650767
}