{
   "log10 r": [
      0.0,
      0.05,
      0.1,
      0.15000000000000002,
      0.2,
      0.25,
      0.30000000000000004,
      0.35000000000000003,
      0.4,
      0.45,
      0.5,
      0.55,
      0.6000000000000001,
      0.65,
      0.7000000000000001,
      0.75,
      0.8,
      0.8500000000000001,
      0.9,
      0.9500000000000001,
      1.0,
      1.05,
      1.1,
      1.1500000000000001,
      1.2000000000000002,
      1.25,
      1.3,
      1.35,
      1.4000000000000001,
      1.4500000000000002,
      1.5,
      1.55,
      1.6,
      1.6500000000000001,
      1.7000000000000002,
      1.75,
      1.8,
      1.85,
      1.9000000000000001,
      1.9500000000000002,
      2.0,
      2.0500000000000003,
      2.1,
      2.15,
      2.2,
      2.25,
      2.3000000000000003,
      2.35,
      2.4000000000000004,
      2.45,
      2.5
   ],
   "Sum dv^2": [
      957.0189769152829,
      0.0,
      0.0,
      4695.875495185041,
      0.0,
      0.0,
      24751.201075515903,
      0.0,
      0.0,
      22605.83135137853,
      37646.463857529394,
      45459.478284164645,
      95511.94286288197,
      148287.39641172098,
      154305.06767162183,
      241042.6090516799,
      485431.33368092537,
      465118.6298330207,
      749077.3726897516,
      1141268.5221029965,
      1920327.906478,
      2187586.2054248825,
      3070506.0919441264,
      4760322.157867453,
      5859410.838650943,
      8276543.032297121,
      11700415.888294186,
      15347827.544457348,
      20157899.373665,
      26398469.019116346,
      36493879.958080485,
      44685001.49284945,
      60625698.74344179,
      75138877.46109469,
      95038285.3617265,
      116304343.36623955,
      138134476.40902647,
      163057330.82761154,
      184365772.0189013,
      212357841.3266751,
      250196057.78012198,
      285098011.0312196,
      322117220.34304947,
      355092580.9399893,
      379443522.7895413,
      375757942.92827404,
      332782623.7333209,
      243058135.86463287,
      131951533.04355973,
      52349832.258990705,
      3281267.065859548
   ],
   "Sum weights": [
      65280.0,
      0.0,
      0.0,
      130050.0,
      0.0,
      0.0,
      324104.0,
      0.0,
      0.0,
      193800.0,
      258060.0,
      257048.0,
      449570.0,
      575312.0,
      511036.0,
      700020.0,
      1203734.0,
      1007972.0,
      1445380.0,
      1937042.0,
      2859272.0,
      2897116.0,
      3674690.0,
      5155474.0,
      5773520.0,
      7491838.0,
      9701238.0,
      11757186.0,
      14320938.0,
      17540114.0,
      22734900.0,
      26303374.0,
      34062188.0,
      40733820.0,
      50149068.0,
      60431004.0,
      72289830.0,
      87731826.0,
      102476376.0,
      120332462.0,
      140368314.0,
      158782298.0,
      178392398.0,
      192781200.0,
      200564162.0,
      196929652.0,
      173862636.0,
      123283452.0,
      50816154.0,
      14282052.0,
      1557090.0
   ],
   "Sum w * dv^2": [
      957.0189769152829,
      0.0,
      0.0,
      4695.875495185041,
      0.0,
      0.0,
      24751.201075515903,
      0.0,
      0.0,
      22605.83135137853,
      37646.463857529394,
      45459.478284164645,
      95511.94286288197,
      148287.39641172098,
      154305.06767162183,
      241042.6090516799,
      485431.33368092537,
      465118.6298330207,
      749077.3726897516,
      1141268.5221029965,
      1920327.906478,
      2187586.2054248825,
      3070506.0919441264,
      4760322.157867453,
      5859410.838650943,
      8276543.032297121,
      11700415.888294186,
      15347827.544457348,
      20157899.373665,
      26398469.019116346,
      36493879.958080485,
      44685001.49284945,
      60625698.74344179,
      75138877.46109469,
      95038285.3617265,
      116304343.36623955,
      138134476.40902647,
      163057330.82761154,
      184365772.0189013,
      212357841.3266751,
      250196057.78012198,
      285098011.0312196,
      322117220.34304947,
      355092580.9399893,
      379443522.7895413,
      375757942.92827404,
      332782623.7333209,
      243058135.86463287,
      131951533.04355973,
      52349832.258990705,
      3281267.065859548
   ],
   "N pairs": [
      65280,
      0,
      0,
      130050,
      0,
      0,
      324104,
      0,
      0,
      193800,
      258060,
      257048,
      449570,
      575312,
      511036,
      700020,
      1203734,
      1007972,
      1445380,
      1937042,
      2859272,
      2897116,
      3674690,
      5155474,
      5773520,
      7491838,
      9701238,
      11757186,
      14320938,
      17540114,
      22734900,
      26303374,
      34062188,
      40733820,
      50149068,
      60431004,
      72289830,
      87731826,
      102476376,
      120332462,
      140368314,
      158782298,
      178392398,
      192781200,
      200564162,
      196929652,
      173862636,
      123283452,
      50816154,
      14282052,
      1557090
   ],
   "Unweighted B(r)": [
      0.014660217170883623,
      NaN,
      NaN,
      0.03610823141241861,
      NaN,
      NaN,
      0.07636808270035514,
      NaN,
      NaN,
      0.11664515661186031,
      0.1458826003934333,
      0.1768520987681859,
      0.21245177138795288,
      0.2577512661159875,
      0.3019455922315098,
      0.3443367461667951,
      0.4032712656458365,
      0.46144002991454197,
      0.5182563565911743,
      0.589181092667581,
      0.6716142803056163,
      0.7550909958126918,
      0.8355823462507386,
      0.9233529560749318,
      1.0148766850467206,
      1.104741324131291,
      1.2060745121699092,
      1.305399739738518,
      1.4075823366922615,
      1.5050340618719096,
      1.6051920157150674,
      1.6988315450652622,
      1.779853330133748,
      1.8446312538596845,
      1.8951156851354942,
      1.9245806898432392,
      1.9108424574940412,
      1.8585881345683097,
      1.7991051129569735,
      1.7647593824405843,
      1.7824254680448892,
      1.795527679232981,
      1.8056667433948024,
      1.8419461075042034,
      1.8918809771685,
      1.9080820948603212,
      1.914054861869924,
      1.9715390177802037,
      2.5966454101103307,
      3.6654279272327748,
      2.107307262816888
   ],
   "Weighted B(r)": [
      0.014660217170883623,
      NaN,
      NaN,
      0.03610823141241861,
      NaN,
      NaN,
      0.07636808270035514,
      NaN,
      NaN,
      0.11664515661186031,
      0.1458826003934333,
      0.1768520987681859,
      0.21245177138795288,
      0.2577512661159875,
      0.3019455922315098,
      0.3443367461667951,
      0.4032712656458365,
      0.46144002991454197,
      0.5182563565911743,
      0.589181092667581,
      0.6716142803056163,
      0.7550909958126918,
      0.8355823462507386,
      0.9233529560749318,
      1.0148766850467206,
      1.104741324131291,
      1.2060745121699092,
      1.305399739738518,
      1.4075823366922615,
      1.5050340618719096,
      1.6051920157150674,
      1.6988315450652622,
      1.779853330133748,
      1.8446312538596845,
      1.8951156851354942,
      1.9245806898432392,
      1.9108424574940412,
      1.8585881345683097,
      1.7991051129569735,
      1.7647593824405843,
      1.7824254680448892,
      1.795527679232981,
      1.8056667433948024,
      1.8419461075042034,
      1.8918809771685,
      1.9080820948603212,
      1.914054861869924,
      1.9715390177802037,
      2.5966454101103307,
      3.6654279272327748,
      2.107307262816888
   ],
   "Unweighted sigma^2": 0.925455013247517,
   "Apparent r0": 14.164960964632929
}