{
   "log10 r": [
      0.0,
      0.05,
      0.1,
      0.15000000000000002,
      0.2,
      0.25,
      0.30000000000000004,
      0.35000000000000003,
      0.4,
      0.45,
      0.5,
      0.55,
      0.6000000000000001,
      0.65,
      0.7000000000000001,
      0.75,
      0.8,
      0.8500000000000001,
      0.9,
      0.9500000000000001,
      1.0,
      1.05,
      1.1,
      1.1500000000000001,
      1.2000000000000002,
      1.25,
      1.3,
      1.35,
      1.4000000000000001,
      1.4500000000000002,
      1.5,
      1.55,
      1.6,
      1.6500000000000001,
      1.7000000000000002,
      1.75,
      1.8,
      1.85,
      1.9000000000000001,
      1.9500000000000002,
      2.0,
      2.0500000000000003,
      2.1,
      2.15,
      2.2,
      2.25,
      2.3000000000000003,
      2.35,
      2.4000000000000004,
      2.45,
      2.5
   ],
   "Sum dv^2": [
      57.07406438034113,
      0.0,
      0.0,
      282.3142587186408,
      0.0,
      0.0,
      1630.4329420305091,
      0.0,
      0.0,
      1621.493754996975,
      2788.2028089944897,
      3597.1286307477003,
      8062.169585379689,
      13661.575987409888,
      14997.875953886096,
      25434.889178800313,
      56209.64614824079,
      58816.13063074502,
      102291.18747167064,
      171456.60065148372,
      319352.11122384825,
      402822.78642758564,
      620985.9026655523,
      1068104.1258819522,
      1451281.3672523648,
      2253180.7447403576,
      3484039.5139786275,
      4978530.81277796,
      7051274.747947565,
      9871630.847337222,
      14464159.036783883,
      18591749.502327584,
      26283183.882149387,
      33664466.091645695,
      43428418.08884578,
      53578451.31018632,
      63949156.63059251,
      75616486.34068285,
      85042791.90319546,
      97331080.22536358,
      113619383.1704293,
      130136277.0082663,
      148245474.12788287,
      164413665.47906563,
      178203752.9620078,
      179457679.58827674,
      157560155.83695728,
      120599478.5580535,
      74045611.76064028,
      30172171.844042186,
      1825980.8826418098
   ],
   "Sum weights": [
      65280.0,
      0.0,
      0.0,
      130050.0,
      0.0,
      0.0,
      324104.0,
      0.0,
      0.0,
      193800.0,
      258060.0,
      257048.0,
      449570.0,
      575312.0,
      511036.0,
      700020.0,
      1203734.0,
      1007972.0,
      1445380.0,
      1937042.0,
      2859272.0,
      2897116.0,
      3674690.0,
      5155474.0,
      5773520.0,
      7491838.0,
      9701238.0,
      11757186.0,
      14320938.0,
      17540114.0,
      22734900.0,
      26303374.0,
      34062188.0,
      40733820.0,
      50149068.0,
      60431004.0,
      72289830.0,
      87731826.0,
      102476376.0,
      120332462.0,
      140368314.0,
      158782298.0,
      178392398.0,
      192781200.0,
      200564162.0,
      196929652.0,
      173862636.0,
      123283452.0,
      50816154.0,
      14282052.0,
      1557090.0
   ],
   "Sum w * dv^2": [
      57.07406438034113,
      0.0,
      0.0,
      282.3142587186408,
      0.0,
      0.0,
      1630.4329420305091,
      0.0,
      0.0,
      1621.493754996975,
      2788.2028089944897,
      3597.1286307477003,
      8062.169585379689,
      13661.575987409888,
      14997.875953886096,
      25434.889178800313,
      56209.64614824079,
      58816.13063074502,
      102291.18747167064,
      171456.60065148372,
      319352.11122384825,
      402822.78642758564,
      620985.9026655523,
      1068104.1258819522,
      1451281.3672523648,
      2253180.7447403576,
      3484039.5139786275,
      4978530.81277796,
      7051274.747947565,
      9871630.847337222,
      14464159.036783883,
      18591749.502327584,
      26283183.882149387,
      33664466.091645695,
      43428418.08884578,
      53578451.31018632,
      63949156.63059251,
      75616486.34068285,
      85042791.90319546,
      97331080.22536358,
      113619383.1704293,
      130136277.0082663,
      148245474.12788287,
      164413665.47906563,
      178203752.9620078,
      179457679.58827674,
      157560155.83695728,
      120599478.5580535,
      74045611.76064028,
      30172171.844042186,
      1825980.8826418098
   ],
   "N pairs": [
      65280,
      0,
      0,
      130050,
      0,
      0,
      324104,
      0,
      0,
      193800,
      258060,
      257048,
      449570,
      575312,
      511036,
      700020,
      1203734,
      1007972,
      1445380,
      1937042,
      2859272,
      2897116,
      3674690,
      5155474,
      5773520,
      7491838,
      9701238,
      11757186,
      14320938,
      17540114,
      22734900,
      26303374,
      34062188,
      40733820,
      50149068,
      60431004,
      72289830,
      87731826,
      102476376,
      120332462,
      140368314,
      158782298,
      178392398,
      192781200,
      200564162,
      196929652,
      173862636,
      123283452,
      50816154,
      14282052,
      1557090
   ],
   "Unweighted B(r)": [
      0.0008742963293557158,
      NaN,
      NaN,
      0.0021708132158296104,
      NaN,
      NaN,
      0.005030585682467693,
      NaN,
      NaN,
      0.008366840841057663,
      0.010804474963165504,
      0.013993995793578243,
      0.017933068455145338,
      0.023746377595826068,
      0.02934798322209413,
      0.03633451784063357,
      0.04669606918824324,
      0.05835095680311062,
      0.0707711380202235,
      0.08851465309037373,
      0.111690007534732,
      0.13904268466557282,
      0.16899001076704492,
      0.2071786465962106,
      0.25136855285031745,
      0.30075139701904363,
      0.35913349553723223,
      0.42344578139513656,
      0.4923752025144977,
      0.5628031178894973,
      0.6362094857150848,
      0.706819950259141,
      0.7716234753372093,
      0.8264500135672445,
      0.8659865441336972,
      0.8866053476488049,
      0.8846217598048371,
      0.8619048501359455,
      0.8298770431069445,
      0.8088513989297716,
      0.8094375427949452,
      0.8195893285803578,
      0.8310077996030014,
      0.8528511363092751,
      0.8885124400340665,
      0.9112781024377007,
      0.906233561516675,
      0.9782292481399165,
      1.4571274276412236,
      2.1125936135817307,
      1.172688080099294
   ],
   "Weighted B(r)": [
      0.0008742963293557158,
      NaN,
      NaN,
      0.0021708132158296104,
      NaN,
      NaN,
      0.005030585682467693,
      NaN,
      NaN,
      0.008366840841057663,
      0.010804474963165504,
      0.013993995793578243,
      0.017933068455145338,
      0.023746377595826068,
      0.02934798322209413,
      0.03633451784063357,
      0.04669606918824324,
      0.05835095680311062,
      0.0707711380202235,
      0.08851465309037373,
      0.111690007534732,
      0.13904268466557282,
      0.16899001076704492,
      0.2071786465962106,
      0.25136855285031745,
      0.30075139701904363,
      0.35913349553723223,
      0.42344578139513656,
      0.4923752025144977,
      0.5628031178894973,
      0.6362094857150848,
      0.706819950259141,
      0.7716234753372093,
      0.8264500135672445,
      0.8659865441336972,
      0.8866053476488049,
      0.8846217598048371,
      0.8619048501359455,
      0.8298770431069445,
      0.8088513989297716,
      0.8094375427949452,
      0.8195893285803578,
      0.8310077996030014,
      0.8528511363092751,
      0.8885124400340665,
      0.9112781024377007,
      0.906233561516675,
      0.9782292481399165,
      1.4571274276412236,
      2.1125936135817307,
      1.172688080099294
   ],
   "Unweighted sigma^2": 0.43037082322517795,
   "Apparent r0": 22.6616487811256
}