{
   "log10 r": [
      0.0,
      0.05,
      0.1,
      0.15000000000000002,
      0.2,
      0.25,
      0.30000000000000004,
      0.35000000000000003,
      0.4,
      0.45,
      0.5,
      0.55,
      0.6000000000000001,
      0.65,
      0.7000000000000001,
      0.75,
      0.8,
      0.8500000000000001,
      0.9,
      0.9500000000000001,
      1.0,
      1.05,
      1.1,
      1.1500000000000001,
      1.2000000000000002,
      1.25,
      1.3,
      1.35,
      1.4000000000000001,
      1.4500000000000002,
      1.5,
      1.55,
      1.6,
      1.6500000000000001,
      1.7000000000000002,
      1.75,
      1.8,
      1.85,
      1.9000000000000001,
      1.9500000000000002,
      2.0,
      2.0500000000000003,
      2.1,
      2.15,
      2.2,
      2.25,
      2.3000000000000003,
      2.35,
      2.4000000000000004,
      2.45,
      2.5
   ],
   "Sum dv^2": [
      71.16865389209502,
      0.0,
      0.0,
      342.15045501524236,
      0.0,
      0.0,
      1986.0321935569925,
      0.0,
      0.0,
      1988.2602887611474,
      3385.102419933494,
      4373.331186570513,
      9837.104110037491,
      16693.49902093862,
      18253.483894119472,
      31083.062159889083,
      68714.13570189032,
      71915.81360016337,
      125288.19885731433,
      210313.53841756764,
      392393.46716089535,
      496022.07914586505,
      766415.7910635858,
      1321267.6674245612,
      1799259.4483806246,
      2802414.0351129924,
      4342407.109533121,
      6228153.757626824,
      8839643.521695258,
      12420668.764316047,
      18280881.91826146,
      23645828.153383315,
      33765500.70888276,
      43938108.673488736,
      57940160.33732509,
      73696598.08565317,
      91619093.47896533,
      114235486.04275516,
      136233413.9815928,
      163827775.1081463,
      199646557.88744247,
      239355259.75259873,
      276845592.24642235,
      291198349.68132514,
      282301891.4544463,
      248360585.8993724,
      193733794.31964198,
      138255917.44842568,
      74507461.11245312,
      19895739.889432892,
      851520.9187311204
   ],
   "Sum weights": [
      65280.0,
      0.0,
      0.0,
      130050.0,
      0.0,
      0.0,
      324104.0,
      0.0,
      0.0,
      193800.0,
      258060.0,
      257048.0,
      449570.0,
      575312.0,
      511036.0,
      700020.0,
      1203734.0,
      1007972.0,
      1445380.0,
      1937042.0,
      2859272.0,
      2897116.0,
      3674690.0,
      5155474.0,
      5773520.0,
      7491838.0,
      9701238.0,
      11757186.0,
      14320938.0,
      17540114.0,
      22734900.0,
      26303374.0,
      34062188.0,
      40733820.0,
      50149068.0,
      60431004.0,
      72289830.0,
      87731826.0,
      102476376.0,
      120332462.0,
      140368314.0,
      158782298.0,
      178392398.0,
      192781200.0,
      200564162.0,
      196929652.0,
      173862636.0,
      123283452.0,
      50816154.0,
      14282052.0,
      1557090.0
   ],
   "Sum w * dv^2": [
      71.16865389209502,
      0.0,
      0.0,
      342.15045501524236,
      0.0,
      0.0,
      1986.0321935569925,
      0.0,
      0.0,
      1988.2602887611474,
      3385.102419933494,
      4373.331186570513,
      9837.104110037491,
      16693.49902093862,
      18253.483894119472,
      31083.062159889083,
      68714.13570189032,
      71915.81360016337,
      125288.19885731433,
      210313.53841756764,
      392393.46716089535,
      496022.07914586505,
      766415.7910635858,
      1321267.6674245612,
      1799259.4483806246,
      2802414.0351129924,
      4342407.109533121,
      6228153.757626824,
      8839643.521695258,
      12420668.764316047,
      18280881.91826146,
      23645828.153383315,
      33765500.70888276,
      43938108.673488736,
      57940160.33732509,
      73696598.08565317,
      91619093.47896533,
      114235486.04275516,
      136233413.9815928,
      163827775.1081463,
      199646557.88744247,
      239355259.75259873,
      276845592.24642235,
      291198349.68132514,
      282301891.4544463,
      248360585.8993724,
      193733794.31964198,
      138255917.44842568,
      74507461.11245312,
      19895739.889432892,
      851520.9187311204
   ],
   "N pairs": [
      65280,
      0,
      0,
      130050,
      0,
      0,
      324104,
      0,
      0,
      193800,
      258060,
      257048,
      449570,
      575312,
      511036,
      700020,
      1203734,
      1007972,
      1445380,
      1937042,
      2859272,
      2897116,
      3674690,
      5155474,
      5773520,
      7491838,
      9701238,
      11757186,
      14320938,
      17540114,
      22734900,
      26303374,
      34062188,
      40733820,
      50149068,
      60431004,
      72289830,
      87731826,
      102476376,
      120332462,
      140368314,
      158782298,
      178392398,
      192781200,
      200564162,
      196929652,
      173862636,
      123283452,
      50816154,
      14282052,
      1557090
   ],
   "Unweighted B(r)": [
      0.0010902060951607693,
      NaN,
      NaN,
      0.0026309146867761813,
      NaN,
      NaN,
      0.006127762056491104,
      NaN,
      NaN,
      0.0102593410152794,
      0.013117501433517375,
      0.01701367521463117,
      0.021881140000528262,
      0.029016427644371436,
      0.03571858713303852,
      0.044403105853960005,
      0.057084152895814456,
      0.07134703503684961,
      0.08668184066288058,
      0.1085745886860314,
      0.13723544565221335,
      0.17121236400125678,
      0.2085661079066767,
      0.2562844206807291,
      0.31163994380908433,
      0.374062284196881,
      0.44761370760444397,
      0.5297316685835219,
      0.6172531102149356,
      0.7081293065892301,
      0.8040889521511624,
      0.8989655910068158,
      0.9912898346072999,
      1.0786640848682676,
      1.1553586666321514,
      1.2195163609337547,
      1.2673856540949857,
      1.3020985798557887,
      1.329412878355425,
      1.361459512962897,
      1.4223050216834725,
      1.5074429754921341,
      1.551891198000614,
      1.510512174845499,
      1.4075390570247854,
      1.261163991186926,
      1.114292287157328,
      1.1214474871163218,
      1.4662160602011147,
      1.3930589168442247,
      0.5468668598033
   ],
   "Weighted B(r)": [
      0.0010902060951607693,
      NaN,
      NaN,
      0.0026309146867761813,
      NaN,
      NaN,
      0.006127762056491104,
      NaN,
      NaN,
      0.0102593410152794,
      0.013117501433517375,
      0.01701367521463117,
      0.021881140000528262,
      0.029016427644371436,
      0.03571858713303852,
      0.044403105853960005,
      0.057084152895814456,
      0.07134703503684961,
      0.08668184066288058,
      0.1085745886860314,
      0.13723544565221335,
      0.17121236400125678,
      0.2085661079066767,
      0.2562844206807291,
      0.31163994380908433,
      0.374062284196881,
      0.44761370760444397,
      0.5297316685835219,
      0.6172531102149356,
      0.7081293065892301,
      0.8040889521511624,
      0.8989655910068158,
      0.9912898346072999,
      1.0786640848682676,
      1.1553586666321514,
      1.2195163609337547,
      1.2673856540949857,
      1.3020985798557887,
      1.329412878355425,
      1.361459512962897,
      1.4223050216834725,
      1.5074429754921341,
      1.551891198000614,
      1.510512174845499,
      1.4075390570247854,
      1.261163991186926,
      1.114292287157328,
      1.1214474871163218,
      1.4662160602011147,
      1.3930589168442247,
      0.5468668598033
   ],
   "Unweighted sigma^2": 0.6454387925542084,
   "Apparent r0": 26.06947771275706
}