{
   "log10 r": [
      0.0,
      0.05,
      0.1,
      0.15000000000000002,
      0.2,
      0.25,
      0.30000000000000004,
      0.35000000000000003,
      0.4,
      0.45,
      0.5,
      0.55,
      0.6000000000000001,
      0.65,
      0.7000000000000001,
      0.75,
      0.8,
      0.8500000000000001,
      0.9,
      0.9500000000000001,
      1.0,
      1.05,
      1.1,
      1.1500000000000001,
      1.2000000000000002,
      1.25,
      1.3,
      1.35,
      1.4000000000000001,
      1.4500000000000002,
      1.5,
      1.55,
      1.6,
      1.6500000000000001,
      1.7000000000000002,
      1.75,
      1.8,
      1.85,
      1.9000000000000001,
      1.9500000000000002,
      2.0,
      2.0500000000000003,
      2.1,
      2.15,
      2.2,
      2.25,
      2.3000000000000003,
      2.35,
      2.4000000000000004,
      2.45,
      2.5
   ],
   "Sum dv^2": [
      40.94968213267057,
      0.0,
      0.0,
      264.3995017341469,
      0.0,
      0.0,
      1477.5633779650937,
      0.0,
      0.0,
      1410.1259157355098,
      2611.0309158089653,
      3382.9318355475825,
      7365.282882745304,
      12560.019141627085,
      14063.643991641819,
      23477.934945804744,
      52355.06388089289,
      55631.752284934955,
      95814.27690326945,
      161292.7890314401,
      299460.0486190836,
      381237.9660857823,
      586714.1626328771,
      1018928.7994158164,
      1382666.5557588288,
      2160640.622449363,
      3342116.0973287183,
      4813865.565474663,
      6843376.712342934,
      9666021.985964738,
      14294233.236815708,
      18607167.11609469,
      26766475.764779236,
      35241582.03243684,
      47423245.62990536,
      62166352.04719803,
      80792741.55840729,
      106475344.02093528,
      134175769.32926366,
      166740904.126636,
      199750197.6375005,
      225192009.0831208,
      246747319.99082386,
      255327907.8868225,
      255779848.6422014,
      267294220.0190156,
      239611722.93214267,
      135440972.89468414,
      44793419.205666125,
      10563821.795037368,
      325190.5624478927
   ],
   "Sum weights": [
      65280.0,
      0.0,
      0.0,
      130050.0,
      0.0,
      0.0,
      324104.0,
      0.0,
      0.0,
      193800.0,
      258060.0,
      257048.0,
      449570.0,
      575312.0,
      511036.0,
      700020.0,
      1203734.0,
      1007972.0,
      1445380.0,
      1937042.0,
      2859272.0,
      2897116.0,
      3674690.0,
      5155474.0,
      5773520.0,
      7491838.0,
      9701238.0,
      11757186.0,
      14320938.0,
      17540114.0,
      22734900.0,
      26303374.0,
      34062188.0,
      40733820.0,
      50149068.0,
      60431004.0,
      72289830.0,
      87731826.0,
      102476376.0,
      120332462.0,
      140368314.0,
      158782298.0,
      178392398.0,
      192781200.0,
      200564162.0,
      196929652.0,
      173862636.0,
      123283452.0,
      50816154.0,
      14282052.0,
      1557090.0
   ],
   "Sum w * dv^2": [
      40.94968213267057,
      0.0,
      0.0,
      264.3995017341469,
      0.0,
      0.0,
      1477.5633779650937,
      0.0,
      0.0,
      1410.1259157355098,
      2611.0309158089653,
      3382.9318355475825,
      7365.282882745304,
      12560.019141627085,
      14063.643991641819,
      23477.934945804744,
      52355.06388089289,
      55631.752284934955,
      95814.27690326945,
      161292.7890314401,
      299460.0486190836,
      381237.9660857823,
      586714.1626328771,
      1018928.7994158164,
      1382666.5557588288,
      2160640.622449363,
      3342116.0973287183,
      4813865.565474663,
      6843376.712342934,
      9666021.985964738,
      14294233.236815708,
      18607167.11609469,
      26766475.764779236,
      35241582.03243684,
      47423245.62990536,
      62166352.04719803,
      80792741.55840729,
      106475344.02093528,
      134175769.32926366,
      166740904.126636,
      199750197.6375005,
      225192009.0831208,
      246747319.99082386,
      255327907.8868225,
      255779848.6422014,
      267294220.0190156,
      239611722.93214267,
      135440972.89468414,
      44793419.205666125,
      10563821.795037368,
      325190.5624478927
   ],
   "N pairs": [
      65280,
      0,
      0,
      130050,
      0,
      0,
      324104,
      0,
      0,
      193800,
      258060,
      257048,
      449570,
      575312,
      511036,
      700020,
      1203734,
      1007972,
      1445380,
      1937042,
      2859272,
      2897116,
      3674690,
      5155474,
      5773520,
      7491838,
      9701238,
      11757186,
      14320938,
      17540114,
      22734900,
      26303374,
      34062188,
      40733820,
      50149068,
      60431004,
      72289830,
      87731826,
      102476376,
      120332462,
      140368314,
      158782298,
      178392398,
      192781200,
      200564162,
      196929652,
      173862636,
      123283452,
      50816154,
      14282052,
      1557090
   ],
   "Unweighted B(r)": [
      0.0006272929248264486,
      NaN,
      NaN,
      0.0020330603747339246,
      NaN,
      NaN,
      0.004558917439973261,
      NaN,
      NaN,
      0.0072761915156631055,
      0.010117921862392333,
      0.013160700863448003,
      0.016382950113987375,
      0.02183166549911541,
      0.027519869425327803,
      0.03353894880975507,
      0.043493881439664324,
      0.05519176354594667,
      0.06629002539350859,
      0.08326757449319122,
      0.10473297000742972,
      0.13159223382349283,
      0.15966358050145105,
      0.19764017807398823,
      0.23948415451212238,
      0.28839927164059914,
      0.34450408260561366,
      0.40944028319996495,
      0.47785813417689077,
      0.5510809100764532,
      0.6287352588670154,
      0.707406096118874,
      0.7858119908439011,
      0.8651676182699496,
      0.9456456026242672,
      1.0287161875913566,
      1.1176225142375809,
      1.213645593344145,
      1.3093336685643886,
      1.3856685166687273,
      1.4230433631731196,
      1.4182437961889227,
      1.3831717200798201,
      1.3244440219628393,
      1.275301858974194,
      1.3573081417876858,
      1.3781668588766978,
      1.0986143776594133,
      0.8814799169111879,
      0.7396571441580921,
      0.20884506512012324
   ],
   "Weighted B(r)": [
      0.0006272929248264486,
      NaN,
      NaN,
      0.0020330603747339246,
      NaN,
      NaN,
      0.004558917439973261,
      NaN,
      NaN,
      0.0072761915156631055,
      0.010117921862392333,
      0.013160700863448003,
      0.016382950113987375,
      0.02183166549911541,
      0.027519869425327803,
      0.03353894880975507,
      0.043493881439664324,
      0.05519176354594667,
      0.06629002539350859,
      0.08326757449319122,
      0.10473297000742972,
      0.13159223382349283,
      0.15966358050145105,
      0.19764017807398823,
      0.23948415451212238,
      0.28839927164059914,
      0.34450408260561366,
      0.40944028319996495,
      0.47785813417689077,
      0.5510809100764532,
      0.6287352588670154,
      0.707406096118874,
      0.7858119908439011,
      0.8651676182699496,
      0.9456456026242672,
      1.0287161875913566,
      1.1176225142375809,
      1.213645593344145,
      1.3093336685643886,
      1.3856685166687273,
      1.4230433631731196,
      1.4182437961889227,
      1.3831717200798201,
      1.3244440219628393,
      1.275301858974194,
      1.3573081417876858,
      1.3781668588766978,
      1.0986143776594133,
      0.8814799169111879,
      0.7396571441580921,
      0.20884506512012324
   ],
   "Unweighted sigma^2": 0.6081630802876332,
   "Apparent r0": 30.711731195250664
}