{
   "log10 r": [
      0.0,
      0.05,
      0.1,
      0.15000000000000002,
      0.2,
      0.25,
      0.30000000000000004,
      0.35000000000000003,
      0.4,
      0.45,
      0.5,
      0.55,
      0.6000000000000001,
      0.65,
      0.7000000000000001,
      0.75,
      0.8,
      0.8500000000000001,
      0.9,
      0.9500000000000001,
      1.0,
      1.05,
      1.1,
      1.1500000000000001,
      1.2000000000000002,
      1.25,
      1.3,
      1.35,
      1.4000000000000001,
      1.4500000000000002,
      1.5,
      1.55,
      1.6,
      1.6500000000000001,
      1.7000000000000002,
      1.75,
      1.8,
      1.85,
      1.9000000000000001,
      1.9500000000000002,
      2.0,
      2.0500000000000003,
      2.1,
      2.15,
      2.2,
      2.25,
      2.3000000000000003,
      2.35,
      2.4000000000000004,
      2.45,
      2.5
   ],
   "Sum dv^2": [
      385.9828927125425,
      0.0,
      0.0,
      1903.7931197548048,
      0.0,
      0.0,
      10756.514184916156,
      0.0,
      0.0,
      10439.782690281092,
      17730.326353845176,
      22332.58676435221,
      48861.66016692143,
      79669.94742843544,
      85248.86276860819,
      138744.07580984043,
      290659.5614988722,
      287476.32986567746,
      475799.4663845565,
      744997.8238435889,
      1288240.0583874262,
      1498914.3662461669,
      2151899.215045828,
      3411097.7001468255,
      4304543.3004323505,
      6203562.104933501,
      8932862.020550223,
      11885386.154881809,
      15774179.247559037,
      20698211.01297643,
      28388572.671520453,
      34207941.75234135,
      45488657.666888066,
      55152202.39601722,
      68012672.1202816,
      81308963.6728673,
      96126633.11468565,
      115290672.94816273,
      133535602.98402706,
      158995926.4579582,
      190082767.57054833,
      211603306.03764427,
      243826641.89564666,
      293199683.14697766,
      332870835.01466686,
      326378478.6800209,
      299778001.757522,
      238521124.29202363,
      112917770.86320592,
      27307403.860318217,
      1676762.3298993716
   ],
   "Sum weights": [
      65280.0,
      0.0,
      0.0,
      130050.0,
      0.0,
      0.0,
      324104.0,
      0.0,
      0.0,
      193800.0,
      258060.0,
      257048.0,
      449570.0,
      575312.0,
      511036.0,
      700020.0,
      1203734.0,
      1007972.0,
      1445380.0,
      1937042.0,
      2859272.0,
      2897116.0,
      3674690.0,
      5155474.0,
      5773520.0,
      7491838.0,
      9701238.0,
      11757186.0,
      14320938.0,
      17540114.0,
      22734900.0,
      26303374.0,
      34062188.0,
      40733820.0,
      50149068.0,
      60431004.0,
      72289830.0,
      87731826.0,
      102476376.0,
      120332462.0,
      140368314.0,
      158782298.0,
      178392398.0,
      192781200.0,
      200564162.0,
      196929652.0,
      173862636.0,
      123283452.0,
      50816154.0,
      14282052.0,
      1557090.0
   ],
   "Sum w * dv^2": [
      385.9828927125425,
      0.0,
      0.0,
      1903.7931197548048,
      0.0,
      0.0,
      10756.514184916156,
      0.0,
      0.0,
      10439.782690281092,
      17730.326353845176,
      22332.58676435221,
      48861.66016692143,
      79669.94742843544,
      85248.86276860819,
      138744.07580984043,
      290659.5614988722,
      287476.32986567746,
      475799.4663845565,
      744997.8238435889,
      1288240.0583874262,
      1498914.3662461669,
      2151899.215045828,
      3411097.7001468255,
      4304543.3004323505,
      6203562.104933501,
      8932862.020550223,
      11885386.154881809,
      15774179.247559037,
      20698211.01297643,
      28388572.671520453,
      34207941.75234135,
      45488657.666888066,
      55152202.39601722,
      68012672.1202816,
      81308963.6728673,
      96126633.11468565,
      115290672.94816273,
      133535602.98402706,
      158995926.4579582,
      190082767.57054833,
      211603306.03764427,
      243826641.89564666,
      293199683.14697766,
      332870835.01466686,
      326378478.6800209,
      299778001.757522,
      238521124.29202363,
      112917770.86320592,
      27307403.860318217,
      1676762.3298993716
   ],
   "N pairs": [
      65280,
      0,
      0,
      130050,
      0,
      0,
      324104,
      0,
      0,
      193800,
      258060,
      257048,
      449570,
      575312,
      511036,
      700020,
      1203734,
      1007972,
      1445380,
      1937042,
      2859272,
      2897116,
      3674690,
      5155474,
      5773520,
      7491838,
      9701238,
      11757186,
      14320938,
      17540114,
      22734900,
      26303374,
      34062188,
      40733820,
      50149068,
      60431004,
      72289830,
      87731826,
      102476376,
      120332462,
      140368314,
      158782298,
      178392398,
      192781200,
      200564162,
      196929652,
      173862636,
      123283452,
      50816154,
      14282052,
      1557090
   ],
   "Unweighted B(r)": [
      0.005912728135915173,
      NaN,
      NaN,
      0.014638932101151901,
      NaN,
      NaN,
      0.03318846476722335,
      NaN,
      NaN,
      0.053868847731068585,
      0.06870621697994721,
      0.08688099796284045,
      0.10868532190075278,
      0.1384812891586399,
      0.16681576790795205,
      0.19820015972377994,
      0.24146494283527106,
      0.28520269398919557,
      0.3291864190625002,
      0.384605921731996,
      0.45054827186340657,
      0.5173815498744845,
      0.5856002043834522,
      0.661645796321895,
      0.7455665348751456,
      0.8280427453094289,
      0.9207960902052112,
      1.0109039828817719,
      1.1014766803374916,
      1.1800499707685155,
      1.2486781411627257,
      1.3005153541268641,
      1.335459062902479,
      1.3539658788696278,
      1.3562100918860867,
      1.345484243036361,
      1.3297393715642387,
      1.3141259928656077,
      1.3030867034566782,
      1.3213053553076823,
      1.3541714803994036,
      1.3326630783341118,
      1.3667995084389564,
      1.520893547436045,
      1.659672554135902,
      1.6573353751725561,
      1.7242232641493023,
      1.9347375533581233,
      2.2220841597576615,
      1.9120084327040832,
      1.0768563987305626
   ],
   "Weighted B(r)": [
      0.005912728135915173,
      NaN,
      NaN,
      0.014638932101151901,
      NaN,
      NaN,
      0.03318846476722335,
      NaN,
      NaN,
      0.053868847731068585,
      0.06870621697994721,
      0.08688099796284045,
      0.10868532190075278,
      0.1384812891586399,
      0.16681576790795205,
      0.19820015972377994,
      0.24146494283527106,
      0.28520269398919557,
      0.3291864190625002,
      0.384605921731996,
      0.45054827186340657,
      0.5173815498744845,
      0.5856002043834522,
      0.661645796321895,
      0.7455665348751456,
      0.8280427453094289,
      0.9207960902052112,
      1.0109039828817719,
      1.1014766803374916,
      1.1800499707685155,
      1.2486781411627257,
      1.3005153541268641,
      1.335459062902479,
      1.3539658788696278,
      1.3562100918860867,
      1.345484243036361,
      1.3297393715642387,
      1.3141259928656077,
      1.3030867034566782,
      1.3213053553076823,
      1.3541714803994036,
      1.3326630783341118,
      1.3667995084389564,
      1.520893547436045,
      1.659672554135902,
      1.6573353751725561,
      1.7242232641493023,
      1.9347375533581233,
      2.2220841597576615,
      1.9120084327040832,
      1.0768563987305626
   ],
   "Unweighted sigma^2": 0.7412962521140716,
   "Apparent r0": 15.761229246533437
}