{
   "log10 r": [
      0.0,
      0.05,
      0.1,
      0.15000000000000002,
      0.2,
      0.25,
      0.30000000000000004,
      0.35000000000000003,
      0.4,
      0.45,
      0.5,
      0.55,
      0.6000000000000001,
      0.65,
      0.7000000000000001,
      0.75,
      0.8,
      0.8500000000000001,
      0.9,
      0.9500000000000001,
      1.0,
      1.05,
      1.1,
      1.1500000000000001,
      1.2000000000000002,
      1.25,
      1.3,
      1.35,
      1.4000000000000001,
      1.4500000000000002,
      1.5,
      1.55,
      1.6,
      1.6500000000000001,
      1.7000000000000002,
      1.75,
      1.8,
      1.85,
      1.9000000000000001,
      1.9500000000000002,
      2.0,
      2.0500000000000003,
      2.1,
      2.15,
      2.2,
      2.25,
      2.3000000000000003,
      2.35,
      2.4000000000000004,
      2.45,
      2.5
   ],
   "Sum dv^2": [
      775.584336986492,
      0.0,
      0.0,
      3822.6283497525146,
      0.0,
      0.0,
      20263.373684369497,
      0.0,
      0.0,
      18593.75612597224,
      31073.12248708891,
      37653.15013626134,
      79436.57561343155,
      123868.73460355242,
      129580.7346694338,
      203121.20501626655,
      410973.50066296384,
      395089.9114397337,
      638549.2922051093,
      975515.4331458106,
      1646654.969249845,
      1881908.7213066046,
      2656604.2253658595,
      4155933.228095456,
      5161030.167726656,
      7355669.36052664,
      10462573.510633621,
      13855601.109854568,
      18337227.48499795,
      24177514.720262054,
      33489491.89305121,
      40995063.41240073,
      55901368.71422382,
      70040460.44771379,
      89868170.22841844,
      112034703.2759118,
      136734094.15417317,
      167520301.70722702,
      198051107.50104332,
      234826606.75534275,
      281697883.34731936,
      336704651.6767706,
      385277429.5434801,
      401678684.25950515,
      397619431.49738425,
      363296929.9874398,
      293877211.00372547,
      205242153.03285125,
      103570437.50814576,
      27164752.332961157,
      1451702.9868400455
   ],
   "Sum weights": [
      65280.0,
      0.0,
      0.0,
      130050.0,
      0.0,
      0.0,
      324104.0,
      0.0,
      0.0,
      193800.0,
      258060.0,
      257048.0,
      449570.0,
      575312.0,
      511036.0,
      700020.0,
      1203734.0,
      1007972.0,
      1445380.0,
      1937042.0,
      2859272.0,
      2897116.0,
      3674690.0,
      5155474.0,
      5773520.0,
      7491838.0,
      9701238.0,
      11757186.0,
      14320938.0,
      17540114.0,
      22734900.0,
      26303374.0,
      34062188.0,
      40733820.0,
      50149068.0,
      60431004.0,
      72289830.0,
      87731826.0,
      102476376.0,
      120332462.0,
      140368314.0,
      158782298.0,
      178392398.0,
      192781200.0,
      200564162.0,
      196929652.0,
      173862636.0,
      123283452.0,
      50816154.0,
      14282052.0,
      1557090.0
   ],
   "Sum w * dv^2": [
      775.584336986492,
      0.0,
      0.0,
      3822.6283497525146,
      0.0,
      0.0,
      20263.373684369497,
      0.0,
      0.0,
      18593.75612597224,
      31073.12248708891,
      37653.15013626134,
      79436.57561343155,
      123868.73460355242,
      129580.7346694338,
      203121.20501626655,
      410973.50066296384,
      395089.9114397337,
      638549.2922051093,
      975515.4331458106,
      1646654.969249845,
      1881908.7213066046,
      2656604.2253658595,
      4155933.228095456,
      5161030.167726656,
      7355669.36052664,
      10462573.510633621,
      13855601.109854568,
      18337227.48499795,
      24177514.720262054,
      33489491.89305121,
      40995063.41240073,
      55901368.71422382,
      70040460.44771379,
      89868170.22841844,
      112034703.2759118,
      136734094.15417317,
      167520301.70722702,
      198051107.50104332,
      234826606.75534275,
      281697883.34731936,
      336704651.6767706,
      385277429.5434801,
      401678684.25950515,
      397619431.49738425,
      363296929.9874398,
      293877211.00372547,
      205242153.03285125,
      103570437.50814576,
      27164752.332961157,
      1451702.9868400455
   ],
   "N pairs": [
      65280,
      0,
      0,
      130050,
      0,
      0,
      324104,
      0,
      0,
      193800,
      258060,
      257048,
      449570,
      575312,
      511036,
      700020,
      1203734,
      1007972,
      1445380,
      1937042,
      2859272,
      2897116,
      3674690,
      5155474,
      5773520,
      7491838,
      9701238,
      11757186,
      14320938,
      17540114,
      22734900,
      26303374,
      34062188,
      40733820,
      50149068,
      60431004,
      72289830,
      87731826,
      102476376,
      120332462,
      140368314,
      158782298,
      178392398,
      192781200,
      200564162,
      196929652,
      173862636,
      123283452,
      50816154,
      14282052,
      1557090
   ],
   "Unweighted B(r)": [
      0.011880887515111703,
      NaN,
      NaN,
      0.029393528256459165,
      NaN,
      NaN,
      0.06252120826762242,
      NaN,
      NaN,
      0.09594301406590422,
      0.12041045682046388,
      0.1464829531303933,
      0.17669456505868172,
      0.21530705878471582,
      0.2535647873524249,
      0.290164859598678,
      0.3414155458456468,
      0.391965165143212,
      0.44178644522901195,
      0.5036108835770265,
      0.5759000784989483,
      0.6495800379779769,
      0.7229464867419726,
      0.8061204902004075,
      0.8939139671684962,
      0.9818244015055638,
      1.078478180891307,
      1.1784793665639524,
      1.2804487726291358,
      1.3784126329088884,
      1.4730432899661405,
      1.5585477137800166,
      1.6411561322550337,
      1.7194670288157063,
      1.792020745598272,
      1.853927551425619,
      1.8914706834166461,
      1.9094587374395584,
      1.9326513605540006,
      1.9514817768404236,
      2.006848093561339,
      2.12054275519284,
      2.159718877390056,
      2.0835988377471724,
      1.982504887874157,
      1.8448056262621122,
      1.6902838802221167,
      1.6647988817903254,
      2.038140027443749,
      1.9020202652224734,
      0.932317969314584
   ],
   "Weighted B(r)": [
      0.011880887515111703,
      NaN,
      NaN,
      0.029393528256459165,
      NaN,
      NaN,
      0.06252120826762242,
      NaN,
      NaN,
      0.09594301406590422,
      0.12041045682046388,
      0.1464829531303933,
      0.17669456505868172,
      0.21530705878471582,
      0.2535647873524249,
      0.290164859598678,
      0.3414155458456468,
      0.391965165143212,
      0.44178644522901195,
      0.5036108835770265,
      0.5759000784989483,
      0.6495800379779769,
      0.7229464867419726,
      0.8061204902004075,
      0.8939139671684962,
      0.9818244015055638,
      1.078478180891307,
      1.1784793665639524,
      1.2804487726291358,
      1.3784126329088884,
      1.4730432899661405,
      1.5585477137800166,
      1.6411561322550337,
      1.7194670288157063,
      1.792020745598272,
      1.853927551425619,
      1.8914706834166461,
      1.9094587374395584,
      1.9326513605540006,
      1.9514817768404236,
      2.006848093561339,
      2.12054275519284,
      2.159718877390056,
      2.0835988377471724,
      1.982504887874157,
      1.8448056262621122,
      1.6902838802221167,
      1.6647988817903254,
      2.038140027443749,
      1.9020202652224734,
      0.932317969314584
   ],
   "Unweighted sigma^2": 0.941725912461017,
   "Apparent r0": 16.900703688097817
}