{
   "log10 r": [
      0.0,
      0.05,
      0.1,
      0.15000000000000002,
      0.2,
      0.25,
      0.30000000000000004,
      0.35000000000000003,
      0.4,
      0.45,
      0.5,
      0.55,
      0.6000000000000001,
      0.65,
      0.7000000000000001,
      0.75,
      0.8,
      0.8500000000000001,
      0.9,
      0.9500000000000001,
      1.0,
      1.05,
      1.1,
      1.1500000000000001,
      1.2000000000000002,
      1.25,
      1.3,
      1.35,
      1.4000000000000001,
      1.4500000000000002,
      1.5,
      1.55,
      1.6,
      1.6500000000000001,
      1.7000000000000002,
      1.75,
      1.8,
      1.85,
      1.9000000000000001,
      1.9500000000000002,
      2.0,
      2.0500000000000003,
      2.1,
      2.15,
      2.2,
      2.25,
      2.3000000000000003,
      2.35,
      2.4000000000000004,
      2.45,
      2.5
   ],
   "Sum dv^2": [
      3.1529817843179293,
      0.0,
      0.0,
      20.622498650828575,
      0.0,
      0.0,
      115.1870159902628,
      0.0,
      0.0,
      110.07575002573608,
      204.03458318794105,
      264.7006940473661,
      577.4657768737868,
      987.7946746705575,
      1107.7036895803988,
      1857.7203842830017,
      4164.167303996402,
      4448.094589757632,
      7719.45424361292,
      13126.00950948372,
      24721.516553224956,
      31982.346124172134,
      50202.94431860399,
      89358.14653507202,
      125117.06567914039,
      202746.4742798334,
      328432.5170407824,
      499242.79394053755,
      755489.1092196471,
      1144392.3865683451,
      1836251.0705167288,
      2612540.994451822,
      4140695.8621934983,
      6039356.320563218,
      9002658.838463243,
      13025907.106368903,
      18502196.24584357,
      26342043.54534518,
      35546068.16865672,
      47262585.32550196,
      60945203.24616623,
      74244030.16162491,
      87298613.04032032,
      96753184.23177165,
      102418969.54496342,
      102047234.54621013,
      87795702.21879229,
      53972857.32598726,
      16663793.853494188,
      2649384.2914281245,
      74218.10695155067
   ],
   "Sum weights": [
      65280.0,
      0.0,
      0.0,
      130050.0,
      0.0,
      0.0,
      324104.0,
      0.0,
      0.0,
      193800.0,
      258060.0,
      257048.0,
      449570.0,
      575312.0,
      511036.0,
      700020.0,
      1203734.0,
      1007972.0,
      1445380.0,
      1937042.0,
      2859272.0,
      2897116.0,
      3674690.0,
      5155474.0,
      5773520.0,
      7491838.0,
      9701238.0,
      11757186.0,
      14320938.0,
      17540114.0,
      22734900.0,
      26303374.0,
      34062188.0,
      40733820.0,
      50149068.0,
      60431004.0,
      72289830.0,
      87731826.0,
      102476376.0,
      120332462.0,
      140368314.0,
      158782298.0,
      178392398.0,
      192781200.0,
      200564162.0,
      196929652.0,
      173862636.0,
      123283452.0,
      50816154.0,
      14282052.0,
      1557090.0
   ],
   "Sum w * dv^2": [
      3.1529817843179293,
      0.0,
      0.0,
      20.622498650828575,
      0.0,
      0.0,
      115.1870159902628,
      0.0,
      0.0,
      110.07575002573608,
      204.03458318794105,
      264.7006940473661,
      577.4657768737868,
      987.7946746705575,
      1107.7036895803988,
      1857.7203842830017,
      4164.167303996402,
      4448.094589757632,
      7719.45424361292,
      13126.00950948372,
      24721.516553224956,
      31982.346124172134,
      50202.94431860399,
      89358.14653507202,
      125117.06567914039,
      202746.4742798334,
      328432.5170407824,
      499242.79394053755,
      755489.1092196471,
      1144392.3865683451,
      1836251.0705167288,
      2612540.994451822,
      4140695.8621934983,
      6039356.320563218,
      9002658.838463243,
      13025907.106368903,
      18502196.24584357,
      26342043.54534518,
      35546068.16865672,
      47262585.32550196,
      60945203.24616623,
      74244030.16162491,
      87298613.04032032,
      96753184.23177165,
      102418969.54496342,
      102047234.54621013,
      87795702.21879229,
      53972857.32598726,
      16663793.853494188,
      2649384.2914281245,
      74218.10695155067
   ],
   "N pairs": [
      65280,
      0,
      0,
      130050,
      0,
      0,
      324104,
      0,
      0,
      193800,
      258060,
      257048,
      449570,
      575312,
      511036,
      700020,
      1203734,
      1007972,
      1445380,
      1937042,
      2859272,
      2897116,
      3674690,
      5155474,
      5773520,
      7491838,
      9701238,
      11757186,
      14320938,
      17540114,
      22734900,
      26303374,
      34062188,
      40733820,
      50149068,
      60431004,
      72289830,
      87731826,
      102476376,
      120332462,
      140368314,
      158782298,
      178392398,
      192781200,
      200564162,
      196929652,
      173862636,
      123283452,
      50816154,
      14282052,
      1557090
   ],
   "Unweighted B(r)": [
      4.829935331369377e-05,
      NaN,
      NaN,
      0.0001585736151543912,
      NaN,
      NaN,
      0.00035540140198906154,
      NaN,
      NaN,
      0.0005679863262421882,
      0.00079064784619058,
      0.0010297714592113771,
      0.0012844846784122314,
      0.001716972138023468,
      0.0021675648869754747,
      0.0026538104401059993,
      0.003459374998127827,
      0.004412914832711258,
      0.005340778372201719,
      0.006776316419305167,
      0.008646087729053044,
      0.011039373682024515,
      0.01366181754613423,
      0.017332673297367426,
      0.021670846499040514,
      0.02706231425183425,
      0.033854701538173,
      0.042462779268826537,
      0.052754163813826103,
      0.06524429582204228,
      0.0807679413816084,
      0.09932341738561075,
      0.12156282685638099,
      0.14826393204868135,
      0.17951796907697753,
      0.21555006940425653,
      0.2559446639429581,
      0.3002564148766855,
      0.34687085508036236,
      0.3927667109935968,
      0.43418063172124605,
      0.4675837993075583,
      0.48936285412969405,
      0.5018808070069677,
      0.5106543887185758,
      0.518191311007903,
      0.5049716502560808,
      0.4377948252616033,
      0.3279231610777586,
      0.18550445632239151,
      0.047664622437720794
   ],
   "Weighted B(r)": [
      4.829935331369377e-05,
      NaN,
      NaN,
      0.0001585736151543912,
      NaN,
      NaN,
      0.00035540140198906154,
      NaN,
      NaN,
      0.0005679863262421882,
      0.00079064784619058,
      0.0010297714592113771,
      0.0012844846784122314,
      0.001716972138023468,
      0.0021675648869754747,
      0.0026538104401059993,
      0.003459374998127827,
      0.004412914832711258,
      0.005340778372201719,
      0.006776316419305167,
      0.008646087729053044,
      0.011039373682024515,
      0.01366181754613423,
      0.017332673297367426,
      0.021670846499040514,
      0.02706231425183425,
      0.033854701538173,
      0.042462779268826537,
      0.052754163813826103,
      0.06524429582204228,
      0.0807679413816084,
      0.09932341738561075,
      0.12156282685638099,
      0.14826393204868135,
      0.17951796907697753,
      0.21555006940425653,
      0.2559446639429581,
      0.3002564148766855,
      0.34687085508036236,
      0.3927667109935968,
      0.43418063172124605,
      0.4675837993075583,
      0.48936285412969405,
      0.5018808070069677,
      0.5106543887185758,
      0.518191311007903,
      0.5049716502560808,
      0.4377948252616033,
      0.3279231610777586,
      0.18550445632239151,
      0.047664622437720794
   ],
   "Unweighted sigma^2": 0.19894503224136856,
   "Apparent r0": 53.41590667639993
}