{
   "log10 r": [
      0.0,
      0.05,
      0.1,
      0.15000000000000002,
      0.2,
      0.25,
      0.30000000000000004,
      0.35000000000000003,
      0.4,
      0.45,
      0.5,
      0.55,
      0.6000000000000001,
      0.65,
      0.7000000000000001,
      0.75,
      0.8,
      0.8500000000000001,
      0.9,
      0.9500000000000001,
      1.0,
      1.05,
      1.1,
      1.1500000000000001,
      1.2000000000000002,
      1.25,
      1.3,
      1.35,
      1.4000000000000001,
      1.4500000000000002,
      1.5,
      1.55,
      1.6,
      1.6500000000000001,
      1.7000000000000002,
      1.75,
      1.8,
      1.85,
      1.9000000000000001,
      1.9500000000000002,
      2.0,
      2.0500000000000003,
      2.1,
      2.15,
      2.2,
      2.25,
      2.3000000000000003,
      2.35,
      2.4000000000000004,
      2.45,
      2.5
   ],
   "Sum dv^2": [
      129.32411473510572,
      0.0,
      0.0,
      750.2454059398375,
      0.0,
      0.0,
      4209.191993829629,
      0.0,
      0.0,
      4043.733076558308,
      7266.295849730738,
      9350.348164974479,
      20364.931556893862,
      34277.4691428934,
      37811.426909323745,
      62596.93373753719,
      136774.5110885952,
      141974.52735284797,
      240481.8099695435,
      393523.6708964403,
      707538.6445805049,
      865151.87472528,
      1281979.5570085489,
      2120660.6340252846,
      2744290.6616286132,
      4072576.6483291565,
      5982502.791941414,
      8176307.8915476855,
      11098106.20888171,
      15043792.001926064,
      21453208.42408983,
      27048002.684737463,
      37742888.46636036,
      48218050.27369099,
      63098804.22264642,
      80846945.7582522,
      103292848.85095075,
      134327573.6088091,
      167555545.87191057,
      206714142.25628588,
      246555101.98037583,
      276880675.60677505,
      304540951.9893118,
      318648957.3531165,
      318903662.47238266,
      338701416.8204837,
      304852555.7707508,
      178407326.12084067,
      61452031.47952174,
      15285939.935787635,
      667088.3098447211
   ],
   "Sum weights": [
      65280.0,
      0.0,
      0.0,
      130050.0,
      0.0,
      0.0,
      324104.0,
      0.0,
      0.0,
      193800.0,
      258060.0,
      257048.0,
      449570.0,
      575312.0,
      511036.0,
      700020.0,
      1203734.0,
      1007972.0,
      1445380.0,
      1937042.0,
      2859272.0,
      2897116.0,
      3674690.0,
      5155474.0,
      5773520.0,
      7491838.0,
      9701238.0,
      11757186.0,
      14320938.0,
      17540114.0,
      22734900.0,
      26303374.0,
      34062188.0,
      40733820.0,
      50149068.0,
      60431004.0,
      72289830.0,
      87731826.0,
      102476376.0,
      120332462.0,
      140368314.0,
      158782298.0,
      178392398.0,
      192781200.0,
      200564162.0,
      196929652.0,
      173862636.0,
      123283452.0,
      50816154.0,
      14282052.0,
      1557090.0
   ],
   "Sum w * dv^2": [
      129.32411473510572,
      0.0,
      0.0,
      750.2454059398375,
      0.0,
      0.0,
      4209.191993829629,
      0.0,
      0.0,
      4043.733076558308,
      7266.295849730738,
      9350.348164974479,
      20364.931556893862,
      34277.4691428934,
      37811.426909323745,
      62596.93373753719,
      136774.5110885952,
      141974.52735284797,
      240481.8099695435,
      393523.6708964403,
      707538.6445805049,
      865151.87472528,
      1281979.5570085489,
      2120660.6340252846,
      2744290.6616286132,
      4072576.6483291565,
      5982502.791941414,
      8176307.8915476855,
      11098106.20888171,
      15043792.001926064,
      21453208.42408983,
      27048002.684737463,
      37742888.46636036,
      48218050.27369099,
      63098804.22264642,
      80846945.7582522,
      103292848.85095075,
      134327573.6088091,
      167555545.87191057,
      206714142.25628588,
      246555101.98037583,
      276880675.60677505,
      304540951.9893118,
      318648957.3531165,
      318903662.47238266,
      338701416.8204837,
      304852555.7707508,
      178407326.12084067,
      61452031.47952174,
      15285939.935787635,
      667088.3098447211
   ],
   "N pairs": [
      65280,
      0,
      0,
      130050,
      0,
      0,
      324104,
      0,
      0,
      193800,
      258060,
      257048,
      449570,
      575312,
      511036,
      700020,
      1203734,
      1007972,
      1445380,
      1937042,
      2859272,
      2897116,
      3674690,
      5155474,
      5773520,
      7491838,
      9701238,
      11757186,
      14320938,
      17540114,
      22734900,
      26303374,
      34062188,
      40733820,
      50149068,
      60431004,
      72289830,
      87731826,
      102476376,
      120332462,
      140368314,
      158782298,
      178392398,
      192781200,
      200564162,
      196929652,
      173862636,
      123283452,
      50816154,
      14282052,
      1557090
   ],
   "Unweighted B(r)": [
      0.0019810679340549284,
      NaN,
      NaN,
      0.00576889969965273,
      NaN,
      NaN,
      0.012987164594789415,
      NaN,
      NaN,
      0.02086549575107486,
      0.02815738917201712,
      0.03637588374534904,
      0.045298688873576666,
      0.0595806608290691,
      0.07398975201223347,
      0.08942163614973457,
      0.11362519550714294,
      0.1408516579357839,
      0.16637964408636033,
      0.20315701512741607,
      0.24745412279087295,
      0.2986252102868094,
      0.34886740296693025,
      0.4113415437698424,
      0.47532366071800447,
      0.5436018034999097,
      0.6166741597249149,
      0.6954306831198966,
      0.7749566549957628,
      0.8576792603472283,
      0.9436244902810142,
      1.0283092459825671,
      1.1080582511716617,
      1.1837350455638826,
      1.2582248631748534,
      1.3378388642732495,
      1.42887109917053,
      1.5311156707123492,
      1.6350650990225355,
      1.7178584965400765,
      1.756486880510482,
      1.7437754654915942,
      1.707140861402131,
      1.6529047300935802,
      1.5900331310056413,
      1.7199107060854588,
      1.7534104094151133,
      1.4471311698900244,
      1.2093011108145204,
      1.0702901750944216,
      0.42841987929067754
   ],
   "Weighted B(r)": [
      0.0019810679340549284,
      NaN,
      NaN,
      0.00576889969965273,
      NaN,
      NaN,
      0.012987164594789415,
      NaN,
      NaN,
      0.02086549575107486,
      0.02815738917201712,
      0.03637588374534904,
      0.045298688873576666,
      0.0595806608290691,
      0.07398975201223347,
      0.08942163614973457,
      0.11362519550714294,
      0.1408516579357839,
      0.16637964408636033,
      0.20315701512741607,
      0.24745412279087295,
      0.2986252102868094,
      0.34886740296693025,
      0.4113415437698424,
      0.47532366071800447,
      0.5436018034999097,
      0.6166741597249149,
      0.6954306831198966,
      0.7749566549957628,
      0.8576792603472283,
      0.9436244902810142,
      1.0283092459825671,
      1.1080582511716617,
      1.1837350455638826,
      1.2582248631748534,
      1.3378388642732495,
      1.42887109917053,
      1.5311156707123492,
      1.6350650990225355,
      1.7178584965400765,
      1.756486880510482,
      1.7437754654915942,
      1.707140861402131,
      1.6529047300935802,
      1.5900331310056413,
      1.7199107060854588,
      1.7534104094151133,
      1.4471311698900244,
      1.2093011108145204,
      1.0702901750944216,
      0.42841987929067754
   ],
   "Unweighted sigma^2": 0.7726636882694387,
   "Apparent r0": 25.040102759251067
}