{
   "log10 r": [
      0.0,
      0.05,
      0.1,
      0.15000000000000002,
      0.2,
      0.25,
      0.30000000000000004,
      0.35000000000000003,
      0.4,
      0.45,
      0.5,
      0.55,
      0.6000000000000001,
      0.65,
      0.7000000000000001,
      0.75,
      0.8,
      0.8500000000000001,
      0.9,
      0.9500000000000001,
      1.0,
      1.05,
      1.1,
      1.1500000000000001,
      1.2000000000000002,
      1.25,
      1.3,
      1.35,
      1.4000000000000001,
      1.4500000000000002,
      1.5,
      1.55,
      1.6,
      1.6500000000000001,
      1.7000000000000002,
      1.75,
      1.8,
      1.85,
      1.9000000000000001,
      1.9500000000000002,
      2.0,
      2.0500000000000003,
      2.1,
      2.15,
      2.2,
      2.25,
      2.3000000000000003,
      2.35,
      2.4000000000000004,
      2.45,
      2.5
   ],
   "Sum dv^2": [
      754.6766741455292,
      0.0,
      0.0,
      3726.5366419723123,
      0.0,
      0.0,
      19895.87121954643,
      0.0,
      0.0,
      18244.7899725082,
      30438.905463839026,
      36756.894374705626,
      77410.01376376314,
      120214.23824129706,
      125185.06895619733,
      195678.48142070245,
      394172.8686082778,
      377715.4221024126,
      608530.9086496967,
      927278.1274084655,
      1560595.6089822152,
      1777958.0554252393,
      2496174.9629355934,
      3870073.6811371646,
      4764368.301884186,
      6729913.392210147,
      9515060.030390903,
      12483067.41440483,
      16398126.016691271,
      21480024.22227026,
      29704567.293237306,
      36386831.2697024,
      49390415.10278305,
      61239218.025980346,
      77477622.95296264,
      94842875.37572642,
      112684856.96852265,
      133048172.72681972,
      150513038.48344043,
      173450197.5396368,
      204455709.9291066,
      233018358.21768168,
      263402437.67016125,
      290552618.7489568,
      310779069.4468958,
      308419106.6679721,
      274162126.14837235,
      201436672.776451,
      110544281.31084739,
      44039140.324883066,
      2801505.3092656527
   ],
   "Sum weights": [
      65280.0,
      0.0,
      0.0,
      130050.0,
      0.0,
      0.0,
      324104.0,
      0.0,
      0.0,
      193800.0,
      258060.0,
      257048.0,
      449570.0,
      575312.0,
      511036.0,
      700020.0,
      1203734.0,
      1007972.0,
      1445380.0,
      1937042.0,
      2859272.0,
      2897116.0,
      3674690.0,
      5155474.0,
      5773520.0,
      7491838.0,
      9701238.0,
      11757186.0,
      14320938.0,
      17540114.0,
      22734900.0,
      26303374.0,
      34062188.0,
      40733820.0,
      50149068.0,
      60431004.0,
      72289830.0,
      87731826.0,
      102476376.0,
      120332462.0,
      140368314.0,
      158782298.0,
      178392398.0,
      192781200.0,
      200564162.0,
      196929652.0,
      173862636.0,
      123283452.0,
      50816154.0,
      14282052.0,
      1557090.0
   ],
   "Sum w * dv^2": [
      754.6766741455292,
      0.0,
      0.0,
      3726.5366419723123,
      0.0,
      0.0,
      19895.87121954643,
      0.0,
      0.0,
      18244.7899725082,
      30438.905463839026,
      36756.894374705626,
      77410.01376376314,
      120214.23824129706,
      125185.06895619733,
      195678.48142070245,
      394172.8686082778,
      377715.4221024126,
      608530.9086496967,
      927278.1274084655,
      1560595.6089822152,
      1777958.0554252393,
      2496174.9629355934,
      3870073.6811371646,
      4764368.301884186,
      6729913.392210147,
      9515060.030390903,
      12483067.41440483,
      16398126.016691271,
      21480024.22227026,
      29704567.293237306,
      36386831.2697024,
      49390415.10278305,
      61239218.025980346,
      77477622.95296264,
      94842875.37572642,
      112684856.96852265,
      133048172.72681972,
      150513038.48344043,
      173450197.5396368,
      204455709.9291066,
      233018358.21768168,
      263402437.67016125,
      290552618.7489568,
      310779069.4468958,
      308419106.6679721,
      274162126.14837235,
      201436672.776451,
      110544281.31084739,
      44039140.324883066,
      2801505.3092656527
   ],
   "N pairs": [
      65280,
      0,
      0,
      130050,
      0,
      0,
      324104,
      0,
      0,
      193800,
      258060,
      257048,
      449570,
      575312,
      511036,
      700020,
      1203734,
      1007972,
      1445380,
      1937042,
      2859272,
      2897116,
      3674690,
      5155474,
      5773520,
      7491838,
      9701238,
      11757186,
      14320938,
      17540114,
      22734900,
      26303374,
      34062188,
      40733820,
      50149068,
      60431004,
      72289830,
      87731826,
      102476376,
      120332462,
      140368314,
      158782298,
      178392398,
      192781200,
      200564162,
      196929652,
      173862636,
      123283452,
      50816154,
      14282052,
      1557090
   ],
   "Unweighted B(r)": [
      0.011560610817180288,
      NaN,
      NaN,
      0.02865464545922578,
      NaN,
      NaN,
      0.06138730536971598,
      NaN,
      NaN,
      0.09414236311923735,
      0.11795282284677605,
      0.1429962278434597,
      0.17218678684912947,
      0.20895485969577735,
      0.2449633077830081,
      0.2795327010952579,
      0.32745844896653065,
      0.3747280897707601,
      0.4210179389846938,
      0.4787083230040781,
      0.5458017316933175,
      0.6136992980002317,
      0.6792885829649831,
      0.7506727181898628,
      0.8252103226253977,
      0.8982993748944047,
      0.9808088442311077,
      1.0617393834208992,
      1.1450455282112995,
      1.2246228400950108,
      1.3065624785346452,
      1.3833522372339913,
      1.4500071194129704,
      1.5033998290850292,
      1.544946417607654,
      1.569440669490224,
      1.5587926679108617,
      1.5165325833617065,
      1.4687584042144546,
      1.4414248213390397,
      1.456565973493894,
      1.4675336051483627,
      1.4765339813984744,
      1.5071626214016554,
      1.5495244332180131,
      1.5661384841525647,
      1.5768892756714694,
      1.6339311522235036,
      2.1753767770549377,
      3.0835303165737713,
      1.799192923508373
   ],
   "Weighted B(r)": [
      0.011560610817180288,
      NaN,
      NaN,
      0.02865464545922578,
      NaN,
      NaN,
      0.06138730536971598,
      NaN,
      NaN,
      0.09414236311923735,
      0.11795282284677605,
      0.1429962278434597,
      0.17218678684912947,
      0.20895485969577735,
      0.2449633077830081,
      0.2795327010952579,
      0.32745844896653065,
      0.3747280897707601,
      0.4210179389846938,
      0.4787083230040781,
      0.5458017316933175,
      0.6136992980002317,
      0.6792885829649831,
      0.7506727181898628,
      0.8252103226253977,
      0.8982993748944047,
      0.9808088442311077,
      1.0617393834208992,
      1.1450455282112995,
      1.2246228400950108,
      1.3065624785346452,
      1.3833522372339913,
      1.4500071194129704,
      1.5033998290850292,
      1.544946417607654,
      1.569440669490224,
      1.5587926679108617,
      1.5165325833617065,
      1.4687584042144546,
      1.4414248213390397,
      1.456565973493894,
      1.4675336051483627,
      1.4765339813984744,
      1.5071626214016554,
      1.5495244332180131,
      1.5661384841525647,
      1.5768892756714694,
      1.6339311522235036,
      2.1753767770549377,
      3.0835303165737713,
      1.799192923508373
   ],
   "Unweighted sigma^2": 0.7585569267247084,
   "Apparent r0": 14.307684480708431
}