{
   "log10 r": [
      0.0,
      0.05,
      0.1,
      0.15000000000000002,
      0.2,
      0.25,
      0.30000000000000004,
      0.35000000000000003,
      0.4,
      0.45,
      0.5,
      0.55,
      0.6000000000000001,
      0.65,
      0.7000000000000001,
      0.75,
      0.8,
      0.8500000000000001,
      0.9,
      0.9500000000000001,
      1.0,
      1.05,
      1.1,
      1.1500000000000001,
      1.2000000000000002,
      1.25,
      1.3,
      1.35,
      1.4000000000000001,
      1.4500000000000002,
      1.5,
      1.55,
      1.6,
      1.6500000000000001,
      1.7000000000000002,
      1.75,
      1.8,
      1.85,
      1.9000000000000001,
      1.9500000000000002,
      2.0,
      2.0500000000000003,
      2.1,
      2.15,
      2.2,
      2.25,
      2.3000000000000003,
      2.35,
      2.4000000000000004,
      2.45,
      2.5
   ],
   "Sum dv^2": [
      466.06798455233354,
      0.0,
      0.0,
      2284.599545496278,
      0.0,
      0.0,
      12790.650725749983,
      0.0,
      0.0,
      12370.962966534882,
      20892.296484404244,
      26378.172939636235,
      57354.72299710616,
      93565.29895740995,
      99694.11667651459,
      162203.99338490094,
      339539.1684414224,
      335840.0529300132,
      554944.6276950756,
      868493.2882167024,
      1500244.6852093972,
      1745132.553087858,
      2503323.0504857074,
      3966462.816605935,
      5001326.946850683,
      7204166.250346025,
      10367522.363846015,
      13787373.736477917,
      18288458.75396907,
      23988528.986721702,
      32894784.09287044,
      39630971.0278212,
      52689840.84417649,
      63856692.6946313,
      78685307.73169838,
      93993992.50311548,
      110992685.42931063,
      132941443.59481941,
      153765744.64159903,
      182830181.6663629,
      218572144.59100825,
      243331663.11679778,
      280499945.7498857,
      336605820.8596768,
      380794006.65880156,
      371788919.3157133,
      339642045.94631875,
      266890968.28546363,
      124330731.65743922,
      29122247.805938706,
      1688959.3762260915
   ],
   "Sum weights": [
      65280.0,
      0.0,
      0.0,
      130050.0,
      0.0,
      0.0,
      324104.0,
      0.0,
      0.0,
      193800.0,
      258060.0,
      257048.0,
      449570.0,
      575312.0,
      511036.0,
      700020.0,
      1203734.0,
      1007972.0,
      1445380.0,
      1937042.0,
      2859272.0,
      2897116.0,
      3674690.0,
      5155474.0,
      5773520.0,
      7491838.0,
      9701238.0,
      11757186.0,
      14320938.0,
      17540114.0,
      22734900.0,
      26303374.0,
      34062188.0,
      40733820.0,
      50149068.0,
      60431004.0,
      72289830.0,
      87731826.0,
      102476376.0,
      120332462.0,
      140368314.0,
      158782298.0,
      178392398.0,
      192781200.0,
      200564162.0,
      196929652.0,
      173862636.0,
      123283452.0,
      50816154.0,
      14282052.0,
      1557090.0
   ],
   "Sum w * dv^2": [
      466.06798455233354,
      0.0,
      0.0,
      2284.599545496278,
      0.0,
      0.0,
      12790.650725749983,
      0.0,
      0.0,
      12370.962966534882,
      20892.296484404244,
      26378.172939636235,
      57354.72299710616,
      93565.29895740995,
      99694.11667651459,
      162203.99338490094,
      339539.1684414224,
      335840.0529300132,
      554944.6276950756,
      868493.2882167024,
      1500244.6852093972,
      1745132.553087858,
      2503323.0504857074,
      3966462.816605935,
      5001326.946850683,
      7204166.250346025,
      10367522.363846015,
      13787373.736477917,
      18288458.75396907,
      23988528.986721702,
      32894784.09287044,
      39630971.0278212,
      52689840.84417649,
      63856692.6946313,
      78685307.73169838,
      93993992.50311548,
      110992685.42931063,
      132941443.59481941,
      153765744.64159903,
      182830181.6663629,
      218572144.59100825,
      243331663.11679778,
      280499945.7498857,
      336605820.8596768,
      380794006.65880156,
      371788919.3157133,
      339642045.94631875,
      266890968.28546363,
      124330731.65743922,
      29122247.805938706,
      1688959.3762260915
   ],
   "N pairs": [
      65280,
      0,
      0,
      130050,
      0,
      0,
      324104,
      0,
      0,
      193800,
      258060,
      257048,
      449570,
      575312,
      511036,
      700020,
      1203734,
      1007972,
      1445380,
      1937042,
      2859272,
      2897116,
      3674690,
      5155474,
      5773520,
      7491838,
      9701238,
      11757186,
      14320938,
      17540114,
      22734900,
      26303374,
      34062188,
      40733820,
      50149068,
      60431004,
      72289830,
      87731826,
      102476376,
      120332462,
      140368314,
      158782298,
      178392398,
      192781200,
      200564162,
      196929652,
      173862636,
      123283452,
      50816154,
      14282052,
      1557090
   ],
   "Unweighted B(r)": [
      0.007139521822186482,
      NaN,
      NaN,
      0.017567086086092105,
      NaN,
      NaN,
      0.039464649389547746,
      NaN,
      NaN,
      0.06383365823805409,
      0.0809590656607155,
      0.10261963889871244,
      0.12757684675824935,
      0.16263401242701342,
      0.19508237516831414,
      0.23171337016785368,
      0.28207159425705547,
      0.33318391079317006,
      0.38394375714004314,
      0.4483605870273863,
      0.5246946373795138,
      0.6023688913691609,
      0.6812338048884959,
      0.7693691824662359,
      0.8662526408240869,
      0.9616019794269478,
      1.068680344080417,
      1.1726763305843693,
      1.2770433580516214,
      1.367638145722525,
      1.4468849255052998,
      1.506687736250916,
      1.546871881635334,
      1.5676578502735885,
      1.5690283163726668,
      1.555393527850629,
      1.5353845129987251,
      1.5153160449985323,
      1.5004994384422712,
      1.5193753923722007,
      1.5571330762796527,
      1.532486090589253,
      1.5723761152080353,
      1.746051071679587,
      1.8986144028004444,
      1.887927569768484,
      1.9535079748032738,
      2.1648563854738887,
      2.4466773234637005,
      2.0390800849862964,
      1.0846896301601652
   ],
   "Weighted B(r)": [
      0.007139521822186482,
      NaN,
      NaN,
      0.017567086086092105,
      NaN,
      NaN,
      0.039464649389547746,
      NaN,
      NaN,
      0.06383365823805409,
      0.0809590656607155,
      0.10261963889871244,
      0.12757684675824935,
      0.16263401242701342,
      0.19508237516831414,
      0.23171337016785368,
      0.28207159425705547,
      0.33318391079317006,
      0.38394375714004314,
      0.4483605870273863,
      0.5246946373795138,
      0.6023688913691609,
      0.6812338048884959,
      0.7693691824662359,
      0.8662526408240869,
      0.9616019794269478,
      1.068680344080417,
      1.1726763305843693,
      1.2770433580516214,
      1.367638145722525,
      1.4468849255052998,
      1.506687736250916,
      1.546871881635334,
      1.5676578502735885,
      1.5690283163726668,
      1.555393527850629,
      1.5353845129987251,
      1.5153160449985323,
      1.5004994384422712,
      1.5193753923722007,
      1.5571330762796527,
      1.532486090589253,
      1.5723761152080353,
      1.746051071679587,
      1.8986144028004444,
      1.887927569768484,
      1.9535079748032738,
      2.1648563854738887,
      2.4466773234637005,
      2.0390800849862964,
      1.0846896301601652
   ],
   "Unweighted sigma^2": 0.8472296873824813,
   "Apparent r0": 15.510513631148024
}