{
   "log10 r": [
      0.0,
      0.05,
      0.1,
      0.15000000000000002,
      0.2,
      0.25,
      0.30000000000000004,
      0.35000000000000003,
      0.4,
      0.45,
      0.5,
      0.55,
      0.6000000000000001,
      0.65,
      0.7000000000000001,
      0.75,
      0.8,
      0.8500000000000001,
      0.9,
      0.9500000000000001,
      1.0,
      1.05,
      1.1,
      1.1500000000000001,
      1.2000000000000002,
      1.25,
      1.3,
      1.35,
      1.4000000000000001,
      1.4500000000000002,
      1.5,
      1.55,
      1.6,
      1.6500000000000001,
      1.7000000000000002,
      1.75,
      1.8,
      1.85,
      1.9000000000000001,
      1.9500000000000002,
      2.0,
      2.0500000000000003,
      2.1,
      2.15,
      2.2,
      2.25,
      2.3000000000000003,
      2.35,
      2.4000000000000004,
      2.45,
      2.5
   ],
   "Sum dv^2": [
      781.2492173066854,
      0.0,
      0.0,
      4014.9550081092934,
      0.0,
      0.0,
      21341.661933686297,
      0.0,
      0.0,
      19401.56427013395,
      32900.52032499573,
      39677.40242323966,
      83118.49861078801,
      128789.7539522939,
      135261.96279388157,
      209695.75447747877,
      422039.32881682675,
      403925.63561803923,
      648131.960969417,
      983778.9669019636,
      1648818.6690850777,
      1875145.1294565194,
      2631130.857094891,
      4104388.0860459204,
      5060597.907713394,
      7169935.203291133,
      10097189.085183714,
      13259502.151054317,
      17406554.02764936,
      22950268.283122808,
      32016762.790045254,
      39658979.2447496,
      54447750.54119556,
      68384022.588828,
      88066690.11021797,
      111413730.06508884,
      140852226.50388435,
      181023647.4856617,
      223799613.02147794,
      274423850.585359,
      326867538.24266356,
      366867262.1837993,
      405635563.7509798,
      428818430.17882705,
      431553757.7732718,
      458940719.0441057,
      415566918.15522414,
      256151887.8264791,
      92934165.15268351,
      24703199.949929878,
      1626053.2154729378
   ],
   "Sum weights": [
      65280.0,
      0.0,
      0.0,
      130050.0,
      0.0,
      0.0,
      324104.0,
      0.0,
      0.0,
      193800.0,
      258060.0,
      257048.0,
      449570.0,
      575312.0,
      511036.0,
      700020.0,
      1203734.0,
      1007972.0,
      1445380.0,
      1937042.0,
      2859272.0,
      2897116.0,
      3674690.0,
      5155474.0,
      5773520.0,
      7491838.0,
      9701238.0,
      11757186.0,
      14320938.0,
      17540114.0,
      22734900.0,
      26303374.0,
      34062188.0,
      40733820.0,
      50149068.0,
      60431004.0,
      72289830.0,
      87731826.0,
      102476376.0,
      120332462.0,
      140368314.0,
      158782298.0,
      178392398.0,
      192781200.0,
      200564162.0,
      196929652.0,
      173862636.0,
      123283452.0,
      50816154.0,
      14282052.0,
      1557090.0
   ],
   "Sum w * dv^2": [
      781.2492173066854,
      0.0,
      0.0,
      4014.9550081092934,
      0.0,
      0.0,
      21341.661933686297,
      0.0,
      0.0,
      19401.56427013395,
      32900.52032499573,
      39677.40242323966,
      83118.49861078801,
      128789.7539522939,
      135261.96279388157,
      209695.75447747877,
      422039.32881682675,
      403925.63561803923,
      648131.960969417,
      983778.9669019636,
      1648818.6690850777,
      1875145.1294565194,
      2631130.857094891,
      4104388.0860459204,
      5060597.907713394,
      7169935.203291133,
      10097189.085183714,
      13259502.151054317,
      17406554.02764936,
      22950268.283122808,
      32016762.790045254,
      39658979.2447496,
      54447750.54119556,
      68384022.588828,
      88066690.11021797,
      111413730.06508884,
      140852226.50388435,
      181023647.4856617,
      223799613.02147794,
      274423850.585359,
      326867538.24266356,
      366867262.1837993,
      405635563.7509798,
      428818430.17882705,
      431553757.7732718,
      458940719.0441057,
      415566918.15522414,
      256151887.8264791,
      92934165.15268351,
      24703199.949929878,
      1626053.2154729378
   ],
   "N pairs": [
      65280,
      0,
      0,
      130050,
      0,
      0,
      324104,
      0,
      0,
      193800,
      258060,
      257048,
      449570,
      575312,
      511036,
      700020,
      1203734,
      1007972,
      1445380,
      1937042,
      2859272,
      2897116,
      3674690,
      5155474,
      5773520,
      7491838,
      9701238,
      11757186,
      14320938,
      17540114,
      22734900,
      26303374,
      34062188,
      40733820,
      50149068,
      60431004,
      72289830,
      87731826,
      102476376,
      120332462,
      140368314,
      158782298,
      178392398,
      192781200,
      200564162,
      196929652,
      173862636,
      123283452,
      50816154,
      14282052,
      1557090
   ],
   "Unweighted B(r)": [
      0.011967665706291137,
      NaN,
      NaN,
      0.03087239529495804,
      NaN,
      NaN,
      0.06584819049961216,
      NaN,
      NaN,
      0.10011127074372522,
      0.12749174736493732,
      0.15435795035650798,
      0.18488444204637322,
      0.22386071201764243,
      0.2646818674102834,
      0.29955680477340474,
      0.3506084640101773,
      0.40073100802208717,
      0.44841630641728614,
      0.5078769416987157,
      0.576656809525319,
      0.6472454432119803,
      0.7160143732110439,
      0.796122351901284,
      0.8765186416109052,
      0.9570328674073215,
      1.0408144903963508,
      1.1277785476094635,
      1.2154618662303658,
      1.3084446476871705,
      1.4082649490450916,
      1.5077525508609504,
      1.5984807124309088,
      1.6788021007808254,
      1.7560982411521182,
      1.8436518126537966,
      1.9484376502736878,
      2.063374897561823,
      2.1839142030303447,
      2.280547127718196,
      2.3286419059123524,
      2.31050480314751,
      2.2738388423422604,
      2.224378882270818,
      2.15169925409342,
      2.3304805263359003,
      2.39020256287397,
      2.0777475295425627,
      1.8288311459518072,
      1.729667414033353,
      1.0442898069301954
   ],
   "Weighted B(r)": [
      0.011967665706291137,
      NaN,
      NaN,
      0.03087239529495804,
      NaN,
      NaN,
      0.06584819049961216,
      NaN,
      NaN,
      0.10011127074372522,
      0.12749174736493732,
      0.15435795035650798,
      0.18488444204637322,
      0.22386071201764243,
      0.2646818674102834,
      0.29955680477340474,
      0.3506084640101773,
      0.40073100802208717,
      0.44841630641728614,
      0.5078769416987157,
      0.576656809525319,
      0.6472454432119803,
      0.7160143732110439,
      0.796122351901284,
      0.8765186416109052,
      0.9570328674073215,
      1.0408144903963508,
      1.1277785476094635,
      1.2154618662303658,
      1.3084446476871705,
      1.4082649490450916,
      1.5077525508609504,
      1.5984807124309088,
      1.6788021007808254,
      1.7560982411521182,
      1.8436518126537966,
      1.9484376502736878,
      2.063374897561823,
      2.1839142030303447,
      2.280547127718196,
      2.3286419059123524,
      2.31050480314751,
      2.2738388423422604,
      2.224378882270818,
      2.15169925409342,
      2.3304805263359003,
      2.39020256287397,
      2.0777475295425627,
      1.8288311459518072,
      1.729667414033353,
      1.0442898069301954
   ],
   "Unweighted sigma^2": 1.0541622930690875,
   "Apparent r0": 20.326299406349488
}