{
   "log10 r": [
      0.0,
      0.05,
      0.1,
      0.15000000000000002,
      0.2,
      0.25,
      0.30000000000000004,
      0.35000000000000003,
      0.4,
      0.45,
      0.5,
      0.55,
      0.6000000000000001,
      0.65,
      0.7000000000000001,
      0.75,
      0.8,
      0.8500000000000001,
      0.9,
      0.9500000000000001,
      1.0,
      1.05,
      1.1,
      1.1500000000000001,
      1.2000000000000002,
      1.25,
      1.3,
      1.35,
      1.4000000000000001,
      1.4500000000000002,
      1.5,
      1.55,
      1.6,
      1.6500000000000001,
      1.7000000000000002,
      1.75,
      1.8,
      1.85,
      1.9000000000000001,
      1.9500000000000002,
      2.0,
      2.0500000000000003,
      2.1,
      2.15,
      2.2,
      2.25,
      2.3000000000000003,
      2.35,
      2.4000000000000004,
      2.45,
      2.5
   ],
   "Sum dv^2": [
      1.7777576526201422,
      0.0,
      0.0,
      6.589641542327552,
      0.0,
      0.0,
      39.978613736776886,
      0.0,
      0.0,
      42.180532920370375,
      65.61231792787078,
      85.04131298274304,
      198.2755208621153,
      337.2358742237286,
      358.43880243121987,
      628.4802038245098,
      1387.062524835359,
      1443.3219668569868,
      2560.7300314267472,
      4342.03549791319,
      8257.61647903366,
      10594.044838372165,
      16780.848534835128,
      29624.14403097305,
      41800.965338148155,
      67728.86680070288,
      110249.74770535697,
      167599.88209841977,
      253852.16154248652,
      384048.81054841756,
      615373.1509495745,
      871755.2195114238,
      1371936.091028997,
      1977374.7066135155,
      2892077.7523468914,
      4075571.123493386,
      5584648.4349532835,
      7592623.989321911,
      9681007.242026871,
      12069770.011964392,
      14552183.865551444,
      16582790.763558766,
      18297400.822891485,
      18799362.423770797,
      17733026.694229472,
      15016460.911251524,
      11772661.97384178,
      8855719.169898784,
      4966475.199856154,
      1702431.8637275728,
      183228.3447757851
   ],
   "Sum weights": [
      65280.0,
      0.0,
      0.0,
      130050.0,
      0.0,
      0.0,
      324104.0,
      0.0,
      0.0,
      193800.0,
      258060.0,
      257048.0,
      449570.0,
      575312.0,
      511036.0,
      700020.0,
      1203734.0,
      1007972.0,
      1445380.0,
      1937042.0,
      2859272.0,
      2897116.0,
      3674690.0,
      5155474.0,
      5773520.0,
      7491838.0,
      9701238.0,
      11757186.0,
      14320938.0,
      17540114.0,
      22734900.0,
      26303374.0,
      34062188.0,
      40733820.0,
      50149068.0,
      60431004.0,
      72289830.0,
      87731826.0,
      102476376.0,
      120332462.0,
      140368314.0,
      158782298.0,
      178392398.0,
      192781200.0,
      200564162.0,
      196929652.0,
      173862636.0,
      123283452.0,
      50816154.0,
      14282052.0,
      1557090.0
   ],
   "Sum w * dv^2": [
      1.7777576526201422,
      0.0,
      0.0,
      6.589641542327552,
      0.0,
      0.0,
      39.978613736776886,
      0.0,
      0.0,
      42.180532920370375,
      65.61231792787078,
      85.04131298274304,
      198.2755208621153,
      337.2358742237286,
      358.43880243121987,
      628.4802038245098,
      1387.062524835359,
      1443.3219668569868,
      2560.7300314267472,
      4342.03549791319,
      8257.61647903366,
      10594.044838372165,
      16780.848534835128,
      29624.14403097305,
      41800.965338148155,
      67728.86680070288,
      110249.74770535697,
      167599.88209841977,
      253852.16154248652,
      384048.81054841756,
      615373.1509495745,
      871755.2195114238,
      1371936.091028997,
      1977374.7066135155,
      2892077.7523468914,
      4075571.123493386,
      5584648.4349532835,
      7592623.989321911,
      9681007.242026871,
      12069770.011964392,
      14552183.865551444,
      16582790.763558766,
      18297400.822891485,
      18799362.423770797,
      17733026.694229472,
      15016460.911251524,
      11772661.97384178,
      8855719.169898784,
      4966475.199856154,
      1702431.8637275728,
      183228.3447757851
   ],
   "N pairs": [
      65280,
      0,
      0,
      130050,
      0,
      0,
      324104,
      0,
      0,
      193800,
      258060,
      257048,
      449570,
      575312,
      511036,
      700020,
      1203734,
      1007972,
      1445380,
      1937042,
      2859272,
      2897116,
      3674690,
      5155474,
      5773520,
      7491838,
      9701238,
      11757186,
      14320938,
      17540114,
      22734900,
      26303374,
      34062188,
      40733820,
      50149068,
      60431004,
      72289830,
      87731826,
      102476376,
      120332462,
      140368314,
      158782298,
      178392398,
      192781200,
      200564162,
      196929652,
      173862636,
      123283452,
      50816154,
      14282052,
      1557090
   ],
   "Unweighted B(r)": [
      2.7232807178617375e-05,
      NaN,
      NaN,
      5.0670061840273375e-05,
      NaN,
      NaN,
      0.00012335118892940812,
      NaN,
      NaN,
      0.00021764980867064178,
      0.0002542521813836735,
      0.0003308382597131393,
      0.00044103370078545117,
      0.0005861791066825107,
      0.0007013963838774956,
      0.0008978032110861258,
      0.0011522998642850986,
      0.0014319068058011402,
      0.0017716656044962206,
      0.002241580460265286,
      0.0028880136199122227,
      0.003656755490070872,
      0.004566602498397179,
      0.005746153318002001,
      0.007240117872311546,
      0.009040353889219558,
      0.01136450293306452,
      0.01425510169681927,
      0.017725945154045533,
      0.021895456925104223,
      0.027067334844207563,
      0.033142334497141844,
      0.04027739178202519,
      0.048543807249443224,
      0.057669621145240255,
      0.06744172450772762,
      0.07725358373305462,
      0.08654355363949578,
      0.09447062454693822,
      0.10030352418090134,
      0.10367143018866383,
      0.1044372765253641,
      0.10256827660835348,
      0.09751657539101737,
      0.0884157294972243,
      0.07625291955145244,
      0.06771243232411235,
      0.07183218044461298,
      0.09773418113964615,
      0.1192007887751405,
      0.11767357363786622
   ],
   "Weighted B(r)": [
      2.7232807178617375e-05,
      NaN,
      NaN,
      5.0670061840273375e-05,
      NaN,
      NaN,
      0.00012335118892940812,
      NaN,
      NaN,
      0.00021764980867064178,
      0.0002542521813836735,
      0.0003308382597131393,
      0.00044103370078545117,
      0.0005861791066825107,
      0.0007013963838774956,
      0.0008978032110861258,
      0.0011522998642850986,
      0.0014319068058011402,
      0.0017716656044962206,
      0.002241580460265286,
      0.0028880136199122227,
      0.003656755490070872,
      0.004566602498397179,
      0.005746153318002001,
      0.007240117872311546,
      0.009040353889219558,
      0.01136450293306452,
      0.01425510169681927,
      0.017725945154045533,
      0.021895456925104223,
      0.027067334844207563,
      0.033142334497141844,
      0.04027739178202519,
      0.048543807249443224,
      0.057669621145240255,
      0.06744172450772762,
      0.07725358373305462,
      0.08654355363949578,
      0.09447062454693822,
      0.10030352418090134,
      0.10367143018866383,
      0.1044372765253641,
      0.10256827660835348,
      0.09751657539101737,
      0.0884157294972243,
      0.07625291955145244,
      0.06771243232411235,
      0.07183218044461298,
      0.09773418113964615,
      0.1192007887751405,
      0.11767357363786622
   ],
   "Unweighted sigma^2": 0.041141883075325014,
   "Apparent r0": 40.31872313968204
}