{
   "log10 r": [
      0.0,
      0.05,
      0.1,
      0.15000000000000002,
      0.2,
      0.25,
      0.30000000000000004,
      0.35000000000000003,
      0.4,
      0.45,
      0.5,
      0.55,
      0.6000000000000001,
      0.65,
      0.7000000000000001,
      0.75,
      0.8,
      0.8500000000000001,
      0.9,
      0.9500000000000001,
      1.0,
      1.05,
      1.1,
      1.1500000000000001,
      1.2000000000000002,
      1.25,
      1.3,
      1.35,
      1.4000000000000001,
      1.4500000000000002,
      1.5,
      1.55,
      1.6,
      1.6500000000000001,
      1.7000000000000002,
      1.75,
      1.8,
      1.85,
      1.9000000000000001,
      1.9500000000000002,
      2.0,
      2.0500000000000003,
      2.1,
      2.15,
      2.2,
      2.25,
      2.3000000000000003,
      2.35,
      2.4000000000000004,
      2.45,
      2.5
   ],
   "Sum dv^2": [
      22.272409201823287,
      0.0,
      0.0,
      95.44249551966014,
      0.0,
      0.0,
      564.7367649873107,
      0.0,
      0.0,
      578.7142873284529,
      948.7514597349023,
      1227.8249412731132,
      2807.314310649792,
      4773.833200796917,
      5165.821259701665,
      8919.473067338948,
      19749.975127099802,
      20667.789338315946,
      36399.37312510665,
      61612.25856797174,
      116545.95974832412,
      149167.05118626993,
      234628.37367379133,
      412301.83428808564,
      576303.8235777544,
      924106.747525656,
      1484393.3303332601,
      2218979.3428799817,
      3297104.6221540323,
      4870867.765271472,
      7578304.487253283,
      10375257.553674309,
      15687722.158907093,
      21586528.595312867,
      29987480.048448067,
      40015767.08234974,
      51974803.53796116,
      67430244.49233398,
      83219796.74168777,
      102779398.84660621,
      126495060.4239604,
      150353373.29361582,
      174186669.53437373,
      185193916.6979604,
      177467236.38013557,
      149376512.89256036,
      111542421.67680472,
      79890225.21558799,
      42783723.363934964,
      11734715.653818315,
      516079.9355680222
   ],
   "Sum weights": [
      65280.0,
      0.0,
      0.0,
      130050.0,
      0.0,
      0.0,
      324104.0,
      0.0,
      0.0,
      193800.0,
      258060.0,
      257048.0,
      449570.0,
      575312.0,
      511036.0,
      700020.0,
      1203734.0,
      1007972.0,
      1445380.0,
      1937042.0,
      2859272.0,
      2897116.0,
      3674690.0,
      5155474.0,
      5773520.0,
      7491838.0,
      9701238.0,
      11757186.0,
      14320938.0,
      17540114.0,
      22734900.0,
      26303374.0,
      34062188.0,
      40733820.0,
      50149068.0,
      60431004.0,
      72289830.0,
      87731826.0,
      102476376.0,
      120332462.0,
      140368314.0,
      158782298.0,
      178392398.0,
      192781200.0,
      200564162.0,
      196929652.0,
      173862636.0,
      123283452.0,
      50816154.0,
      14282052.0,
      1557090.0
   ],
   "Sum w * dv^2": [
      22.272409201823287,
      0.0,
      0.0,
      95.44249551966014,
      0.0,
      0.0,
      564.7367649873107,
      0.0,
      0.0,
      578.7142873284529,
      948.7514597349023,
      1227.8249412731132,
      2807.314310649792,
      4773.833200796917,
      5165.821259701665,
      8919.473067338948,
      19749.975127099802,
      20667.789338315946,
      36399.37312510665,
      61612.25856797174,
      116545.95974832412,
      149167.05118626993,
      234628.37367379133,
      412301.83428808564,
      576303.8235777544,
      924106.747525656,
      1484393.3303332601,
      2218979.3428799817,
      3297104.6221540323,
      4870867.765271472,
      7578304.487253283,
      10375257.553674309,
      15687722.158907093,
      21586528.595312867,
      29987480.048448067,
      40015767.08234974,
      51974803.53796116,
      67430244.49233398,
      83219796.74168777,
      102779398.84660621,
      126495060.4239604,
      150353373.29361582,
      174186669.53437373,
      185193916.6979604,
      177467236.38013557,
      149376512.89256036,
      111542421.67680472,
      79890225.21558799,
      42783723.363934964,
      11734715.653818315,
      516079.9355680222
   ],
   "N pairs": [
      65280,
      0,
      0,
      130050,
      0,
      0,
      324104,
      0,
      0,
      193800,
      258060,
      257048,
      449570,
      575312,
      511036,
      700020,
      1203734,
      1007972,
      1445380,
      1937042,
      2859272,
      2897116,
      3674690,
      5155474,
      5773520,
      7491838,
      9701238,
      11757186,
      14320938,
      17540114,
      22734900,
      26303374,
      34062188,
      40733820,
      50149068,
      60431004,
      72289830,
      87731826,
      102476376,
      120332462,
      140368314,
      158782298,
      178392398,
      192781200,
      200564162,
      196929652,
      173862636,
      123283452,
      50816154,
      14282052,
      1557090
   ],
   "Unweighted B(r)": [
      0.0003411827389985185,
      NaN,
      NaN,
      0.000733890776775549,
      NaN,
      NaN,
      0.0017424554000793286,
      NaN,
      NaN,
      0.002986141833480149,
      0.0036764762448070303,
      0.004776636819866769,
      0.006244443158239633,
      0.00829781614288754,
      0.010108527109052329,
      0.012741740332189005,
      0.016407258685971985,
      0.02050432882889202,
      0.025183255009137148,
      0.031807394247503014,
      0.040760711030053846,
      0.05148811824803354,
      0.0638498413944554,
      0.07997360364693637,
      0.09981845106239425,
      0.12334846903065122,
      0.1530107116569308,
      0.18873388095416554,
      0.23022965549840607,
      0.27769875185939336,
      0.33333353070623944,
      0.394445881873341,
      0.4605611993835244,
      0.5299411789837748,
      0.5979668465313865,
      0.6621727992861038,
      0.7189780849942677,
      0.7685950192389017,
      0.8120876243875738,
      0.8541286128310598,
      0.9011653472161845,
      0.9469152115030847,
      0.9764242842588714,
      0.9606430331275062,
      0.8848402157716271,
      0.7585272780178394,
      0.6415548748312129,
      0.6480206704107214,
      0.8419315512137138,
      0.8216407315852312,
      0.33143873223000736
   ],
   "Weighted B(r)": [
      0.0003411827389985185,
      NaN,
      NaN,
      0.000733890776775549,
      NaN,
      NaN,
      0.0017424554000793286,
      NaN,
      NaN,
      0.002986141833480149,
      0.0036764762448070303,
      0.004776636819866769,
      0.006244443158239633,
      0.00829781614288754,
      0.010108527109052329,
      0.012741740332189005,
      0.016407258685971985,
      0.02050432882889202,
      0.025183255009137148,
      0.031807394247503014,
      0.040760711030053846,
      0.05148811824803354,
      0.0638498413944554,
      0.07997360364693637,
      0.09981845106239425,
      0.12334846903065122,
      0.1530107116569308,
      0.18873388095416554,
      0.23022965549840607,
      0.27769875185939336,
      0.33333353070623944,
      0.394445881873341,
      0.4605611993835244,
      0.5299411789837748,
      0.5979668465313865,
      0.6621727992861038,
      0.7189780849942677,
      0.7685950192389017,
      0.8120876243875738,
      0.8541286128310598,
      0.9011653472161845,
      0.9469152115030847,
      0.9764242842588714,
      0.9606430331275062,
      0.8848402157716271,
      0.7585272780178394,
      0.6415548748312129,
      0.6480206704107214,
      0.8419315512137138,
      0.8216407315852312,
      0.33143873223000736
   ],
   "Unweighted sigma^2": 0.3866267877002617,
   "Apparent r0": 34.987650469392385
}