{
   "log10 r": [
      0.0,
      0.05,
      0.1,
      0.15000000000000002,
      0.2,
      0.25,
      0.30000000000000004,
      0.35000000000000003,
      0.4,
      0.45,
      0.5,
      0.55,
      0.6000000000000001,
      0.65,
      0.7000000000000001,
      0.75,
      0.8,
      0.8500000000000001,
      0.9,
      0.9500000000000001,
      1.0,
      1.05,
      1.1,
      1.1500000000000001,
      1.2000000000000002,
      1.25,
      1.3,
      1.35,
      1.4000000000000001,
      1.4500000000000002,
      1.5,
      1.55,
      1.6,
      1.6500000000000001,
      1.7000000000000002,
      1.75,
      1.8,
      1.85,
      1.9000000000000001,
      1.9500000000000002,
      2.0,
      2.0500000000000003,
      2.1,
      2.15,
      2.2,
      2.25,
      2.3000000000000003,
      2.35,
      2.4000000000000004,
      2.45,
      2.5
   ],
   "Sum dv^2": [
      3.2630103795532817,
      0.0,
      0.0,
      12.4798405949152,
      0.0,
      0.0,
      75.30873626379376,
      0.0,
      0.0,
      78.98990797451813,
      124.29459290345882,
      161.28310553570105,
      374.14295547334854,
      637.260390159719,
      679.6802731315815,
      1188.7668068327255,
      2628.8159843495564,
      2744.591754562389,
      4862.271602598935,
      8256.308446271452,
      15704.372364091345,
      20202.387339132598,
      32023.599861869585,
      56721.80053141168,
      80165.28201375659,
      130327.56681086884,
      212802.5232674804,
      325104.38300954417,
      495059.3542318379,
      754184.8079125199,
      1218671.6208006877,
      1744389.3534305685,
      2780647.2373344055,
      4072851.1336720944,
      6078652.039321692,
      8783933.402276326,
      12414630.028933793,
      17533856.91616007,
      23408461.655256815,
      30784094.195761755,
      39431378.0830965,
      47829191.56016836,
      55923922.069470555,
      59903350.36665349,
      57169135.328674495,
      46090171.98113413,
      29742741.90029171,
      14597201.929630611,
      4376160.094363042,
      764931.1946492975,
      19077.55488409868
   ],
   "Sum weights": [
      65280.0,
      0.0,
      0.0,
      130050.0,
      0.0,
      0.0,
      324104.0,
      0.0,
      0.0,
      193800.0,
      258060.0,
      257048.0,
      449570.0,
      575312.0,
      511036.0,
      700020.0,
      1203734.0,
      1007972.0,
      1445380.0,
      1937042.0,
      2859272.0,
      2897116.0,
      3674690.0,
      5155474.0,
      5773520.0,
      7491838.0,
      9701238.0,
      11757186.0,
      14320938.0,
      17540114.0,
      22734900.0,
      26303374.0,
      34062188.0,
      40733820.0,
      50149068.0,
      60431004.0,
      72289830.0,
      87731826.0,
      102476376.0,
      120332462.0,
      140368314.0,
      158782298.0,
      178392398.0,
      192781200.0,
      200564162.0,
      196929652.0,
      173862636.0,
      123283452.0,
      50816154.0,
      14282052.0,
      1557090.0
   ],
   "Sum w * dv^2": [
      3.2630103795532817,
      0.0,
      0.0,
      12.4798405949152,
      0.0,
      0.0,
      75.30873626379376,
      0.0,
      0.0,
      78.98990797451813,
      124.29459290345882,
      161.28310553570105,
      374.14295547334854,
      637.260390159719,
      679.6802731315815,
      1188.7668068327255,
      2628.8159843495564,
      2744.591754562389,
      4862.271602598935,
      8256.308446271452,
      15704.372364091345,
      20202.387339132598,
      32023.599861869585,
      56721.80053141168,
      80165.28201375659,
      130327.56681086884,
      212802.5232674804,
      325104.38300954417,
      495059.3542318379,
      754184.8079125199,
      1218671.6208006877,
      1744389.3534305685,
      2780647.2373344055,
      4072851.1336720944,
      6078652.039321692,
      8783933.402276326,
      12414630.028933793,
      17533856.91616007,
      23408461.655256815,
      30784094.195761755,
      39431378.0830965,
      47829191.56016836,
      55923922.069470555,
      59903350.36665349,
      57169135.328674495,
      46090171.98113413,
      29742741.90029171,
      14597201.929630611,
      4376160.094363042,
      764931.1946492975,
      19077.55488409868
   ],
   "N pairs": [
      65280,
      0,
      0,
      130050,
      0,
      0,
      324104,
      0,
      0,
      193800,
      258060,
      257048,
      449570,
      575312,
      511036,
      700020,
      1203734,
      1007972,
      1445380,
      1937042,
      2859272,
      2897116,
      3674690,
      5155474,
      5773520,
      7491838,
      9701238,
      11757186,
      14320938,
      17540114,
      22734900,
      26303374,
      34062188,
      40733820,
      50149068,
      60431004,
      72289830,
      87731826,
      102476376,
      120332462,
      140368314,
      158782298,
      178392398,
      192781200,
      200564162,
      196929652,
      173862636,
      123283452,
      50816154,
      14282052,
      1557090
   ],
   "Unweighted B(r)": [
      4.998484037305885e-05,
      NaN,
      NaN,
      9.596186539727181e-05,
      NaN,
      NaN,
      0.0002323597865617017,
      NaN,
      NaN,
      0.0004075846644711978,
      0.0004816499763754895,
      0.0006274435340313913,
      0.0008322240262325078,
      0.0011076779037456528,
      0.0013300046829021468,
      0.001698189775767443,
      0.0021838844664598296,
      0.0027228849160119417,
      0.0033640091896933225,
      0.004262328047750876,
      0.005492437363108982,
      0.0069732752637908174,
      0.008714639836794283,
      0.01100224742311021,
      0.013884992519945646,
      0.01739594033011243,
      0.021935604844194153,
      0.02765154714823293,
      0.034568919593942656,
      0.04299771414897987,
      0.05360356195983654,
      0.0663180835063429,
      0.08163442810351483,
      0.09998696743080061,
      0.12121166517634369,
      0.1453547487358695,
      0.1717341156969631,
      0.19985742592614075,
      0.22842788327386612,
      0.25582534990235434,
      0.28091366890035097,
      0.30122496123697845,
      0.3134882578879317,
      0.3107323243482948,
      0.28504162836765673,
      0.23404384008729234,
      0.17107034946997876,
      0.11840357884877048,
      0.08611749906069323,
      0.053558913988640953,
      0.012252056646756887
   ],
   "Weighted B(r)": [
      4.998484037305885e-05,
      NaN,
      NaN,
      9.596186539727181e-05,
      NaN,
      NaN,
      0.0002323597865617017,
      NaN,
      NaN,
      0.0004075846644711978,
      0.0004816499763754895,
      0.0006274435340313913,
      0.0008322240262325078,
      0.0011076779037456528,
      0.0013300046829021468,
      0.001698189775767443,
      0.0021838844664598296,
      0.0027228849160119417,
      0.0033640091896933225,
      0.004262328047750876,
      0.005492437363108982,
      0.0069732752637908174,
      0.008714639836794283,
      0.01100224742311021,
      0.013884992519945646,
      0.01739594033011243,
      0.021935604844194153,
      0.02765154714823293,
      0.034568919593942656,
      0.04299771414897987,
      0.05360356195983654,
      0.0663180835063429,
      0.08163442810351483,
      0.09998696743080061,
      0.12121166517634369,
      0.1453547487358695,
      0.1717341156969631,
      0.19985742592614075,
      0.22842788327386612,
      0.25582534990235434,
      0.28091366890035097,
      0.30122496123697845,
      0.3134882578879317,
      0.3107323243482948,
      0.28504162836765673,
      0.23404384008729234,
      0.17107034946997876,
      0.11840357884877048,
      0.08611749906069323,
      0.053558913988640953,
      0.012252056646756887
   ],
   "Unweighted sigma^2": 0.10905690476909666,
   "Apparent r0": 46.997460052364474
}