{
   "log10 r": [
      0.0,
      0.05,
      0.1,
      0.15000000000000002,
      0.2,
      0.25,
      0.30000000000000004,
      0.35000000000000003,
      0.4,
      0.45,
      0.5,
      0.55,
      0.6000000000000001,
      0.65,
      0.7000000000000001,
      0.75,
      0.8,
      0.8500000000000001,
      0.9,
      0.9500000000000001,
      1.0,
      1.05,
      1.1,
      1.1500000000000001,
      1.2000000000000002,
      1.25,
      1.3,
      1.35,
      1.4000000000000001,
      1.4500000000000002,
      1.5,
      1.55,
      1.6,
      1.6500000000000001,
      1.7000000000000002,
      1.75,
      1.8,
      1.85,
      1.9000000000000001,
      1.9500000000000002,
      2.0,
      2.0500000000000003,
      2.1,
      2.15,
      2.2,
      2.25,
      2.3000000000000003,
      2.35,
      2.4000000000000004,
      2.45,
      2.5
   ],
   "Sum dv^2": [
      390.1227587189499,
      0.0,
      0.0,
      1962.4410891843675,
      0.0,
      0.0,
      10960.978865664782,
      0.0,
      0.0,
      10568.813627165484,
      18002.33614453629,
      22759.46415762462,
      49407.54680394732,
      80797.03034957919,
      86437.03688458135,
      140659.87911931417,
      295607.2892489288,
      293943.9928924332,
      486269.8808298597,
      764191.5360582187,
      1323121.1507359196,
      1547857.331683212,
      2223110.346786032,
      3537643.663609264,
      4455506.514062612,
      6432028.051598764,
      9254621.584334357,
      12376752.408996966,
      16508272.410308933,
      21913455.895774085,
      30537651.35593462,
      37589783.32121562,
      51454099.9943309,
      64687782.05909717,
      83194207.55749106,
      103898720.1875376,
      126988423.8797323,
      155810691.61665764,
      184279366.18276203,
      218687548.83631128,
      262910859.01694882,
      314810196.811951,
      360595684.2334424,
      375675719.0344407,
      370367152.011479,
      336005210.3527628,
      268838574.2188996,
      186174218.43136686,
      94186941.69898838,
      24164332.74609086,
      1183703.5068404733
   ],
   "Sum weights": [
      65280.0,
      0.0,
      0.0,
      130050.0,
      0.0,
      0.0,
      324104.0,
      0.0,
      0.0,
      193800.0,
      258060.0,
      257048.0,
      449570.0,
      575312.0,
      511036.0,
      700020.0,
      1203734.0,
      1007972.0,
      1445380.0,
      1937042.0,
      2859272.0,
      2897116.0,
      3674690.0,
      5155474.0,
      5773520.0,
      7491838.0,
      9701238.0,
      11757186.0,
      14320938.0,
      17540114.0,
      22734900.0,
      26303374.0,
      34062188.0,
      40733820.0,
      50149068.0,
      60431004.0,
      72289830.0,
      87731826.0,
      102476376.0,
      120332462.0,
      140368314.0,
      158782298.0,
      178392398.0,
      192781200.0,
      200564162.0,
      196929652.0,
      173862636.0,
      123283452.0,
      50816154.0,
      14282052.0,
      1557090.0
   ],
   "Sum w * dv^2": [
      390.1227587189499,
      0.0,
      0.0,
      1962.4410891843675,
      0.0,
      0.0,
      10960.978865664782,
      0.0,
      0.0,
      10568.813627165484,
      18002.33614453629,
      22759.46415762462,
      49407.54680394732,
      80797.03034957919,
      86437.03688458135,
      140659.87911931417,
      295607.2892489288,
      293943.9928924332,
      486269.8808298597,
      764191.5360582187,
      1323121.1507359196,
      1547857.331683212,
      2223110.346786032,
      3537643.663609264,
      4455506.514062612,
      6432028.051598764,
      9254621.584334357,
      12376752.408996966,
      16508272.410308933,
      21913455.895774085,
      30537651.35593462,
      37589783.32121562,
      51454099.9943309,
      64687782.05909717,
      83194207.55749106,
      103898720.1875376,
      126988423.8797323,
      155810691.61665764,
      184279366.18276203,
      218687548.83631128,
      262910859.01694882,
      314810196.811951,
      360595684.2334424,
      375675719.0344407,
      370367152.011479,
      336005210.3527628,
      268838574.2188996,
      186174218.43136686,
      94186941.69898838,
      24164332.74609086,
      1183703.5068404733
   ],
   "N pairs": [
      65280,
      0,
      0,
      130050,
      0,
      0,
      324104,
      0,
      0,
      193800,
      258060,
      257048,
      449570,
      575312,
      511036,
      700020,
      1203734,
      1007972,
      1445380,
      1937042,
      2859272,
      2897116,
      3674690,
      5155474,
      5773520,
      7491838,
      9701238,
      11757186,
      14320938,
      17540114,
      22734900,
      26303374,
      34062188,
      40733820,
      50149068,
      60431004,
      72289830,
      87731826,
      102476376,
      120332462,
      140368314,
      158782298,
      178392398,
      192781200,
      200564162,
      196929652,
      173862636,
      123283452,
      50816154,
      14282052,
      1557090
   ],
   "Unweighted B(r)": [
      0.005976145200964306,
      NaN,
      NaN,
      0.015089896879541464,
      NaN,
      NaN,
      0.03381932609799565,
      NaN,
      NaN,
      0.05453464203903759,
      0.06976027336486201,
      0.08854168932504676,
      0.10989956359175951,
      0.14044037035483214,
      0.16914079807407179,
      0.20093694340063736,
      0.24557525935873606,
      0.2916192045934145,
      0.3364304756049341,
      0.39451469614918966,
      0.4627475632734205,
      0.5342752349865217,
      0.604979017763684,
      0.6861917378710986,
      0.7717140520969205,
      0.8585380585643688,
      0.9539629462069024,
      1.0526968280502635,
      1.1527368116745518,
      1.2493337213072895,
      1.3432058797678732,
      1.4290859918281063,
      1.5105929188791658,
      1.5880607823940198,
      1.6589382589820227,
      1.7192949530929122,
      1.7566568337445572,
      1.7759882441824206,
      1.7982619348557176,
      1.817361210778778,
      1.8730071732353273,
      1.9826529832182613,
      2.021362391425684,
      1.9487155336435331,
      1.8466267767791886,
      1.7062194897534415,
      1.5462699772876998,
      1.5101314524464067,
      1.8534842620909167,
      1.691937037205218,
      0.7602023690605381
   ],
   "Weighted B(r)": [
      0.005976145200964306,
      NaN,
      NaN,
      0.015089896879541464,
      NaN,
      NaN,
      0.03381932609799565,
      NaN,
      NaN,
      0.05453464203903759,
      0.06976027336486201,
      0.08854168932504676,
      0.10989956359175951,
      0.14044037035483214,
      0.16914079807407179,
      0.20093694340063736,
      0.24557525935873606,
      0.2916192045934145,
      0.3364304756049341,
      0.39451469614918966,
      0.4627475632734205,
      0.5342752349865217,
      0.604979017763684,
      0.6861917378710986,
      0.7717140520969205,
      0.8585380585643688,
      0.9539629462069024,
      1.0526968280502635,
      1.1527368116745518,
      1.2493337213072895,
      1.3432058797678732,
      1.4290859918281063,
      1.5105929188791658,
      1.5880607823940198,
      1.6589382589820227,
      1.7192949530929122,
      1.7566568337445572,
      1.7759882441824206,
      1.7982619348557176,
      1.817361210778778,
      1.8730071732353273,
      1.9826529832182613,
      2.021362391425684,
      1.9487155336435331,
      1.8466267767791886,
      1.7062194897534415,
      1.5462699772876998,
      1.5101314524464067,
      1.8534842620909167,
      1.691937037205218,
      0.7602023690605381
   ],
   "Unweighted sigma^2": 0.8725596863067587,
   "Apparent r0": 18.10162638770482
}