{
   "log10 r": [
      0.0,
      0.05,
      0.1,
      0.15000000000000002,
      0.2,
      0.25,
      0.30000000000000004,
      0.35000000000000003,
      0.4,
      0.45,
      0.5,
      0.55,
      0.6000000000000001,
      0.65,
      0.7000000000000001,
      0.75,
      0.8,
      0.8500000000000001,
      0.9,
      0.9500000000000001,
      1.0,
      1.05,
      1.1,
      1.1500000000000001,
      1.2000000000000002,
      1.25,
      1.3,
      1.35,
      1.4000000000000001,
      1.4500000000000002,
      1.5,
      1.55,
      1.6,
      1.6500000000000001,
      1.7000000000000002,
      1.75,
      1.8,
      1.85,
      1.9000000000000001,
      1.9500000000000002,
      2.0,
      2.0500000000000003,
      2.1,
      2.15,
      2.2,
      2.25,
      2.3000000000000003,
      2.35,
      2.4000000000000004,
      2.45,
      2.5
   ],
   "Sum dv^2": [
      471.18753928304506,
      0.0,
      0.0,
      2325.226397420103,
      0.0,
      0.0,
      12987.340836093459,
      0.0,
      0.0,
      12533.434419238069,
      21214.630934823675,
      26810.785716267223,
      58154.757601287405,
      94961.81735619111,
      101184.4615450668,
      164568.56109406645,
      344921.6948748493,
      342210.33951745834,
      564667.0565784347,
      884786.7678122545,
      1526067.1708130627,
      1777013.6129286243,
      2538325.506010709,
      4007667.702632429,
      5010628.1760886675,
      7170242.444048261,
      10246521.75493684,
      13570361.971038898,
      17977941.84599447,
      23713028.71261641,
      32972521.744668942,
      40560338.93447742,
      55245921.159251384,
      68680823.84441528,
      87016421.34050938,
      106524107.35060078,
      126432931.7008219,
      149009234.21363416,
      167979352.17177746,
      193162903.53572258,
      227428624.80812532,
      259415408.1725211,
      293066011.14461696,
      323182544.5356073,
      345767345.579415,
      342062799.63704526,
      301442439.04363537,
      219367296.25494307,
      119791211.81276836,
      47875108.99111186,
      2908551.675472405
   ],
   "Sum weights": [
      65280.0,
      0.0,
      0.0,
      130050.0,
      0.0,
      0.0,
      324104.0,
      0.0,
      0.0,
      193800.0,
      258060.0,
      257048.0,
      449570.0,
      575312.0,
      511036.0,
      700020.0,
      1203734.0,
      1007972.0,
      1445380.0,
      1937042.0,
      2859272.0,
      2897116.0,
      3674690.0,
      5155474.0,
      5773520.0,
      7491838.0,
      9701238.0,
      11757186.0,
      14320938.0,
      17540114.0,
      22734900.0,
      26303374.0,
      34062188.0,
      40733820.0,
      50149068.0,
      60431004.0,
      72289830.0,
      87731826.0,
      102476376.0,
      120332462.0,
      140368314.0,
      158782298.0,
      178392398.0,
      192781200.0,
      200564162.0,
      196929652.0,
      173862636.0,
      123283452.0,
      50816154.0,
      14282052.0,
      1557090.0
   ],
   "Sum w * dv^2": [
      471.18753928304506,
      0.0,
      0.0,
      2325.226397420103,
      0.0,
      0.0,
      12987.340836093459,
      0.0,
      0.0,
      12533.434419238069,
      21214.630934823675,
      26810.785716267223,
      58154.757601287405,
      94961.81735619111,
      101184.4615450668,
      164568.56109406645,
      344921.6948748493,
      342210.33951745834,
      564667.0565784347,
      884786.7678122545,
      1526067.1708130627,
      1777013.6129286243,
      2538325.506010709,
      4007667.702632429,
      5010628.1760886675,
      7170242.444048261,
      10246521.75493684,
      13570361.971038898,
      17977941.84599447,
      23713028.71261641,
      32972521.744668942,
      40560338.93447742,
      55245921.159251384,
      68680823.84441528,
      87016421.34050938,
      106524107.35060078,
      126432931.7008219,
      149009234.21363416,
      167979352.17177746,
      193162903.53572258,
      227428624.80812532,
      259415408.1725211,
      293066011.14461696,
      323182544.5356073,
      345767345.579415,
      342062799.63704526,
      301442439.04363537,
      219367296.25494307,
      119791211.81276836,
      47875108.99111186,
      2908551.675472405
   ],
   "N pairs": [
      65280,
      0,
      0,
      130050,
      0,
      0,
      324104,
      0,
      0,
      193800,
      258060,
      257048,
      449570,
      575312,
      511036,
      700020,
      1203734,
      1007972,
      1445380,
      1937042,
      2859272,
      2897116,
      3674690,
      5155474,
      5773520,
      7491838,
      9701238,
      11757186,
      14320938,
      17540114,
      22734900,
      26303374,
      34062188,
      40733820,
      50149068,
      60431004,
      72289830,
      87731826,
      102476376,
      120332462,
      140368314,
      158782298,
      178392398,
      192781200,
      200564162,
      196929652,
      173862636,
      123283452,
      50816154,
      14282052,
      1557090
   ],
   "Unweighted B(r)": [
      0.007217946373821156,
      NaN,
      NaN,
      0.017879480180085373,
      NaN,
      NaN,
      0.040071522832465685,
      NaN,
      NaN,
      0.06467200422723461,
      0.08220813351477825,
      0.10430264276036857,
      0.12935640189800787,
      0.1650614229430137,
      0.19799869587478536,
      0.23509122752787984,
      0.286543119056909,
      0.3395038151034536,
      0.39067031270561003,
      0.4567721132594205,
      0.5337257773353017,
      0.6133733039783786,
      0.6907590860754809,
      0.7773616359295826,
      0.8678636561558057,
      0.9570738774714912,
      1.056207646378415,
      1.1542185324820835,
      1.2553606367120973,
      1.351931276650563,
      1.45030423466428,
      1.5420203862241177,
      1.6219134589724942,
      1.6860884602626338,
      1.7351553041924803,
      1.7627393274915766,
      1.7489725968482968,
      1.6984627017068374,
      1.6392007478072552,
      1.6052435089022161,
      1.6202276591291487,
      1.6337804115451278,
      1.6428167031232854,
      1.6764214795613228,
      1.7239737255722436,
      1.7369796582844987,
      1.7337965532953001,
      1.7793734089709223,
      2.3573451035426323,
      3.3521169780863325,
      1.8679406299394414
   ],
   "Weighted B(r)": [
      0.007217946373821156,
      NaN,
      NaN,
      0.017879480180085373,
      NaN,
      NaN,
      0.040071522832465685,
      NaN,
      NaN,
      0.06467200422723461,
      0.08220813351477825,
      0.10430264276036857,
      0.12935640189800787,
      0.1650614229430137,
      0.19799869587478536,
      0.23509122752787984,
      0.286543119056909,
      0.3395038151034536,
      0.39067031270561003,
      0.4567721132594205,
      0.5337257773353017,
      0.6133733039783786,
      0.6907590860754809,
      0.7773616359295826,
      0.8678636561558057,
      0.9570738774714912,
      1.056207646378415,
      1.1542185324820835,
      1.2553606367120973,
      1.351931276650563,
      1.45030423466428,
      1.5420203862241177,
      1.6219134589724942,
      1.6860884602626338,
      1.7351553041924803,
      1.7627393274915766,
      1.7489725968482968,
      1.6984627017068374,
      1.6392007478072552,
      1.6052435089022161,
      1.6202276591291487,
      1.6337804115451278,
      1.6428167031232854,
      1.6764214795613228,
      1.7239737255722436,
      1.7369796582844987,
      1.7337965532953001,
      1.7793734089709223,
      2.3573451035426323,
      3.3521169780863325,
      1.8679406299394414
   ],
   "Unweighted sigma^2": 0.8411836878851116,
   "Apparent r0": 15.340827994543295
}