{
   "log10 r": [
      0.0,
      0.05,
      0.1,
      0.15000000000000002,
      0.2,
      0.25,
      0.30000000000000004,
      0.35000000000000003,
      0.4,
      0.45,
      0.5,
      0.55,
      0.6000000000000001,
      0.65,
      0.7000000000000001,
      0.75,
      0.8,
      0.8500000000000001,
      0.9,
      0.9500000000000001,
      1.0,
      1.05,
      1.1,
      1.1500000000000001,
      1.2000000000000002,
      1.25,
      1.3,
      1.35,
      1.4000000000000001,
      1.4500000000000002,
      1.5,
      1.55,
      1.6,
      1.6500000000000001,
      1.7000000000000002,
      1.75,
      1.8,
      1.85,
      1.9000000000000001,
      1.9500000000000002,
      2.0,
      2.0500000000000003,
      2.1,
      2.15,
      2.2,
      2.25,
      2.3000000000000003,
      2.35,
      2.4000000000000004,
      2.45,
      2.5
   ],
   "Sum dv^2": [
      16.05752492084636,
      0.0,
      0.0,
      77.85444245812124,
      0.0,
      0.0,
      451.68599376701394,
      0.0,
      0.0,
      452.3322494771395,
      771.8114721975495,
      1000.6361247076647,
      2247.9135994915205,
      3831.145333553412,
      4191.104060006684,
      7159.873386240738,
      15910.066891874896,
      16770.963081759714,
      29318.355078084103,
      49628.8308512163,
      93441.32875790438,
      119798.25238302458,
      187563.4663645447,
      329856.72676809854,
      458515.7547063142,
      733160.0171275584,
      1170239.7717447858,
      1740474.8866379643,
      2566903.4306228072,
      3760912.287695914,
      5783620.865914018,
      7805491.6334658945,
      11580852.906098561,
      15551017.207304766,
      20958100.861031547,
      26885685.355788283,
      33219288.975362107,
      40421193.48832628,
      46240414.77861188,
      52654240.48302223,
      59961320.23657473,
      67356048.58259524,
      76116444.34703973,
      82981413.45192981,
      86094813.8700532,
      80964817.85979432,
      65635331.80849295,
      47158446.07642374,
      27167380.591505215,
      10333416.221155185,
      772329.3624740405
   ],
   "Sum weights": [
      65280.0,
      0.0,
      0.0,
      130050.0,
      0.0,
      0.0,
      324104.0,
      0.0,
      0.0,
      193800.0,
      258060.0,
      257048.0,
      449570.0,
      575312.0,
      511036.0,
      700020.0,
      1203734.0,
      1007972.0,
      1445380.0,
      1937042.0,
      2859272.0,
      2897116.0,
      3674690.0,
      5155474.0,
      5773520.0,
      7491838.0,
      9701238.0,
      11757186.0,
      14320938.0,
      17540114.0,
      22734900.0,
      26303374.0,
      34062188.0,
      40733820.0,
      50149068.0,
      60431004.0,
      72289830.0,
      87731826.0,
      102476376.0,
      120332462.0,
      140368314.0,
      158782298.0,
      178392398.0,
      192781200.0,
      200564162.0,
      196929652.0,
      173862636.0,
      123283452.0,
      50816154.0,
      14282052.0,
      1557090.0
   ],
   "Sum w * dv^2": [
      16.05752492084636,
      0.0,
      0.0,
      77.85444245812124,
      0.0,
      0.0,
      451.68599376701394,
      0.0,
      0.0,
      452.3322494771395,
      771.8114721975495,
      1000.6361247076647,
      2247.9135994915205,
      3831.145333553412,
      4191.104060006684,
      7159.873386240738,
      15910.066891874896,
      16770.963081759714,
      29318.355078084103,
      49628.8308512163,
      93441.32875790438,
      119798.25238302458,
      187563.4663645447,
      329856.72676809854,
      458515.7547063142,
      733160.0171275584,
      1170239.7717447858,
      1740474.8866379643,
      2566903.4306228072,
      3760912.287695914,
      5783620.865914018,
      7805491.6334658945,
      11580852.906098561,
      15551017.207304766,
      20958100.861031547,
      26885685.355788283,
      33219288.975362107,
      40421193.48832628,
      46240414.77861188,
      52654240.48302223,
      59961320.23657473,
      67356048.58259524,
      76116444.34703973,
      82981413.45192981,
      86094813.8700532,
      80964817.85979432,
      65635331.80849295,
      47158446.07642374,
      27167380.591505215,
      10333416.221155185,
      772329.3624740405
   ],
   "N pairs": [
      65280,
      0,
      0,
      130050,
      0,
      0,
      324104,
      0,
      0,
      193800,
      258060,
      257048,
      449570,
      575312,
      511036,
      700020,
      1203734,
      1007972,
      1445380,
      1937042,
      2859272,
      2897116,
      3674690,
      5155474,
      5773520,
      7491838,
      9701238,
      11757186,
      14320938,
      17540114,
      22734900,
      26303374,
      34062188,
      40733820,
      50149068,
      60431004,
      72289830,
      87731826,
      102476376,
      120332462,
      140368314,
      158782298,
      178392398,
      192781200,
      200564162,
      196929652,
      173862636,
      123283452,
      50816154,
      14282052,
      1557090
   ],
   "Unweighted B(r)": [
      0.0002459792420472788,
      NaN,
      NaN,
      0.0005986500765714821,
      NaN,
      NaN,
      0.0013936452304415062,
      NaN,
      NaN,
      0.0023340157351761583,
      0.0029908217941469017,
      0.00389279871739,
      0.005000141467383323,
      0.006659248083741365,
      0.008201191422926534,
      0.0102280983203919,
      0.013217261364948482,
      0.016638322375779994,
      0.02028418483587991,
      0.02562093689822745,
      0.03268011184591896,
      0.041350864923263196,
      0.05104198350460711,
      0.06398184274968675,
      0.0794170202417787,
      0.09786116799743379,
      0.12062787983809756,
      0.1480349878481096,
      0.17924129205941727,
      0.21441777902332415,
      0.2543939434927806,
      0.2967486845400858,
      0.339991456394362,
      0.38177163858692276,
      0.41791605899897377,
      0.44489886939141843,
      0.459529216977853,
      0.4607358051378787,
      0.45122999644924877,
      0.4375730339750069,
      0.42717133609351987,
      0.4242037647206444,
      0.4266798652879801,
      0.4304434947594984,
      0.4292631994246968,
      0.41113573825740735,
      0.3775125772767701,
      0.38252048682432854,
      0.5346209512728023,
      0.7235246182519981,
      0.4960081706735259
   ],
   "Weighted B(r)": [
      0.0002459792420472788,
      NaN,
      NaN,
      0.0005986500765714821,
      NaN,
      NaN,
      0.0013936452304415062,
      NaN,
      NaN,
      0.0023340157351761583,
      0.0029908217941469017,
      0.00389279871739,
      0.005000141467383323,
      0.006659248083741365,
      0.008201191422926534,
      0.0102280983203919,
      0.013217261364948482,
      0.016638322375779994,
      0.02028418483587991,
      0.02562093689822745,
      0.03268011184591896,
      0.041350864923263196,
      0.05104198350460711,
      0.06398184274968675,
      0.0794170202417787,
      0.09786116799743379,
      0.12062787983809756,
      0.1480349878481096,
      0.17924129205941727,
      0.21441777902332415,
      0.2543939434927806,
      0.2967486845400858,
      0.339991456394362,
      0.38177163858692276,
      0.41791605899897377,
      0.44489886939141843,
      0.459529216977853,
      0.4607358051378787,
      0.45122999644924877,
      0.4375730339750069,
      0.42717133609351987,
      0.4242037647206444,
      0.4266798652879801,
      0.4304434947594984,
      0.4292631994246968,
      0.41113573825740735,
      0.3775125772767701,
      0.38252048682432854,
      0.5346209512728023,
      0.7235246182519981,
      0.4960081706735259
   ],
   "Unweighted sigma^2": 0.20480411298889842,
   "Apparent r0": 27.346180290902517
}