{
   "log10 r": [
      0.0,
      0.05,
      0.1,
      0.15000000000000002,
      0.2,
      0.25,
      0.30000000000000004,
      0.35000000000000003,
      0.4,
      0.45,
      0.5,
      0.55,
      0.6000000000000001,
      0.65,
      0.7000000000000001,
      0.75,
      0.8,
      0.8500000000000001,
      0.9,
      0.9500000000000001,
      1.0,
      1.05,
      1.1,
      1.1500000000000001,
      1.2000000000000002,
      1.25,
      1.3,
      1.35,
      1.4000000000000001,
      1.4500000000000002,
      1.5,
      1.55,
      1.6,
      1.6500000000000001,
      1.7000000000000002,
      1.75,
      1.8,
      1.85,
      1.9000000000000001,
      1.9500000000000002,
      2.0,
      2.0500000000000003,
      2.1,
      2.15,
      2.2,
      2.25,
      2.3000000000000003,
      2.35,
      2.4000000000000004,
      2.45,
      2.5
   ],
   "Sum dv^2": [
      942.319988638857,
      0.0,
      0.0,
      4575.818910661244,
      0.0,
      0.0,
      24239.07072554678,
      0.0,
      0.0,
      22220.836875783443,
      36930.86675411876,
      44602.34146597846,
      94017.53722156305,
      145967.86478785236,
      152034.94538737592,
      237645.1286276295,
      478366.3944317026,
      457321.7104605879,
      736994.9607287347,
      1120215.5952669862,
      1883556.673082753,
      2137905.6363503477,
      3010485.7587553873,
      4686418.591223779,
      5827107.5376055855,
      8291237.853158597,
      11796971.781105302,
      15536810.629972339,
      20460239.43435076,
      26679335.129128758,
      36381588.45097577,
      43658805.24308921,
      57870150.5705585,
      70031260.63359743,
      86289858.27050708,
      103095575.55059282,
      121858016.27055326,
      146168988.1599563,
      169190507.79470733,
      201073756.88424125,
      240288244.54490995,
      267484711.1986847,
      307734150.69086987,
      367449759.17844087,
      414609680.51847357,
      405687010.6494726,
      370936816.28897184,
      291500698.3082029,
      135929275.42236346,
      32724877.317876555,
      2008295.539985278
   ],
   "Sum weights": [
      65280.0,
      0.0,
      0.0,
      130050.0,
      0.0,
      0.0,
      324104.0,
      0.0,
      0.0,
      193800.0,
      258060.0,
      257048.0,
      449570.0,
      575312.0,
      511036.0,
      700020.0,
      1203734.0,
      1007972.0,
      1445380.0,
      1937042.0,
      2859272.0,
      2897116.0,
      3674690.0,
      5155474.0,
      5773520.0,
      7491838.0,
      9701238.0,
      11757186.0,
      14320938.0,
      17540114.0,
      22734900.0,
      26303374.0,
      34062188.0,
      40733820.0,
      50149068.0,
      60431004.0,
      72289830.0,
      87731826.0,
      102476376.0,
      120332462.0,
      140368314.0,
      158782298.0,
      178392398.0,
      192781200.0,
      200564162.0,
      196929652.0,
      173862636.0,
      123283452.0,
      50816154.0,
      14282052.0,
      1557090.0
   ],
   "Sum w * dv^2": [
      942.319988638857,
      0.0,
      0.0,
      4575.818910661244,
      0.0,
      0.0,
      24239.07072554678,
      0.0,
      0.0,
      22220.836875783443,
      36930.86675411876,
      44602.34146597846,
      94017.53722156305,
      145967.86478785236,
      152034.94538737592,
      237645.1286276295,
      478366.3944317026,
      457321.7104605879,
      736994.9607287347,
      1120215.5952669862,
      1883556.673082753,
      2137905.6363503477,
      3010485.7587553873,
      4686418.591223779,
      5827107.5376055855,
      8291237.853158597,
      11796971.781105302,
      15536810.629972339,
      20460239.43435076,
      26679335.129128758,
      36381588.45097577,
      43658805.24308921,
      57870150.5705585,
      70031260.63359743,
      86289858.27050708,
      103095575.55059282,
      121858016.27055326,
      146168988.1599563,
      169190507.79470733,
      201073756.88424125,
      240288244.54490995,
      267484711.1986847,
      307734150.69086987,
      367449759.17844087,
      414609680.51847357,
      405687010.6494726,
      370936816.28897184,
      291500698.3082029,
      135929275.42236346,
      32724877.317876555,
      2008295.539985278
   ],
   "N pairs": [
      65280,
      0,
      0,
      130050,
      0,
      0,
      324104,
      0,
      0,
      193800,
      258060,
      257048,
      449570,
      575312,
      511036,
      700020,
      1203734,
      1007972,
      1445380,
      1937042,
      2859272,
      2897116,
      3674690,
      5155474,
      5773520,
      7491838,
      9701238,
      11757186,
      14320938,
      17540114,
      22734900,
      26303374,
      34062188,
      40733820,
      50149068,
      60431004,
      72289830,
      87731826,
      102476376,
      120332462,
      140368314,
      158782298,
      178392398,
      192781200,
      200564162,
      196929652,
      173862636,
      123283452,
      50816154,
      14282052,
      1557090
   ],
   "Unweighted B(r)": [
      0.014435048845570727,
      NaN,
      NaN,
      0.03518507428420795,
      NaN,
      NaN,
      0.07478794067813659,
      NaN,
      NaN,
      0.11465860101023448,
      0.1431096130904393,
      0.17351755884495682,
      0.20912769362182318,
      0.25371948575356046,
      0.297503395822165,
      0.33948334137257435,
      0.3974020792232359,
      0.45370477598642417,
      0.5098970241242682,
      0.5783124967176686,
      0.6587539321487264,
      0.7379427114241707,
      0.8192489050111403,
      0.9090179857805081,
      1.0092816059536618,
      1.1067027681536357,
      1.216027457640489,
      1.3214735762428476,
      1.4286940865431272,
      1.521046848904674,
      1.6002528469874848,
      1.6598176813016157,
      1.6989557620478903,
      1.719241176830394,
      1.7206672369366283,
      1.7060046785023268,
      1.6856868562362544,
      1.6660885202589573,
      1.6510196242176571,
      1.6709851484983433,
      1.7118410679557636,
      1.6846003274161248,
      1.7250407200135842,
      1.9060456059949875,
      2.0672171757109505,
      2.0600605674633123,
      2.1335050751730913,
      2.3644754716002185,
      2.674922533932093,
      2.2913288173069635,
      1.2897748620730194
   ],
   "Weighted B(r)": [
      0.014435048845570727,
      NaN,
      NaN,
      0.03518507428420795,
      NaN,
      NaN,
      0.07478794067813659,
      NaN,
      NaN,
      0.11465860101023448,
      0.1431096130904393,
      0.17351755884495682,
      0.20912769362182318,
      0.25371948575356046,
      0.297503395822165,
      0.33948334137257435,
      0.3974020792232359,
      0.45370477598642417,
      0.5098970241242682,
      0.5783124967176686,
      0.6587539321487264,
      0.7379427114241707,
      0.8192489050111403,
      0.9090179857805081,
      1.0092816059536618,
      1.1067027681536357,
      1.216027457640489,
      1.3214735762428476,
      1.4286940865431272,
      1.521046848904674,
      1.6002528469874848,
      1.6598176813016157,
      1.6989557620478903,
      1.719241176830394,
      1.7206672369366283,
      1.7060046785023268,
      1.6856868562362544,
      1.6660885202589573,
      1.6510196242176571,
      1.6709851484983433,
      1.7118410679557636,
      1.6846003274161248,
      1.7250407200135842,
      1.9060456059949875,
      2.0672171757109505,
      2.0600605674633123,
      2.1335050751730913,
      2.3644754716002185,
      2.674922533932093,
      2.2913288173069635,
      1.2897748620730194
   ],
   "Unweighted sigma^2": 0.9288815887026844,
   "Apparent r0": 14.46683570311266
}