{
   "log10 r": [
      0.0,
      0.05,
      0.1,
      0.15000000000000002,
      0.2,
      0.25,
      0.30000000000000004,
      0.35000000000000003,
      0.4,
      0.45,
      0.5,
      0.55,
      0.6000000000000001,
      0.65,
      0.7000000000000001,
      0.75,
      0.8,
      0.8500000000000001,
      0.9,
      0.9500000000000001,
      1.0,
      1.05,
      1.1,
      1.1500000000000001,
      1.2000000000000002,
      1.25,
      1.3,
      1.35,
      1.4000000000000001,
      1.4500000000000002,
      1.5,
      1.55,
      1.6,
      1.6500000000000001,
      1.7000000000000002,
      1.75,
      1.8,
      1.85,
      1.9000000000000001,
      1.9500000000000002,
      2.0,
      2.0500000000000003,
      2.1,
      2.15,
      2.2,
      2.25,
      2.3000000000000003,
      2.35,
      2.4000000000000004,
      2.45,
      2.5
   ],
   "Sum dv^2": [
      68.38473829556176,
      0.0,
      0.0,
      339.3942790644473,
      0.0,
      0.0,
      1955.2095244464278,
      0.0,
      0.0,
      1942.826821406006,
      3335.955612798604,
      4317.48336482899,
      9631.240980787446,
      16353.441412048438,
      17873.693233177273,
      30315.86608536198,
      66972.86540230497,
      70201.64216092988,
      121629.38555312423,
      203721.70566454192,
      378218.1687435714,
      477313.9084437289,
      734041.7560857022,
      1262322.7714957853,
      1710164.3570396206,
      2652557.7411249536,
      4089108.5183357857,
      5833976.98538116,
      8238054.376570884,
      11503050.84067124,
      16796544.582199212,
      21515015.304045483,
      30310977.399754338,
      38708390.6405357,
      49827853.96568543,
      61358831.96272692,
      73092327.72164372,
      86132308.67628676,
      96343625.40980102,
      109563785.63603143,
      127177180.68954307,
      145350431.63161618,
      165037117.4590988,
      182139878.9882724,
      195225944.24854207,
      191995815.190207,
      162452753.39535245,
      116552697.10338509,
      65931259.43467566,
      26218724.87631084,
      1572981.7692219173
   ],
   "Sum weights": [
      65280.0,
      0.0,
      0.0,
      130050.0,
      0.0,
      0.0,
      324104.0,
      0.0,
      0.0,
      193800.0,
      258060.0,
      257048.0,
      449570.0,
      575312.0,
      511036.0,
      700020.0,
      1203734.0,
      1007972.0,
      1445380.0,
      1937042.0,
      2859272.0,
      2897116.0,
      3674690.0,
      5155474.0,
      5773520.0,
      7491838.0,
      9701238.0,
      11757186.0,
      14320938.0,
      17540114.0,
      22734900.0,
      26303374.0,
      34062188.0,
      40733820.0,
      50149068.0,
      60431004.0,
      72289830.0,
      87731826.0,
      102476376.0,
      120332462.0,
      140368314.0,
      158782298.0,
      178392398.0,
      192781200.0,
      200564162.0,
      196929652.0,
      173862636.0,
      123283452.0,
      50816154.0,
      14282052.0,
      1557090.0
   ],
   "Sum w * dv^2": [
      68.38473829556176,
      0.0,
      0.0,
      339.3942790644473,
      0.0,
      0.0,
      1955.2095244464278,
      0.0,
      0.0,
      1942.826821406006,
      3335.955612798604,
      4317.48336482899,
      9631.240980787446,
      16353.441412048438,
      17873.693233177273,
      30315.86608536198,
      66972.86540230497,
      70201.64216092988,
      121629.38555312423,
      203721.70566454192,
      378218.1687435714,
      477313.9084437289,
      734041.7560857022,
      1262322.7714957853,
      1710164.3570396206,
      2652557.7411249536,
      4089108.5183357857,
      5833976.98538116,
      8238054.376570884,
      11503050.84067124,
      16796544.582199212,
      21515015.304045483,
      30310977.399754338,
      38708390.6405357,
      49827853.96568543,
      61358831.96272692,
      73092327.72164372,
      86132308.67628676,
      96343625.40980102,
      109563785.63603143,
      127177180.68954307,
      145350431.63161618,
      165037117.4590988,
      182139878.9882724,
      195225944.24854207,
      191995815.190207,
      162452753.39535245,
      116552697.10338509,
      65931259.43467566,
      26218724.87631084,
      1572981.7692219173
   ],
   "N pairs": [
      65280,
      0,
      0,
      130050,
      0,
      0,
      324104,
      0,
      0,
      193800,
      258060,
      257048,
      449570,
      575312,
      511036,
      700020,
      1203734,
      1007972,
      1445380,
      1937042,
      2859272,
      2897116,
      3674690,
      5155474,
      5773520,
      7491838,
      9701238,
      11757186,
      14320938,
      17540114,
      22734900,
      26303374,
      34062188,
      40733820,
      50149068,
      60431004,
      72289830,
      87731826,
      102476376,
      120332462,
      140368314,
      158782298,
      178392398,
      192781200,
      200564162,
      196929652,
      173862636,
      123283452,
      50816154,
      14282052,
      1557090
   ],
   "Unweighted B(r)": [
      0.0010475603292825024,
      NaN,
      NaN,
      0.002609721484540156,
      NaN,
      NaN,
      0.006032660888006405,
      NaN,
      NaN,
      0.010024906199205397,
      0.012927054223043494,
      0.01679640909413413,
      0.021423228820400486,
      0.028425343834386278,
      0.03497540923374728,
      0.04330714277500926,
      0.05563759551720312,
      0.06964642089356637,
      0.08415045562628806,
      0.10517154799149524,
      0.13227778565438034,
      0.16475484876812974,
      0.19975610353137332,
      0.24485096258768552,
      0.2962082675801973,
      0.35405967682762945,
      0.42150378316002407,
      0.4962052131676032,
      0.5752454466719208,
      0.6558139155008479,
      0.7388000203299426,
      0.8179564836072164,
      0.8898717075883187,
      0.9502764690504278,
      0.993594815474645,
      1.0153535089823582,
      1.011101115075851,
      0.9817681063230892,
      0.9401544938494022,
      0.9105089666995381,
      0.9060248503771519,
      0.9154070287584336,
      0.9251353718508721,
      0.9448010438168888,
      0.9733839899500194,
      0.9749461964732817,
      0.9343741538311455,
      0.9454042307590892,
      1.2974468598051647,
      1.8357813622517858,
      1.010206069798096
   ],
   "Weighted B(r)": [
      0.0010475603292825024,
      NaN,
      NaN,
      0.002609721484540156,
      NaN,
      NaN,
      0.006032660888006405,
      NaN,
      NaN,
      0.010024906199205397,
      0.012927054223043494,
      0.01679640909413413,
      0.021423228820400486,
      0.028425343834386278,
      0.03497540923374728,
      0.04330714277500926,
      0.05563759551720312,
      0.06964642089356637,
      0.08415045562628806,
      0.10517154799149524,
      0.13227778565438034,
      0.16475484876812974,
      0.19975610353137332,
      0.24485096258768552,
      0.2962082675801973,
      0.35405967682762945,
      0.42150378316002407,
      0.4962052131676032,
      0.5752454466719208,
      0.6558139155008479,
      0.7388000203299426,
      0.8179564836072164,
      0.8898717075883187,
      0.9502764690504278,
      0.993594815474645,
      1.0153535089823582,
      1.011101115075851,
      0.9817681063230892,
      0.9401544938494022,
      0.9105089666995381,
      0.9060248503771519,
      0.9154070287584336,
      0.9251353718508721,
      0.9448010438168888,
      0.9733839899500194,
      0.9749461964732817,
      0.9343741538311455,
      0.9454042307590892,
      1.2974468598051647,
      1.8357813622517858,
      1.010206069798096
   ],
   "Unweighted sigma^2": 0.4674058729297496,
   "Apparent r0": 21.448614427895972
}