{
   "log10 r": [
      0.0,
      0.05,
      0.1,
      0.15000000000000002,
      0.2,
      0.25,
      0.30000000000000004,
      0.35000000000000003,
      0.4,
      0.45,
      0.5,
      0.55,
      0.6000000000000001,
      0.65,
      0.7000000000000001,
      0.75,
      0.8,
      0.8500000000000001,
      0.9,
      0.9500000000000001,
      1.0,
      1.05,
      1.1,
      1.1500000000000001,
      1.2000000000000002,
      1.25,
      1.3,
      1.35,
      1.4000000000000001,
      1.4500000000000002,
      1.5,
      1.55,
      1.6,
      1.6500000000000001,
      1.7000000000000002,
      1.75,
      1.8,
      1.85,
      1.9000000000000001,
      1.9500000000000002,
      2.0,
      2.0500000000000003,
      2.1,
      2.15,
      2.2,
      2.25,
      2.3000000000000003,
      2.35,
      2.4000000000000004,
      2.45,
      2.5
   ],
   "Sum dv^2": [
      14.203185352045859,
      0.0,
      0.0,
      69.49747327571491,
      0.0,
      0.0,
      402.45893129608385,
      0.0,
      0.0,
      402.261380421495,
      688.0763979105142,
      892.0461299106513,
      2000.6545444992003,
      3408.90883904503,
      3730.244487189902,
      6364.926272082801,
      14136.705602579632,
      14896.372656631123,
      26008.314870742863,
      43973.6992588517,
      82654.47897162804,
      105775.25521960059,
      165244.22812409347,
      289780.87291043316,
      401502.5157254268,
      639284.937780367,
      1015614.318913605,
      1500728.1034131662,
      2198494.545366337,
      3193474.087092036,
      4862558.387808087,
      6492309.335590986,
      9528999.510291392,
      12659305.003056841,
      16893404.648257304,
      21565183.707976066,
      26704437.21911057,
      32942254.02184616,
      38632993.53665718,
      45516205.265545554,
      54086344.29863219,
      64105579.69667102,
      78815286.90741773,
      95904697.26322153,
      109534075.67323512,
      111063380.36607413,
      101562900.13072959,
      76794375.89941548,
      34956065.251459934,
      6759812.235016761,
      180619.04722252442
   ],
   "Sum weights": [
      65280.0,
      0.0,
      0.0,
      130050.0,
      0.0,
      0.0,
      324104.0,
      0.0,
      0.0,
      193800.0,
      258060.0,
      257048.0,
      449570.0,
      575312.0,
      511036.0,
      700020.0,
      1203734.0,
      1007972.0,
      1445380.0,
      1937042.0,
      2859272.0,
      2897116.0,
      3674690.0,
      5155474.0,
      5773520.0,
      7491838.0,
      9701238.0,
      11757186.0,
      14320938.0,
      17540114.0,
      22734900.0,
      26303374.0,
      34062188.0,
      40733820.0,
      50149068.0,
      60431004.0,
      72289830.0,
      87731826.0,
      102476376.0,
      120332462.0,
      140368314.0,
      158782298.0,
      178392398.0,
      192781200.0,
      200564162.0,
      196929652.0,
      173862636.0,
      123283452.0,
      50816154.0,
      14282052.0,
      1557090.0
   ],
   "Sum w * dv^2": [
      14.203185352045859,
      0.0,
      0.0,
      69.49747327571491,
      0.0,
      0.0,
      402.45893129608385,
      0.0,
      0.0,
      402.261380421495,
      688.0763979105142,
      892.0461299106513,
      2000.6545444992003,
      3408.90883904503,
      3730.244487189902,
      6364.926272082801,
      14136.705602579632,
      14896.372656631123,
      26008.314870742863,
      43973.6992588517,
      82654.47897162804,
      105775.25521960059,
      165244.22812409347,
      289780.87291043316,
      401502.5157254268,
      639284.937780367,
      1015614.318913605,
      1500728.1034131662,
      2198494.545366337,
      3193474.087092036,
      4862558.387808087,
      6492309.335590986,
      9528999.510291392,
      12659305.003056841,
      16893404.648257304,
      21565183.707976066,
      26704437.21911057,
      32942254.02184616,
      38632993.53665718,
      45516205.265545554,
      54086344.29863219,
      64105579.69667102,
      78815286.90741773,
      95904697.26322153,
      109534075.67323512,
      111063380.36607413,
      101562900.13072959,
      76794375.89941548,
      34956065.251459934,
      6759812.235016761,
      180619.04722252442
   ],
   "N pairs": [
      65280,
      0,
      0,
      130050,
      0,
      0,
      324104,
      0,
      0,
      193800,
      258060,
      257048,
      449570,
      575312,
      511036,
      700020,
      1203734,
      1007972,
      1445380,
      1937042,
      2859272,
      2897116,
      3674690,
      5155474,
      5773520,
      7491838,
      9701238,
      11757186,
      14320938,
      17540114,
      22734900,
      26303374,
      34062188,
      40733820,
      50149068,
      60431004,
      72289830,
      87731826,
      102476376,
      120332462,
      140368314,
      158782298,
      178392398,
      192781200,
      200564162,
      196929652,
      173862636,
      123283452,
      50816154,
      14282052,
      1557090
   ],
   "Unweighted B(r)": [
      0.0002175733050252123,
      NaN,
      NaN,
      0.0005343904135003068,
      NaN,
      NaN,
      0.0012417586061760542,
      NaN,
      NaN,
      0.002075652117757972,
      0.0026663427029005433,
      0.003470348455971847,
      0.0044501513546259764,
      0.0059253219801516915,
      0.007299377122531293,
      0.009092492031774523,
      0.011744044450501217,
      0.014778557992316378,
      0.01799410180765118,
      0.022701469177669718,
      0.028907525751879513,
      0.036510535035394025,
      0.04496820905276186,
      0.05620838605925142,
      0.06954206718352526,
      0.08533085442856173,
      0.10468914574754325,
      0.12764347722432615,
      0.1535160996693329,
      0.18206689461037914,
      0.21388079067020693,
      0.24682420344975461,
      0.27975300677371023,
      0.3107811887776997,
      0.3368637807637283,
      0.35685628701413047,
      0.36940794049606385,
      0.3754880699946466,
      0.37699414289062266,
      0.3782537522214542,
      0.3853173323620044,
      0.40373253507561035,
      0.44180855121089707,
      0.4974795118155792,
      0.5461298498244922,
      0.5639748978283582,
      0.5841559892760949,
      0.6229090332368004,
      0.6878927762116734,
      0.4733081937397204,
      0.1159978210781165
   ],
   "Weighted B(r)": [
      0.0002175733050252123,
      NaN,
      NaN,
      0.0005343904135003068,
      NaN,
      NaN,
      0.0012417586061760542,
      NaN,
      NaN,
      0.002075652117757972,
      0.0026663427029005433,
      0.003470348455971847,
      0.0044501513546259764,
      0.0059253219801516915,
      0.007299377122531293,
      0.009092492031774523,
      0.011744044450501217,
      0.014778557992316378,
      0.01799410180765118,
      0.022701469177669718,
      0.028907525751879513,
      0.036510535035394025,
      0.04496820905276186,
      0.05620838605925142,
      0.06954206718352526,
      0.08533085442856173,
      0.10468914574754325,
      0.12764347722432615,
      0.1535160996693329,
      0.18206689461037914,
      0.21388079067020693,
      0.24682420344975461,
      0.27975300677371023,
      0.3107811887776997,
      0.3368637807637283,
      0.35685628701413047,
      0.36940794049606385,
      0.3754880699946466,
      0.37699414289062266,
      0.3782537522214542,
      0.3853173323620044,
      0.40373253507561035,
      0.44180855121089707,
      0.4974795118155792,
      0.5461298498244922,
      0.5639748978283582,
      0.5841559892760949,
      0.6229090332368004,
      0.6878927762116734,
      0.4733081937397204,
      0.1159978210781165
   ],
   "Unweighted sigma^2": 0.22389446033544458,
   "Apparent r0": 32.7956474493563
}