{
   "log10 r": [
      0.0,
      0.05,
      0.1,
      0.15000000000000002,
      0.2,
      0.25,
      0.30000000000000004,
      0.35000000000000003,
      0.4,
      0.45,
      0.5,
      0.55,
      0.6000000000000001,
      0.65,
      0.7000000000000001,
      0.75,
      0.8,
      0.8500000000000001,
      0.9,
      0.9500000000000001,
      1.0,
      1.05,
      1.1,
      1.1500000000000001,
      1.2000000000000002,
      1.25,
      1.3,
      1.35,
      1.4000000000000001,
      1.4500000000000002,
      1.5,
      1.55,
      1.6,
      1.6500000000000001,
      1.7000000000000002,
      1.75,
      1.8,
      1.85,
      1.9000000000000001,
      1.9500000000000002,
      2.0,
      2.0500000000000003,
      2.1,
      2.15,
      2.2,
      2.25,
      2.3000000000000003,
      2.35,
      2.4000000000000004,
      2.45,
      2.5
   ],
   "Sum dv^2": [
      335.97432563946467,
      0.0,
      0.0,
      1798.0373093901476,
      0.0,
      0.0,
      9962.806320138923,
      0.0,
      0.0,
      9465.1671941125,
      16518.267304863464,
      20824.66408202095,
      44805.77452237605,
      73029.22259528803,
      78815.2414070025,
      126843.6137013915,
      266154.8808986925,
      264638.8392471447,
      434790.7027016743,
      680395.6282874204,
      1170477.3302799745,
      1364936.5904784421,
      1948806.1379592963,
      3095297.586269995,
      3871718.265708785,
      5560380.650927482,
      7929195.535214739,
      10536346.187013702,
      13976412.42288843,
      18589004.52633721,
      26117126.908019364,
      32535489.93381875,
      44888047.82242728,
      56653925.79093626,
      73299724.74353458,
      93092303.53197266,
      118087180.03408827,
      152390897.86808383,
      188975905.71316513,
      232172592.45455232,
      276642697.1568776,
      310414727.0496439,
      342475478.5622861,
      360575914.511026,
      361657102.6705776,
      384893248.57336825,
      347246552.68542546,
      209282431.57747698,
      74150440.54089849,
      19132885.623690438,
      1061224.3048001365
   ],
   "Sum weights": [
      65280.0,
      0.0,
      0.0,
      130050.0,
      0.0,
      0.0,
      324104.0,
      0.0,
      0.0,
      193800.0,
      258060.0,
      257048.0,
      449570.0,
      575312.0,
      511036.0,
      700020.0,
      1203734.0,
      1007972.0,
      1445380.0,
      1937042.0,
      2859272.0,
      2897116.0,
      3674690.0,
      5155474.0,
      5773520.0,
      7491838.0,
      9701238.0,
      11757186.0,
      14320938.0,
      17540114.0,
      22734900.0,
      26303374.0,
      34062188.0,
      40733820.0,
      50149068.0,
      60431004.0,
      72289830.0,
      87731826.0,
      102476376.0,
      120332462.0,
      140368314.0,
      158782298.0,
      178392398.0,
      192781200.0,
      200564162.0,
      196929652.0,
      173862636.0,
      123283452.0,
      50816154.0,
      14282052.0,
      1557090.0
   ],
   "Sum w * dv^2": [
      335.97432563946467,
      0.0,
      0.0,
      1798.0373093901476,
      0.0,
      0.0,
      9962.806320138923,
      0.0,
      0.0,
      9465.1671941125,
      16518.267304863464,
      20824.66408202095,
      44805.77452237605,
      73029.22259528803,
      78815.2414070025,
      126843.6137013915,
      266154.8808986925,
      264638.8392471447,
      434790.7027016743,
      680395.6282874204,
      1170477.3302799745,
      1364936.5904784421,
      1948806.1379592963,
      3095297.586269995,
      3871718.265708785,
      5560380.650927482,
      7929195.535214739,
      10536346.187013702,
      13976412.42288843,
      18589004.52633721,
      26117126.908019364,
      32535489.93381875,
      44888047.82242728,
      56653925.79093626,
      73299724.74353458,
      93092303.53197266,
      118087180.03408827,
      152390897.86808383,
      188975905.71316513,
      232172592.45455232,
      276642697.1568776,
      310414727.0496439,
      342475478.5622861,
      360575914.511026,
      361657102.6705776,
      384893248.57336825,
      347246552.68542546,
      209282431.57747698,
      74150440.54089849,
      19132885.623690438,
      1061224.3048001365
   ],
   "N pairs": [
      65280,
      0,
      0,
      130050,
      0,
      0,
      324104,
      0,
      0,
      193800,
      258060,
      257048,
      449570,
      575312,
      511036,
      700020,
      1203734,
      1007972,
      1445380,
      1937042,
      2859272,
      2897116,
      3674690,
      5155474,
      5773520,
      7491838,
      9701238,
      11757186,
      14320938,
      17540114,
      22734900,
      26303374,
      34062188,
      40733820,
      50149068,
      60431004,
      72289830,
      87731826,
      102476376,
      120332462,
      140368314,
      158782298,
      178392398,
      192781200,
      200564162,
      196929652,
      173862636,
      123283452,
      50816154,
      14282052,
      1557090
   ],
   "Unweighted B(r)": [
      0.005146665527565329,
      NaN,
      NaN,
      0.013825738634295637,
      NaN,
      NaN,
      0.03073953521134859,
      NaN,
      NaN,
      0.04883987200264448,
      0.06400940597095041,
      0.0810146901824599,
      0.09966362195514837,
      0.12693846572866205,
      0.15422639776258912,
      0.18119998528812248,
      0.22110772055843944,
      0.26254582393870535,
      0.3008141130371766,
      0.35125496932302985,
      0.40936200902886277,
      0.4711363267740892,
      0.530332119977276,
      0.6003904948933881,
      0.670599264522992,
      0.7421917893749814,
      0.8173385226931592,
      0.8961622438408053,
      0.9759425271506957,
      1.0597995273199028,
      1.148768057392791,
      1.2369321872478698,
      1.3178263188033394,
      1.3908326248541447,
      1.4616368292933097,
      1.540472561600543,
      1.6335241075278262,
      1.7370081624436249,
      1.8440923956284825,
      1.9294260966301207,
      1.9708343662008905,
      1.9549706167474907,
      1.9197874035096836,
      1.870389407841771,
      1.8031990314928625,
      1.9544707699649428,
      1.99724656587759,
      1.6975711515400864,
      1.459190330320915,
      1.3396454251595245,
      0.681543330700304
   ],
   "Weighted B(r)": [
      0.005146665527565329,
      NaN,
      NaN,
      0.013825738634295637,
      NaN,
      NaN,
      0.03073953521134859,
      NaN,
      NaN,
      0.04883987200264448,
      0.06400940597095041,
      0.0810146901824599,
      0.09966362195514837,
      0.12693846572866205,
      0.15422639776258912,
      0.18119998528812248,
      0.22110772055843944,
      0.26254582393870535,
      0.3008141130371766,
      0.35125496932302985,
      0.40936200902886277,
      0.4711363267740892,
      0.530332119977276,
      0.6003904948933881,
      0.670599264522992,
      0.7421917893749814,
      0.8173385226931592,
      0.8961622438408053,
      0.9759425271506957,
      1.0597995273199028,
      1.148768057392791,
      1.2369321872478698,
      1.3178263188033394,
      1.3908326248541447,
      1.4616368292933097,
      1.540472561600543,
      1.6335241075278262,
      1.7370081624436249,
      1.8440923956284825,
      1.9294260966301207,
      1.9708343662008905,
      1.9549706167474907,
      1.9197874035096836,
      1.870389407841771,
      1.8031990314928625,
      1.9544707699649428,
      1.99724656587759,
      1.6975711515400864,
      1.459190330320915,
      1.3396454251595245,
      0.681543330700304
   ],
   "Unweighted sigma^2": 0.8819087659379112,
   "Apparent r0": 21.94697145385634
}