{
   "log10 r": [
      0.0,
      0.05,
      0.1,
      0.15000000000000002,
      0.2,
      0.25,
      0.30000000000000004,
      0.35000000000000003,
      0.4,
      0.45,
      0.5,
      0.55,
      0.6000000000000001,
      0.65,
      0.7000000000000001,
      0.75,
      0.8,
      0.8500000000000001,
      0.9,
      0.9500000000000001,
      1.0,
      1.05,
      1.1,
      1.1500000000000001,
      1.2000000000000002,
      1.25,
      1.3,
      1.35,
      1.4000000000000001,
      1.4500000000000002,
      1.5,
      1.55,
      1.6,
      1.6500000000000001,
      1.7000000000000002,
      1.75,
      1.8,
      1.85,
      1.9000000000000001,
      1.9500000000000002,
      2.0,
      2.0500000000000003,
      2.1,
      2.15,
      2.2,
      2.25,
      2.3000000000000003,
      2.35,
      2.4000000000000004,
      2.45,
      2.5
   ],
   "Sum dv^2": [
      18.175705113691002,
      0.0,
      0.0,
      78.06090120781201,
      0.0,
      0.0,
      461.42236429192695,
      0.0,
      0.0,
      472.8671977351744,
      774.5227004430636,
      1004.8786844070676,
      2291.3211916448713,
      3903.8445430863917,
      4212.110713759397,
      7277.87043963918,
      16119.737329110661,
      16899.35223942419,
      29696.981720744552,
      50272.83369132731,
      94926.0617530193,
      121637.04942763405,
      191099.68782436024,
      336063.5084155684,
      469016.4627457467,
      752392.0440796438,
      1207065.0402822946,
      1805683.261061127,
      2682286.737225353,
      3965946.516493683,
      6175298.313687968,
      8464187.331399925,
      12816151.015745517,
      17667332.742263254,
      24601302.502275143,
      32915314.759049162,
      42874563.41199651,
      55775088.47313816,
      69024848.91737825,
      85429866.14574668,
      105210607.71673232,
      125161166.90137067,
      145050810.27930042,
      153827269.6168539,
      145112427.39397785,
      116757877.32251625,
      79773890.31385867,
      49756756.06628151,
      23280877.711114634,
      4989708.207035408,
      95832.37434816253
   ],
   "Sum weights": [
      65280.0,
      0.0,
      0.0,
      130050.0,
      0.0,
      0.0,
      324104.0,
      0.0,
      0.0,
      193800.0,
      258060.0,
      257048.0,
      449570.0,
      575312.0,
      511036.0,
      700020.0,
      1203734.0,
      1007972.0,
      1445380.0,
      1937042.0,
      2859272.0,
      2897116.0,
      3674690.0,
      5155474.0,
      5773520.0,
      7491838.0,
      9701238.0,
      11757186.0,
      14320938.0,
      17540114.0,
      22734900.0,
      26303374.0,
      34062188.0,
      40733820.0,
      50149068.0,
      60431004.0,
      72289830.0,
      87731826.0,
      102476376.0,
      120332462.0,
      140368314.0,
      158782298.0,
      178392398.0,
      192781200.0,
      200564162.0,
      196929652.0,
      173862636.0,
      123283452.0,
      50816154.0,
      14282052.0,
      1557090.0
   ],
   "Sum w * dv^2": [
      18.175705113691002,
      0.0,
      0.0,
      78.06090120781201,
      0.0,
      0.0,
      461.42236429192695,
      0.0,
      0.0,
      472.8671977351744,
      774.5227004430636,
      1004.8786844070676,
      2291.3211916448713,
      3903.8445430863917,
      4212.110713759397,
      7277.87043963918,
      16119.737329110661,
      16899.35223942419,
      29696.981720744552,
      50272.83369132731,
      94926.0617530193,
      121637.04942763405,
      191099.68782436024,
      336063.5084155684,
      469016.4627457467,
      752392.0440796438,
      1207065.0402822946,
      1805683.261061127,
      2682286.737225353,
      3965946.516493683,
      6175298.313687968,
      8464187.331399925,
      12816151.015745517,
      17667332.742263254,
      24601302.502275143,
      32915314.759049162,
      42874563.41199651,
      55775088.47313816,
      69024848.91737825,
      85429866.14574668,
      105210607.71673232,
      125161166.90137067,
      145050810.27930042,
      153827269.6168539,
      145112427.39397785,
      116757877.32251625,
      79773890.31385867,
      49756756.06628151,
      23280877.711114634,
      4989708.207035408,
      95832.37434816253
   ],
   "N pairs": [
      65280,
      0,
      0,
      130050,
      0,
      0,
      324104,
      0,
      0,
      193800,
      258060,
      257048,
      449570,
      575312,
      511036,
      700020,
      1203734,
      1007972,
      1445380,
      1937042,
      2859272,
      2897116,
      3674690,
      5155474,
      5773520,
      7491838,
      9701238,
      11757186,
      14320938,
      17540114,
      22734900,
      26303374,
      34062188,
      40733820,
      50149068,
      60431004,
      72289830,
      87731826,
      102476376,
      120332462,
      140368314,
      158782298,
      178392398,
      192781200,
      200564162,
      196929652,
      173862636,
      123283452,
      50816154,
      14282052,
      1557090
   ],
   "Unweighted B(r)": [
      0.0002784268552955117,
      NaN,
      NaN,
      0.0006002376102100116,
      NaN,
      NaN,
      0.001423686114000219,
      NaN,
      NaN,
      0.0024399752205117357,
      0.003001327987456652,
      0.003909303649151394,
      0.00509669504558772,
      0.006785612924963136,
      0.008242297438457167,
      0.010396660723463872,
      0.013391444728744607,
      0.01676569611003499,
      0.020546141305915783,
      0.0259534040518106,
      0.03319938143451175,
      0.04198556406703565,
      0.05200430181167942,
      0.0651857634071219,
      0.08123579077334914,
      0.10042823190779669,
      0.12442381480407909,
      0.1535812447860506,
      0.18729825778348827,
      0.2261072257850595,
      0.2716219694693167,
      0.3217909356951669,
      0.37625742115408195,
      0.4337263910495813,
      0.49056350363829576,
      0.5446759540690266,
      0.5930926025416924,
      0.6357452137510299,
      0.6735684029007646,
      0.7099486267117736,
      0.7495324601300855,
      0.7882564270569423,
      0.8130997279340368,
      0.7979370893886639,
      0.7235212210742707,
      0.5928912996937417,
      0.45883285879697966,
      0.4035963891267541,
      0.4581393096202171,
      0.34936913876489234,
      0.06154581581550362
   ],
   "Weighted B(r)": [
      0.0002784268552955117,
      NaN,
      NaN,
      0.0006002376102100116,
      NaN,
      NaN,
      0.001423686114000219,
      NaN,
      NaN,
      0.0024399752205117357,
      0.003001327987456652,
      0.003909303649151394,
      0.00509669504558772,
      0.006785612924963136,
      0.008242297438457167,
      0.010396660723463872,
      0.013391444728744607,
      0.01676569611003499,
      0.020546141305915783,
      0.0259534040518106,
      0.03319938143451175,
      0.04198556406703565,
      0.05200430181167942,
      0.0651857634071219,
      0.08123579077334914,
      0.10042823190779669,
      0.12442381480407909,
      0.1535812447860506,
      0.18729825778348827,
      0.2261072257850595,
      0.2716219694693167,
      0.3217909356951669,
      0.37625742115408195,
      0.4337263910495813,
      0.49056350363829576,
      0.5446759540690266,
      0.5930926025416924,
      0.6357452137510299,
      0.6735684029007646,
      0.7099486267117736,
      0.7495324601300855,
      0.7882564270569423,
      0.8130997279340368,
      0.7979370893886639,
      0.7235212210742707,
      0.5928912996937417,
      0.45883285879697966,
      0.4035963891267541,
      0.4581393096202171,
      0.34936913876489234,
      0.06154581581550362
   ],
   "Unweighted sigma^2": 0.30761148693574436,
   "Apparent r0": 34.39077854627287
}