{
   "log10 r": [
      0.0,
      0.05,
      0.1,
      0.15000000000000002,
      0.2,
      0.25,
      0.30000000000000004,
      0.35000000000000003,
      0.4,
      0.45,
      0.5,
      0.55,
      0.6000000000000001,
      0.65,
      0.7000000000000001,
      0.75,
      0.8,
      0.8500000000000001,
      0.9,
      0.9500000000000001,
      1.0,
      1.05,
      1.1,
      1.1500000000000001,
      1.2000000000000002,
      1.25,
      1.3,
      1.35,
      1.4000000000000001,
      1.4500000000000002,
      1.5,
      1.55,
      1.6,
      1.6500000000000001,
      1.7000000000000002,
      1.75,
      1.8,
      1.85,
      1.9000000000000001,
      1.9500000000000002,
      2.0,
      2.0500000000000003,
      2.1,
      2.15,
      2.2,
      2.25,
      2.3000000000000003,
      2.35,
      2.4000000000000004,
      2.45,
      2.5
   ],
   "Sum dv^2": [
      14.476002416390608,
      0.0,
      0.0,
      95.6824693374826,
      0.0,
      0.0,
      533.8753967343805,
      0.0,
      0.0,
      508.990356704092,
      946.9264579649973,
      1227.0757327962474,
      2675.0750982387503,
      4570.319288836358,
      5133.560673540826,
      8591.828512430224,
      19240.196869368752,
      20525.888702878932,
      35568.98216429802,
      60339.34842565499,
      113290.96544299024,
      145969.2269392097,
      228040.90251542773,
      403346.85391287954,
      560273.5700353992,
      898964.35444444,
      1437793.532285656,
      2151040.7875123797,
      3193254.042564676,
      4727709.550550586,
      7374978.196763321,
      10155763.561117392,
      15497873.191202534,
      21656163.282741167,
      30814176.69583854,
      42444292.47300397,
      57348841.706244536,
      77680212.68120761,
      99688915.98206183,
      125708232.18593128,
      153076563.52944097,
      175506412.66394022,
      194944308.9402546,
      205049315.00204334,
      210292405.4673374,
      215626208.47793287,
      194494220.0685008,
      116815393.21001843,
      37078744.429651976,
      8743533.479066115,
      438872.883256028
   ],
   "Sum weights": [
      65280.0,
      0.0,
      0.0,
      130050.0,
      0.0,
      0.0,
      324104.0,
      0.0,
      0.0,
      193800.0,
      258060.0,
      257048.0,
      449570.0,
      575312.0,
      511036.0,
      700020.0,
      1203734.0,
      1007972.0,
      1445380.0,
      1937042.0,
      2859272.0,
      2897116.0,
      3674690.0,
      5155474.0,
      5773520.0,
      7491838.0,
      9701238.0,
      11757186.0,
      14320938.0,
      17540114.0,
      22734900.0,
      26303374.0,
      34062188.0,
      40733820.0,
      50149068.0,
      60431004.0,
      72289830.0,
      87731826.0,
      102476376.0,
      120332462.0,
      140368314.0,
      158782298.0,
      178392398.0,
      192781200.0,
      200564162.0,
      196929652.0,
      173862636.0,
      123283452.0,
      50816154.0,
      14282052.0,
      1557090.0
   ],
   "Sum w * dv^2": [
      14.476002416390608,
      0.0,
      0.0,
      95.6824693374826,
      0.0,
      0.0,
      533.8753967343805,
      0.0,
      0.0,
      508.990356704092,
      946.9264579649973,
      1227.0757327962474,
      2675.0750982387503,
      4570.319288836358,
      5133.560673540826,
      8591.828512430224,
      19240.196869368752,
      20525.888702878932,
      35568.98216429802,
      60339.34842565499,
      113290.96544299024,
      145969.2269392097,
      228040.90251542773,
      403346.85391287954,
      560273.5700353992,
      898964.35444444,
      1437793.532285656,
      2151040.7875123797,
      3193254.042564676,
      4727709.550550586,
      7374978.196763321,
      10155763.561117392,
      15497873.191202534,
      21656163.282741167,
      30814176.69583854,
      42444292.47300397,
      57348841.706244536,
      77680212.68120761,
      99688915.98206183,
      125708232.18593128,
      153076563.52944097,
      175506412.66394022,
      194944308.9402546,
      205049315.00204334,
      210292405.4673374,
      215626208.47793287,
      194494220.0685008,
      116815393.21001843,
      37078744.429651976,
      8743533.479066115,
      438872.883256028
   ],
   "N pairs": [
      65280,
      0,
      0,
      130050,
      0,
      0,
      324104,
      0,
      0,
      193800,
      258060,
      257048,
      449570,
      575312,
      511036,
      700020,
      1203734,
      1007972,
      1445380,
      1937042,
      2859272,
      2897116,
      3674690,
      5155474,
      5773520,
      7491838,
      9701238,
      11757186,
      14320938,
      17540114,
      22734900,
      26303374,
      34062188,
      40733820,
      50149068,
      60431004,
      72289830,
      87731826,
      102476376,
      120332462,
      140368314,
      158782298,
      178392398,
      192781200,
      200564162,
      196929652,
      173862636,
      123283452,
      50816154,
      14282052,
      1557090
   ],
   "Unweighted B(r)": [
      0.00022175248799617965,
      NaN,
      NaN,
      0.0007357360195115925,
      NaN,
      NaN,
      0.0016472348281242456,
      NaN,
      NaN,
      0.0026263692296392776,
      0.0036694042391885503,
      0.004773722156158567,
      0.005950297168936429,
      0.00794407084996725,
      0.010045399293867411,
      0.012273690055184458,
      0.015983761254038477,
      0.020363550478464613,
      0.024608741067607146,
      0.031150253027892524,
      0.03962231135862214,
      0.05038432252599127,
      0.06205718101810703,
      0.07823661876926924,
      0.097041938026611,
      0.11999249776148924,
      0.14820722182938467,
      0.18295541020720263,
      0.22297799505623697,
      0.2695369910680504,
      0.3243901753147505,
      0.3861011732227733,
      0.4549876006556753,
      0.5316506844371868,
      0.6144516323980047,
      0.7023595449945523,
      0.7933182538435148,
      0.8854279709304992,
      0.9727989988840143,
      1.0446743139513865,
      1.090535030074102,
      1.1053273247370448,
      1.0927837235544902,
      1.0636375071949098,
      1.0485043956523867,
      1.0949402808975301,
      1.1186660029041593,
      0.9475350609911412,
      0.7296645163199871,
      0.6122042882259576,
      0.2818545384377448
   ],
   "Weighted B(r)": [
      0.00022175248799617965,
      NaN,
      NaN,
      0.0007357360195115925,
      NaN,
      NaN,
      0.0016472348281242456,
      NaN,
      NaN,
      0.0026263692296392776,
      0.0036694042391885503,
      0.004773722156158567,
      0.005950297168936429,
      0.00794407084996725,
      0.010045399293867411,
      0.012273690055184458,
      0.015983761254038477,
      0.020363550478464613,
      0.024608741067607146,
      0.031150253027892524,
      0.03962231135862214,
      0.05038432252599127,
      0.06205718101810703,
      0.07823661876926924,
      0.097041938026611,
      0.11999249776148924,
      0.14820722182938467,
      0.18295541020720263,
      0.22297799505623697,
      0.2695369910680504,
      0.3243901753147505,
      0.3861011732227733,
      0.4549876006556753,
      0.5316506844371868,
      0.6144516323980047,
      0.7023595449945523,
      0.7933182538435148,
      0.8854279709304992,
      0.9727989988840143,
      1.0446743139513865,
      1.090535030074102,
      1.1053273247370448,
      1.0927837235544902,
      1.0636375071949098,
      1.0485043956523867,
      1.0949402808975301,
      1.1186660029041593,
      0.9475350609911412,
      0.7296645163199871,
      0.6122042882259576,
      0.2818545384377448
   ],
   "Unweighted sigma^2": 0.47030920174637975,
   "Apparent r0": 40.781547496049726
}