{
   "log10 r": [
      0.0,
      0.05,
      0.1,
      0.15000000000000002,
      0.2,
      0.25,
      0.30000000000000004,
      0.35000000000000003,
      0.4,
      0.45,
      0.5,
      0.55,
      0.6000000000000001,
      0.65,
      0.7000000000000001,
      0.75,
      0.8,
      0.8500000000000001,
      0.9,
      0.9500000000000001,
      1.0,
      1.05,
      1.1,
      1.1500000000000001,
      1.2000000000000002,
      1.25,
      1.3,
      1.35,
      1.4000000000000001,
      1.4500000000000002,
      1.5,
      1.55,
      1.6,
      1.6500000000000001,
      1.7000000000000002,
      1.75,
      1.8,
      1.85,
      1.9000000000000001,
      1.9500000000000002,
      2.0,
      2.0500000000000003,
      2.1,
      2.15,
      2.2,
      2.25,
      2.3000000000000003,
      2.35,
      2.4000000000000004,
      2.45,
      2.5
   ],
   "Sum dv^2": [
      63.449058157769535,
      0.0,
      0.0,
      308.6857569834548,
      0.0,
      0.0,
      1785.5160764378313,
      0.0,
      0.0,
      1783.8307075175574,
      3040.3237273222085,
      3938.5632862703123,
      8815.48303124056,
      14987.362578359742,
      16332.71913546463,
      27803.487294269,
      61452.64234919797,
      64425.692633971135,
      111845.84949737786,
      187633.3167506873,
      349083.5880316812,
      441526.4517847943,
      680864.0852340396,
      1173850.7891199116,
      1595011.6101516914,
      2483405.5337029947,
      3840761.5275224494,
      5505695.282488551,
      7802098.784725908,
      10949268.104101593,
      16085455.102846192,
      20764328.959209144,
      29586773.957194448,
      38420156.784107774,
      50580593.74578519,
      64271976.26695357,
      79898107.49113569,
      99666326.86143449,
      118917513.76786268,
      143058377.7964978,
      174276234.3875783,
      208597427.7829058,
      240984268.81320816,
      253100039.50031647,
      243395929.58058238,
      209536870.11318594,
      156517440.60261354,
      105193173.75841822,
      53302383.48208538,
      12068711.024271647,
      328449.42395797867
   ],
   "Sum weights": [
      65280.0,
      0.0,
      0.0,
      130050.0,
      0.0,
      0.0,
      324104.0,
      0.0,
      0.0,
      193800.0,
      258060.0,
      257048.0,
      449570.0,
      575312.0,
      511036.0,
      700020.0,
      1203734.0,
      1007972.0,
      1445380.0,
      1937042.0,
      2859272.0,
      2897116.0,
      3674690.0,
      5155474.0,
      5773520.0,
      7491838.0,
      9701238.0,
      11757186.0,
      14320938.0,
      17540114.0,
      22734900.0,
      26303374.0,
      34062188.0,
      40733820.0,
      50149068.0,
      60431004.0,
      72289830.0,
      87731826.0,
      102476376.0,
      120332462.0,
      140368314.0,
      158782298.0,
      178392398.0,
      192781200.0,
      200564162.0,
      196929652.0,
      173862636.0,
      123283452.0,
      50816154.0,
      14282052.0,
      1557090.0
   ],
   "Sum w * dv^2": [
      63.449058157769535,
      0.0,
      0.0,
      308.6857569834548,
      0.0,
      0.0,
      1785.5160764378313,
      0.0,
      0.0,
      1783.8307075175574,
      3040.3237273222085,
      3938.5632862703123,
      8815.48303124056,
      14987.362578359742,
      16332.71913546463,
      27803.487294269,
      61452.64234919797,
      64425.692633971135,
      111845.84949737786,
      187633.3167506873,
      349083.5880316812,
      441526.4517847943,
      680864.0852340396,
      1173850.7891199116,
      1595011.6101516914,
      2483405.5337029947,
      3840761.5275224494,
      5505695.282488551,
      7802098.784725908,
      10949268.104101593,
      16085455.102846192,
      20764328.959209144,
      29586773.957194448,
      38420156.784107774,
      50580593.74578519,
      64271976.26695357,
      79898107.49113569,
      99666326.86143449,
      118917513.76786268,
      143058377.7964978,
      174276234.3875783,
      208597427.7829058,
      240984268.81320816,
      253100039.50031647,
      243395929.58058238,
      209536870.11318594,
      156517440.60261354,
      105193173.75841822,
      53302383.48208538,
      12068711.024271647,
      328449.42395797867
   ],
   "N pairs": [
      65280,
      0,
      0,
      130050,
      0,
      0,
      324104,
      0,
      0,
      193800,
      258060,
      257048,
      449570,
      575312,
      511036,
      700020,
      1203734,
      1007972,
      1445380,
      1937042,
      2859272,
      2897116,
      3674690,
      5155474,
      5773520,
      7491838,
      9701238,
      11757186,
      14320938,
      17540114,
      22734900,
      26303374,
      34062188,
      40733820,
      50149068,
      60431004,
      72289830,
      87731826,
      102476376,
      120332462,
      140368314,
      158782298,
      178392398,
      192781200,
      200564162,
      196929652,
      173862636,
      123283452,
      50816154,
      14282052,
      1557090
   ],
   "Unweighted B(r)": [
      0.0009719524840344598,
      NaN,
      NaN,
      0.0023735929026024974,
      NaN,
      NaN,
      0.005509083739903955,
      NaN,
      NaN,
      0.009204492814848078,
      0.011781460618934389,
      0.015322287223671502,
      0.01960869949338381,
      0.026050842983215614,
      0.03196001678054898,
      0.039718132759448306,
      0.051051679481677825,
      0.06391615306176276,
      0.07738162247808733,
      0.09686590004279066,
      0.12208827562809037,
      0.15240206183832275,
      0.1852847683026431,
      0.22769017729890823,
      0.2762632865481875,
      0.33148147807026723,
      0.3959042678390582,
      0.46828342109145427,
      0.5448036144508068,
      0.6242415587550681,
      0.7075225799474021,
      0.7894169378882399,
      0.8686104943462366,
      0.9432004360039833,
      1.0086048607281235,
      1.0635596302016357,
      1.1052468582528925,
      1.136033881951055,
      1.1604383215880183,
      1.1888593935400225,
      1.241563921524186,
      1.3137322636740387,
      1.350866244946201,
      1.3128875611331212,
      1.2135564357733182,
      1.0640188919502378,
      0.9002362106290251,
      0.8532627214106417,
      1.0489259671655864,
      0.8450264026676031,
      0.21093798300546446
   ],
   "Weighted B(r)": [
      0.0009719524840344598,
      NaN,
      NaN,
      0.0023735929026024974,
      NaN,
      NaN,
      0.005509083739903955,
      NaN,
      NaN,
      0.009204492814848078,
      0.011781460618934389,
      0.015322287223671502,
      0.01960869949338381,
      0.026050842983215614,
      0.03196001678054898,
      0.039718132759448306,
      0.051051679481677825,
      0.06391615306176276,
      0.07738162247808733,
      0.09686590004279066,
      0.12208827562809037,
      0.15240206183832275,
      0.1852847683026431,
      0.22769017729890823,
      0.2762632865481875,
      0.33148147807026723,
      0.3959042678390582,
      0.46828342109145427,
      0.5448036144508068,
      0.6242415587550681,
      0.7075225799474021,
      0.7894169378882399,
      0.8686104943462366,
      0.9432004360039833,
      1.0086048607281235,
      1.0635596302016357,
      1.1052468582528925,
      1.136033881951055,
      1.1604383215880183,
      1.1888593935400225,
      1.241563921524186,
      1.3137322636740387,
      1.350866244946201,
      1.3128875611331212,
      1.2135564357733182,
      1.0640188919502378,
      0.9002362106290251,
      0.8532627214106417,
      1.0489259671655864,
      0.8450264026676031,
      0.21093798300546446
   ],
   "Unweighted sigma^2": 0.5500359521253294,
   "Apparent r0": 25.320744310458515
}