{
   "log10 r": [
      0.0,
      0.05,
      0.1,
      0.15000000000000002,
      0.2,
      0.25,
      0.30000000000000004,
      0.35000000000000003,
      0.4,
      0.45,
      0.5,
      0.55,
      0.6000000000000001,
      0.65,
      0.7000000000000001,
      0.75,
      0.8,
      0.8500000000000001,
      0.9,
      0.9500000000000001,
      1.0,
      1.05,
      1.1,
      1.1500000000000001,
      1.2000000000000002,
      1.25,
      1.3,
      1.35,
      1.4000000000000001,
      1.4500000000000002,
      1.5,
      1.55,
      1.6,
      1.6500000000000001,
      1.7000000000000002,
      1.75,
      1.8,
      1.85,
      1.9000000000000001,
      1.9500000000000002,
      2.0,
      2.0500000000000003,
      2.1,
      2.15,
      2.2,
      2.25,
      2.3000000000000003,
      2.35,
      2.4000000000000004,
      2.45,
      2.5
   ],
   "Sum dv^2": [
      63.63352656649296,
      0.0,
      0.0,
      303.93401952022543,
      0.0,
      0.0,
      1763.7783347295174,
      0.0,
      0.0,
      1765.9997433761603,
      2999.8237678007913,
      3873.2662475061748,
      8711.599635253593,
      14766.577070566791,
      16132.898379582144,
      27451.964228279063,
      60600.31560563042,
      63311.45195105342,
      110202.75401293936,
      184632.81589158942,
      343855.7839537681,
      433247.8548629776,
      667570.9160024718,
      1145622.5095560683,
      1553597.4653744646,
      2403278.859796897,
      3697713.8691437026,
      5241050.097707499,
      7344338.113711238,
      10128117.976362523,
      14549262.256316075,
      18261138.81505852,
      25138951.137934536,
      31304138.76287237,
      39321309.55203538,
      47682410.64055466,
      56790263.72402786,
      68371897.64119768,
      79759949.93471436,
      94778844.1965559,
      111836703.3179339,
      126430176.20197703,
      148841762.90092954,
      183003559.04007718,
      211632327.7395767,
      210411974.0066273,
      195211136.91883588,
      159413364.8619341,
      77187285.57423075,
      18032961.219824977,
      1026207.8908552537
   ],
   "Sum weights": [
      65280.0,
      0.0,
      0.0,
      130050.0,
      0.0,
      0.0,
      324104.0,
      0.0,
      0.0,
      193800.0,
      258060.0,
      257048.0,
      449570.0,
      575312.0,
      511036.0,
      700020.0,
      1203734.0,
      1007972.0,
      1445380.0,
      1937042.0,
      2859272.0,
      2897116.0,
      3674690.0,
      5155474.0,
      5773520.0,
      7491838.0,
      9701238.0,
      11757186.0,
      14320938.0,
      17540114.0,
      22734900.0,
      26303374.0,
      34062188.0,
      40733820.0,
      50149068.0,
      60431004.0,
      72289830.0,
      87731826.0,
      102476376.0,
      120332462.0,
      140368314.0,
      158782298.0,
      178392398.0,
      192781200.0,
      200564162.0,
      196929652.0,
      173862636.0,
      123283452.0,
      50816154.0,
      14282052.0,
      1557090.0
   ],
   "Sum w * dv^2": [
      63.63352656649296,
      0.0,
      0.0,
      303.93401952022543,
      0.0,
      0.0,
      1763.7783347295174,
      0.0,
      0.0,
      1765.9997433761603,
      2999.8237678007913,
      3873.2662475061748,
      8711.599635253593,
      14766.577070566791,
      16132.898379582144,
      27451.964228279063,
      60600.31560563042,
      63311.45195105342,
      110202.75401293936,
      184632.81589158942,
      343855.7839537681,
      433247.8548629776,
      667570.9160024718,
      1145622.5095560683,
      1553597.4653744646,
      2403278.859796897,
      3697713.8691437026,
      5241050.097707499,
      7344338.113711238,
      10128117.976362523,
      14549262.256316075,
      18261138.81505852,
      25138951.137934536,
      31304138.76287237,
      39321309.55203538,
      47682410.64055466,
      56790263.72402786,
      68371897.64119768,
      79759949.93471436,
      94778844.1965559,
      111836703.3179339,
      126430176.20197703,
      148841762.90092954,
      183003559.04007718,
      211632327.7395767,
      210411974.0066273,
      195211136.91883588,
      159413364.8619341,
      77187285.57423075,
      18032961.219824977,
      1026207.8908552537
   ],
   "N pairs": [
      65280,
      0,
      0,
      130050,
      0,
      0,
      324104,
      0,
      0,
      193800,
      258060,
      257048,
      449570,
      575312,
      511036,
      700020,
      1203734,
      1007972,
      1445380,
      1937042,
      2859272,
      2897116,
      3674690,
      5155474,
      5773520,
      7491838,
      9701238,
      11757186,
      14320938,
      17540114,
      22734900,
      26303374,
      34062188,
      40733820,
      50149068,
      60431004,
      72289830,
      87731826,
      102476376,
      120332462,
      140368314,
      158782298,
      178392398,
      192781200,
      200564162,
      196929652,
      173862636,
      123283452,
      50816154,
      14282052,
      1557090
   ],
   "Unweighted B(r)": [
      0.0009747782868641692,
      NaN,
      NaN,
      0.002337055128952137,
      NaN,
      NaN,
      0.005442013473235497,
      NaN,
      NaN,
      0.00911248577593478,
      0.01162452052933733,
      0.01506826058754075,
      0.019377626699409643,
      0.025667076422127108,
      0.03156900566610208,
      0.03921597129836157,
      0.050343610470112515,
      0.06281072485252906,
      0.0762448311260287,
      0.09531688827169954,
      0.12025990670134498,
      0.1495445314799192,
      0.1816672742469356,
      0.22221477783731783,
      0.26909016776151545,
      0.3207862823244305,
      0.3811589684887334,
      0.4457741927113766,
      0.5128391809049965,
      0.5774260062598523,
      0.6399527711279168,
      0.6942508141753418,
      0.7380310136839869,
      0.7685048631057037,
      0.7840885408286227,
      0.789038862246185,
      0.7855913303991426,
      0.7793283322428246,
      0.7783252399042132,
      0.7876415276582299,
      0.7967375266609948,
      0.7962485604155762,
      0.8343503678947661,
      0.949281148992107,
      1.0551851618415093,
      1.0684626305368543,
      1.1227894699516454,
      1.2930637670815228,
      1.5189517407049489,
      1.2626309734641057,
      0.6590549620479572
   ],
   "Weighted B(r)": [
      0.0009747782868641692,
      NaN,
      NaN,
      0.002337055128952137,
      NaN,
      NaN,
      0.005442013473235497,
      NaN,
      NaN,
      0.00911248577593478,
      0.01162452052933733,
      0.01506826058754075,
      0.019377626699409643,
      0.025667076422127108,
      0.03156900566610208,
      0.03921597129836157,
      0.050343610470112515,
      0.06281072485252906,
      0.0762448311260287,
      0.09531688827169954,
      0.12025990670134498,
      0.1495445314799192,
      0.1816672742469356,
      0.22221477783731783,
      0.26909016776151545,
      0.3207862823244305,
      0.3811589684887334,
      0.4457741927113766,
      0.5128391809049965,
      0.5774260062598523,
      0.6399527711279168,
      0.6942508141753418,
      0.7380310136839869,
      0.7685048631057037,
      0.7840885408286227,
      0.789038862246185,
      0.7855913303991426,
      0.7793283322428246,
      0.7783252399042132,
      0.7876415276582299,
      0.7967375266609948,
      0.7962485604155762,
      0.8343503678947661,
      0.949281148992107,
      1.0551851618415093,
      1.0684626305368543,
      1.1227894699516454,
      1.2930637670815228,
      1.5189517407049489,
      1.2626309734641057,
      0.6590549620479572
   ],
   "Unweighted sigma^2": 0.45602216533897777,
   "Apparent r0": 22.804625974170396
}