{
   "log10 r": [
      0.0,
      0.05,
      0.1,
      0.15000000000000002,
      0.2,
      0.25,
      0.30000000000000004,
      0.35000000000000003,
      0.4,
      0.45,
      0.5,
      0.55,
      0.6000000000000001,
      0.65,
      0.7000000000000001,
      0.75,
      0.8,
      0.8500000000000001,
      0.9,
      0.9500000000000001,
      1.0,
      1.05,
      1.1,
      1.1500000000000001,
      1.2000000000000002,
      1.25,
      1.3,
      1.35,
      1.4000000000000001,
      1.4500000000000002,
      1.5,
      1.55,
      1.6,
      1.6500000000000001,
      1.7000000000000002,
      1.75,
      1.8,
      1.85,
      1.9000000000000001,
      1.9500000000000002,
      2.0,
      2.0500000000000003,
      2.1,
      2.15,
      2.2,
      2.25,
      2.3000000000000003,
      2.35,
      2.4000000000000004,
      2.45,
      2.5
   ],
   "Sum dv^2": [
      721.9048268956342,
      0.0,
      0.0,
      3667.2124156953187,
      0.0,
      0.0,
      19330.83811028518,
      0.0,
      0.0,
      17521.54755548136,
      29675.454416855697,
      35789.67641097274,
      74841.86178023827,
      115948.7834211329,
      121716.37307784642,
      188599.11054467966,
      379514.94558989775,
      363215.07584424125,
      582563.6034936933,
      884067.0622381046,
      1481209.65552598,
      1684407.5125053138,
      2363052.1379804974,
      3686162.8351208516,
      4544287.415092479,
      6438671.617958571,
      9068651.801315382,
      11912678.70912911,
      15644412.121817585,
      20632700.91381548,
      28788544.38617909,
      35662987.65604823,
      48961185.12930423,
      61491443.35913761,
      79198126.69186206,
      100197898.03739503,
      126667991.89438069,
      162809778.90257326,
      201269428.68944293,
      246745263.51753426,
      293841781.3521068,
      329749350.1621947,
      364399051.9296708,
      384759343.29805815,
      386758172.53128594,
      411026498.7951891,
      371309329.1842855,
      227396145.07325011,
      81869686.61192846,
      21518935.084532384,
      1336163.632998767
   ],
   "Sum weights": [
      65280.0,
      0.0,
      0.0,
      130050.0,
      0.0,
      0.0,
      324104.0,
      0.0,
      0.0,
      193800.0,
      258060.0,
      257048.0,
      449570.0,
      575312.0,
      511036.0,
      700020.0,
      1203734.0,
      1007972.0,
      1445380.0,
      1937042.0,
      2859272.0,
      2897116.0,
      3674690.0,
      5155474.0,
      5773520.0,
      7491838.0,
      9701238.0,
      11757186.0,
      14320938.0,
      17540114.0,
      22734900.0,
      26303374.0,
      34062188.0,
      40733820.0,
      50149068.0,
      60431004.0,
      72289830.0,
      87731826.0,
      102476376.0,
      120332462.0,
      140368314.0,
      158782298.0,
      178392398.0,
      192781200.0,
      200564162.0,
      196929652.0,
      173862636.0,
      123283452.0,
      50816154.0,
      14282052.0,
      1557090.0
   ],
   "Sum w * dv^2": [
      721.9048268956342,
      0.0,
      0.0,
      3667.2124156953187,
      0.0,
      0.0,
      19330.83811028518,
      0.0,
      0.0,
      17521.54755548136,
      29675.454416855697,
      35789.67641097274,
      74841.86178023827,
      115948.7834211329,
      121716.37307784642,
      188599.11054467966,
      379514.94558989775,
      363215.07584424125,
      582563.6034936933,
      884067.0622381046,
      1481209.65552598,
      1684407.5125053138,
      2363052.1379804974,
      3686162.8351208516,
      4544287.415092479,
      6438671.617958571,
      9068651.801315382,
      11912678.70912911,
      15644412.121817585,
      20632700.91381548,
      28788544.38617909,
      35662987.65604823,
      48961185.12930423,
      61491443.35913761,
      79198126.69186206,
      100197898.03739503,
      126667991.89438069,
      162809778.90257326,
      201269428.68944293,
      246745263.51753426,
      293841781.3521068,
      329749350.1621947,
      364399051.9296708,
      384759343.29805815,
      386758172.53128594,
      411026498.7951891,
      371309329.1842855,
      227396145.07325011,
      81869686.61192846,
      21518935.084532384,
      1336163.632998767
   ],
   "N pairs": [
      65280,
      0,
      0,
      130050,
      0,
      0,
      324104,
      0,
      0,
      193800,
      258060,
      257048,
      449570,
      575312,
      511036,
      700020,
      1203734,
      1007972,
      1445380,
      1937042,
      2859272,
      2897116,
      3674690,
      5155474,
      5773520,
      7491838,
      9701238,
      11757186,
      14320938,
      17540114,
      22734900,
      26303374,
      34062188,
      40733820,
      50149068,
      60431004,
      72289830,
      87731826,
      102476376,
      120332462,
      140368314,
      158782298,
      178392398,
      192781200,
      200564162,
      196929652,
      173862636,
      123283452,
      50816154,
      14282052,
      1557090
   ],
   "Unweighted B(r)": [
      0.01105859109827871,
      NaN,
      NaN,
      0.02819848070507742,
      NaN,
      NaN,
      0.05964393562031071,
      NaN,
      NaN,
      0.09041046210258699,
      0.1149943982672855,
      0.13923343659928394,
      0.16647432386555658,
      0.2015407003871515,
      0.23817573141196788,
      0.26941960307516877,
      0.31528140402273075,
      0.3603424260239781,
      0.4030522101410655,
      0.4564005644885886,
      0.5180373380098081,
      0.5814083773329456,
      0.6430616291389198,
      0.7149997915072118,
      0.7870913091307347,
      0.8594248324588133,
      0.9347932502341848,
      1.0132253337770714,
      1.0924153237600487,
      1.1763150977134744,
      1.2662709924468147,
      1.3558331967620667,
      1.437405757061297,
      1.509591866393518,
      1.5792542085101573,
      1.6580544986046406,
      1.7522242325702064,
      1.8557664456063327,
      1.9640568543275079,
      2.05052950314882,
      2.0933626185187832,
      2.076738744278627,
      2.0426826255773007,
      1.9958343619505332,
      1.92835134988516,
      2.0871742504028243,
      2.135647645330107,
      1.8444985225855788,
      1.6110956884286927,
      1.5067117165329174,
      0.85811586549189
   ],
   "Weighted B(r)": [
      0.01105859109827871,
      NaN,
      NaN,
      0.02819848070507742,
      NaN,
      NaN,
      0.05964393562031071,
      NaN,
      NaN,
      0.09041046210258699,
      0.1149943982672855,
      0.13923343659928394,
      0.16647432386555658,
      0.2015407003871515,
      0.23817573141196788,
      0.26941960307516877,
      0.31528140402273075,
      0.3603424260239781,
      0.4030522101410655,
      0.4564005644885886,
      0.5180373380098081,
      0.5814083773329456,
      0.6430616291389198,
      0.7149997915072118,
      0.7870913091307347,
      0.8594248324588133,
      0.9347932502341848,
      1.0132253337770714,
      1.0924153237600487,
      1.1763150977134744,
      1.2662709924468147,
      1.3558331967620667,
      1.437405757061297,
      1.509591866393518,
      1.5792542085101573,
      1.6580544986046406,
      1.7522242325702064,
      1.8557664456063327,
      1.9640568543275079,
      2.05052950314882,
      2.0933626185187832,
      2.076738744278627,
      2.0426826255773007,
      1.9958343619505332,
      1.92835134988516,
      2.0871742504028243,
      2.135647645330107,
      1.8444985225855788,
      1.6110956884286927,
      1.5067117165329174,
      0.85811586549189
   ],
   "Unweighted sigma^2": 0.9450641511804053,
   "Apparent r0": 20.27143929592902
}