{
   "log10 r": [
      0.0,
      0.05,
      0.1,
      0.15000000000000002,
      0.2,
      0.25,
      0.30000000000000004,
      0.35000000000000003,
      0.4,
      0.45,
      0.5,
      0.55,
      0.6000000000000001,
      0.65,
      0.7000000000000001,
      0.75,
      0.8,
      0.8500000000000001,
      0.9,
      0.9500000000000001,
      1.0,
      1.05,
      1.1,
      1.1500000000000001,
      1.2000000000000002,
      1.25,
      1.3,
      1.35,
      1.4000000000000001,
      1.4500000000000002,
      1.5,
      1.55,
      1.6,
      1.6500000000000001,
      1.7000000000000002,
      1.75,
      1.8,
      1.85,
      1.9000000000000001,
      1.9500000000000002,
      2.0,
      2.0500000000000003,
      2.1,
      2.15,
      2.2,
      2.25,
      2.3000000000000003,
      2.35,
      2.4000000000000004,
      2.45,
      2.5
   ],
   "Sum dv^2": [
      171.59024631308264,
      0.0,
      0.0,
      861.9548721314712,
      0.0,
      0.0,
      4923.9693908225,
      0.0,
      0.0,
      4853.654863625107,
      8328.422872142683,
      10724.766405446033,
      23721.665820717568,
      39907.89491241253,
      43314.734359870665,
      72626.13573178786,
      158049.94194944488,
      162969.39166052436,
      277729.660089882,
      454469.6297428168,
      820247.1768252635,
      1001993.45704148,
      1491613.5100324352,
      2465590.768674863,
      3208655.2898648144,
      4774505.4562384235,
      7054030.317498139,
      9654860.673735054,
      13117111.485595142,
      17689929.95938501,
      25020420.969739646,
      31212630.79495356,
      43176858.853869155,
      54742295.11184285,
      70818588.45601399,
      88796414.7798916,
      108977669.2423086,
      134295717.56191555,
      158989013.43722627,
      189244690.238001,
      228626542.79594016,
      274191411.4273216,
      314966616.790195,
      328503061.8281574,
      321127971.2369306,
      286798744.7812423,
      224242172.1375988,
      153282938.55372414,
      77987004.45901024,
      19112005.933665197,
      767205.3658483943
   ],
   "Sum weights": [
      65280.0,
      0.0,
      0.0,
      130050.0,
      0.0,
      0.0,
      324104.0,
      0.0,
      0.0,
      193800.0,
      258060.0,
      257048.0,
      449570.0,
      575312.0,
      511036.0,
      700020.0,
      1203734.0,
      1007972.0,
      1445380.0,
      1937042.0,
      2859272.0,
      2897116.0,
      3674690.0,
      5155474.0,
      5773520.0,
      7491838.0,
      9701238.0,
      11757186.0,
      14320938.0,
      17540114.0,
      22734900.0,
      26303374.0,
      34062188.0,
      40733820.0,
      50149068.0,
      60431004.0,
      72289830.0,
      87731826.0,
      102476376.0,
      120332462.0,
      140368314.0,
      158782298.0,
      178392398.0,
      192781200.0,
      200564162.0,
      196929652.0,
      173862636.0,
      123283452.0,
      50816154.0,
      14282052.0,
      1557090.0
   ],
   "Sum w * dv^2": [
      171.59024631308264,
      0.0,
      0.0,
      861.9548721314712,
      0.0,
      0.0,
      4923.9693908225,
      0.0,
      0.0,
      4853.654863625107,
      8328.422872142683,
      10724.766405446033,
      23721.665820717568,
      39907.89491241253,
      43314.734359870665,
      72626.13573178786,
      158049.94194944488,
      162969.39166052436,
      277729.660089882,
      454469.6297428168,
      820247.1768252635,
      1001993.45704148,
      1491613.5100324352,
      2465590.768674863,
      3208655.2898648144,
      4774505.4562384235,
      7054030.317498139,
      9654860.673735054,
      13117111.485595142,
      17689929.95938501,
      25020420.969739646,
      31212630.79495356,
      43176858.853869155,
      54742295.11184285,
      70818588.45601399,
      88796414.7798916,
      108977669.2423086,
      134295717.56191555,
      158989013.43722627,
      189244690.238001,
      228626542.79594016,
      274191411.4273216,
      314966616.790195,
      328503061.8281574,
      321127971.2369306,
      286798744.7812423,
      224242172.1375988,
      153282938.55372414,
      77987004.45901024,
      19112005.933665197,
      767205.3658483943
   ],
   "N pairs": [
      65280,
      0,
      0,
      130050,
      0,
      0,
      324104,
      0,
      0,
      193800,
      258060,
      257048,
      449570,
      575312,
      511036,
      700020,
      1203734,
      1007972,
      1445380,
      1937042,
      2859272,
      2897116,
      3674690,
      5155474,
      5773520,
      7491838,
      9701238,
      11757186,
      14320938,
      17540114,
      22734900,
      26303374,
      34062188,
      40733820,
      50149068,
      60431004,
      72289830,
      87731826,
      102476376,
      120332462,
      140368314,
      158782298,
      178392398,
      192781200,
      200564162,
      196929652,
      173862636,
      123283452,
      50816154,
      14282052,
      1557090
   ],
   "Unweighted B(r)": [
      0.0026285270574920748,
      NaN,
      NaN,
      0.006627872911429998,
      NaN,
      NaN,
      0.015192559767304631,
      NaN,
      NaN,
      0.025044658739035643,
      0.03227320341061258,
      0.04172281599330099,
      0.052765233046505704,
      0.06936739527840985,
      0.08475867523984741,
      0.10374865822660476,
      0.13129972398340903,
      0.1616804749145059,
      0.19214992603321063,
      0.23462043143247116,
      0.2868727343272216,
      0.3458589359354199,
      0.4059154677081428,
      0.47824715412682967,
      0.5557537325348859,
      0.6372942736132874,
      0.7271268179894297,
      0.8211880524587307,
      0.9159394088288869,
      1.0085413332766828,
      1.1005291850740335,
      1.1866398126321573,
      1.2675891182876788,
      1.3439028088169205,
      1.4121616069916592,
      1.4693850656509297,
      1.5075103820593934,
      1.530752563635408,
      1.551469905973512,
      1.5726819437800665,
      1.6287617645385422,
      1.726838664517386,
      1.7655831768694257,
      1.7040202147727965,
      1.6011233913112084,
      1.45635124963935,
      1.2897663195305449,
      1.243337496371566,
      1.5346892340378662,
      1.338183472071464,
      0.49271741893429044
   ],
   "Weighted B(r)": [
      0.0026285270574920748,
      NaN,
      NaN,
      0.006627872911429998,
      NaN,
      NaN,
      0.015192559767304631,
      NaN,
      NaN,
      0.025044658739035643,
      0.03227320341061258,
      0.04172281599330099,
      0.052765233046505704,
      0.06936739527840985,
      0.08475867523984741,
      0.10374865822660476,
      0.13129972398340903,
      0.1616804749145059,
      0.19214992603321063,
      0.23462043143247116,
      0.2868727343272216,
      0.3458589359354199,
      0.4059154677081428,
      0.47824715412682967,
      0.5557537325348859,
      0.6372942736132874,
      0.7271268179894297,
      0.8211880524587307,
      0.9159394088288869,
      1.0085413332766828,
      1.1005291850740335,
      1.1866398126321573,
      1.2675891182876788,
      1.3439028088169205,
      1.4121616069916592,
      1.4693850656509297,
      1.5075103820593934,
      1.530752563635408,
      1.551469905973512,
      1.5726819437800665,
      1.6287617645385422,
      1.726838664517386,
      1.7655831768694257,
      1.7040202147727965,
      1.6011233913112084,
      1.45635124963935,
      1.2897663195305449,
      1.243337496371566,
      1.5346892340378662,
      1.338183472071464,
      0.49271741893429044
   ],
   "Unweighted sigma^2": 0.7471795326367221,
   "Apparent r0": 20.471647840949768
}