{
   "log10 r": [
      0.0,
      0.05,
      0.1,
      0.15000000000000002,
      0.2,
      0.25,
      0.30000000000000004,
      0.35000000000000003,
      0.4,
      0.45,
      0.5,
      0.55,
      0.6000000000000001,
      0.65,
      0.7000000000000001,
      0.75,
      0.8,
      0.8500000000000001,
      0.9,
      0.9500000000000001,
      1.0,
      1.05,
      1.1,
      1.1500000000000001,
      1.2000000000000002,
      1.25,
      1.3,
      1.35,
      1.4000000000000001,
      1.4500000000000002,
      1.5,
      1.55,
      1.6,
      1.6500000000000001,
      1.7000000000000002,
      1.75,
      1.8,
      1.85,
      1.9000000000000001,
      1.9500000000000002,
      2.0,
      2.0500000000000003,
      2.1,
      2.15,
      2.2,
      2.25,
      2.3000000000000003,
      2.35,
      2.4000000000000004,
      2.45,
      2.5
   ],
   "Sum dv^2": [
      1.6125113649124352,
      0.0,
      0.0,
      12.973952423964992,
      0.0,
      0.0,
      70.77317003706405,
      0.0,
      0.0,
      65.58240139200343,
      127.54827156895263,
      165.21481954622718,
      353.89602439455973,
      604.8501306345727,
      687.2100863836382,
      1136.947312861809,
      2552.21581903101,
      2736.435210892523,
      4711.988305297069,
      7989.945198082051,
      14953.682917156135,
      19292.751461662287,
      30072.247028176727,
      53307.59151354028,
      74008.30547023822,
      118983.6179953942,
      190786.20203256494,
      286775.3597360482,
      428501.70902579307,
      639729.2586479073,
      1008557.9294882425,
      1406476.903742597,
      2176941.679718361,
      3087822.3372251857,
      4457990.575930367,
      6215445.356638559,
      8475171.7126705,
      11554774.492060468,
      14967300.406784065,
      19305125.852147367,
      24707419.443631686,
      30915872.713893496,
      38966805.41404537,
      47751181.214502275,
      55953899.5959578,
      59992463.084428534,
      55231822.30979717,
      39158389.56377531,
      15734113.307626966,
      3214384.343959269,
      159052.67873165078
   ],
   "Sum weights": [
      65280.0,
      0.0,
      0.0,
      130050.0,
      0.0,
      0.0,
      324104.0,
      0.0,
      0.0,
      193800.0,
      258060.0,
      257048.0,
      449570.0,
      575312.0,
      511036.0,
      700020.0,
      1203734.0,
      1007972.0,
      1445380.0,
      1937042.0,
      2859272.0,
      2897116.0,
      3674690.0,
      5155474.0,
      5773520.0,
      7491838.0,
      9701238.0,
      11757186.0,
      14320938.0,
      17540114.0,
      22734900.0,
      26303374.0,
      34062188.0,
      40733820.0,
      50149068.0,
      60431004.0,
      72289830.0,
      87731826.0,
      102476376.0,
      120332462.0,
      140368314.0,
      158782298.0,
      178392398.0,
      192781200.0,
      200564162.0,
      196929652.0,
      173862636.0,
      123283452.0,
      50816154.0,
      14282052.0,
      1557090.0
   ],
   "Sum w * dv^2": [
      1.6125113649124352,
      0.0,
      0.0,
      12.973952423964992,
      0.0,
      0.0,
      70.77317003706405,
      0.0,
      0.0,
      65.58240139200343,
      127.54827156895263,
      165.21481954622718,
      353.89602439455973,
      604.8501306345727,
      687.2100863836382,
      1136.947312861809,
      2552.21581903101,
      2736.435210892523,
      4711.988305297069,
      7989.945198082051,
      14953.682917156135,
      19292.751461662287,
      30072.247028176727,
      53307.59151354028,
      74008.30547023822,
      118983.6179953942,
      190786.20203256494,
      286775.3597360482,
      428501.70902579307,
      639729.2586479073,
      1008557.9294882425,
      1406476.903742597,
      2176941.679718361,
      3087822.3372251857,
      4457990.575930367,
      6215445.356638559,
      8475171.7126705,
      11554774.492060468,
      14967300.406784065,
      19305125.852147367,
      24707419.443631686,
      30915872.713893496,
      38966805.41404537,
      47751181.214502275,
      55953899.5959578,
      59992463.084428534,
      55231822.30979717,
      39158389.56377531,
      15734113.307626966,
      3214384.343959269,
      159052.67873165078
   ],
   "N pairs": [
      65280,
      0,
      0,
      130050,
      0,
      0,
      324104,
      0,
      0,
      193800,
      258060,
      257048,
      449570,
      575312,
      511036,
      700020,
      1203734,
      1007972,
      1445380,
      1937042,
      2859272,
      2897116,
      3674690,
      5155474,
      5773520,
      7491838,
      9701238,
      11757186,
      14320938,
      17540114,
      22734900,
      26303374,
      34062188,
      40733820,
      50149068,
      60431004,
      72289830,
      87731826,
      102476376,
      120332462,
      140368314,
      158782298,
      178392398,
      192781200,
      200564162,
      196929652,
      173862636,
      123283452,
      50816154,
      14282052,
      1557090
   ],
   "Unweighted B(r)": [
      2.470146085956549e-05,
      NaN,
      NaN,
      9.97612643134563e-05,
      NaN,
      NaN,
      0.00021836561732364935,
      NaN,
      NaN,
      0.000338402483962866,
      0.0004942582018482238,
      0.0006427391753533471,
      0.0007871878114521871,
      0.0010513428029218454,
      0.0013447390915388314,
      0.0016241640422585198,
      0.0021202490076968916,
      0.002714792882036925,
      0.003260034250714047,
      0.00412481773657053,
      0.005229891705705555,
      0.006659295472346391,
      0.008183614679925852,
      0.010339998128889853,
      0.012818576097465362,
      0.015881765995927062,
      0.019666170650855585,
      0.024391496378134037,
      0.029921343771322315,
      0.0364723546635961,
      0.04436166112400945,
      0.053471349483248685,
      0.06391079984992042,
      0.07580488000450696,
      0.08889478416488951,
      0.10285192939436451,
      0.11723878327934233,
      0.13170561948705442,
      0.14605610571927394,
      0.160431570428164,
      0.17601849548204793,
      0.19470604156323204,
      0.21843310505891272,
      0.24769625468926573,
      0.27898254123764044,
      0.30463905498816674,
      0.3176750541720601,
      0.31762891879256683,
      0.30962818059050606,
      0.22506460163842487,
      0.10214738950969487
   ],
   "Weighted B(r)": [
      2.470146085956549e-05,
      NaN,
      NaN,
      9.97612643134563e-05,
      NaN,
      NaN,
      0.00021836561732364935,
      NaN,
      NaN,
      0.000338402483962866,
      0.0004942582018482238,
      0.0006427391753533471,
      0.0007871878114521871,
      0.0010513428029218454,
      0.0013447390915388314,
      0.0016241640422585198,
      0.0021202490076968916,
      0.002714792882036925,
      0.003260034250714047,
      0.00412481773657053,
      0.005229891705705555,
      0.006659295472346391,
      0.008183614679925852,
      0.010339998128889853,
      0.012818576097465362,
      0.015881765995927062,
      0.019666170650855585,
      0.024391496378134037,
      0.029921343771322315,
      0.0364723546635961,
      0.04436166112400945,
      0.053471349483248685,
      0.06391079984992042,
      0.07580488000450696,
      0.08889478416488951,
      0.10285192939436451,
      0.11723878327934233,
      0.13170561948705442,
      0.14605610571927394,
      0.160431570428164,
      0.17601849548204793,
      0.19470604156323204,
      0.21843310505891272,
      0.24769625468926573,
      0.27898254123764044,
      0.30463905498816674,
      0.3176750541720601,
      0.31762891879256683,
      0.30962818059050606,
      0.22506460163842487,
      0.10214738950969487
   ],
   "Unweighted sigma^2": 0.10417261257604911,
   "Apparent r0": 56.86401326568561
}