{
   "log10 r": [
      0.0,
      0.05,
      0.1,
      0.15000000000000002,
      0.2,
      0.25,
      0.30000000000000004,
      0.35000000000000003,
      0.4,
      0.45,
      0.5,
      0.55,
      0.6000000000000001,
      0.65,
      0.7000000000000001,
      0.75,
      0.8,
      0.8500000000000001,
      0.9,
      0.9500000000000001,
      1.0,
      1.05,
      1.1,
      1.1500000000000001,
      1.2000000000000002,
      1.25,
      1.3,
      1.35,
      1.4000000000000001,
      1.4500000000000002,
      1.5,
      1.55,
      1.6,
      1.6500000000000001,
      1.7000000000000002,
      1.75,
      1.8,
      1.85,
      1.9000000000000001,
      1.9500000000000002,
      2.0,
      2.0500000000000003,
      2.1,
      2.15,
      2.2,
      2.25,
      2.3000000000000003,
      2.35,
      2.4000000000000004,
      2.45,
      2.5
   ],
   "Sum dv^2": [
      362.538643923816,
      0.0,
      0.0,
      1974.434282290948,
      0.0,
      0.0,
      10996.931850189772,
      0.0,
      0.0,
      10469.21396733223,
      18359.006662439402,
      23100.857787920988,
      49911.27741415321,
      81309.01449312558,
      87997.14934189845,
      141655.38838018294,
      297343.17862038175,
      295544.21517740865,
      486190.7927428567,
      761021.2814159408,
      1310163.268929115,
      1527597.3762127035,
      2181959.201292829,
      3464940.0871365103,
      4334899.462133329,
      6223680.670924967,
      8871507.816807944,
      11779110.78681891,
      15612867.556057414,
      20753415.94638006,
      29149320.88327117,
      36308029.71759809,
      50094981.169088185,
      63226965.03081247,
      81789271.50577249,
      103873270.12243421,
      131772911.13334996,
      170014468.26990816,
      210856728.04094884,
      259152607.34988275,
      308889879.3930887,
      346680310.57347554,
      382933412.54923695,
      404218774.53037095,
      406401997.53182256,
      433164234.9641102,
      392774003.15796715,
      239962690.41206276,
      86224834.62793152,
      22791678.926502682,
      1432168.4943283806
   ],
   "Sum weights": [
      65280.0,
      0.0,
      0.0,
      130050.0,
      0.0,
      0.0,
      324104.0,
      0.0,
      0.0,
      193800.0,
      258060.0,
      257048.0,
      449570.0,
      575312.0,
      511036.0,
      700020.0,
      1203734.0,
      1007972.0,
      1445380.0,
      1937042.0,
      2859272.0,
      2897116.0,
      3674690.0,
      5155474.0,
      5773520.0,
      7491838.0,
      9701238.0,
      11757186.0,
      14320938.0,
      17540114.0,
      22734900.0,
      26303374.0,
      34062188.0,
      40733820.0,
      50149068.0,
      60431004.0,
      72289830.0,
      87731826.0,
      102476376.0,
      120332462.0,
      140368314.0,
      158782298.0,
      178392398.0,
      192781200.0,
      200564162.0,
      196929652.0,
      173862636.0,
      123283452.0,
      50816154.0,
      14282052.0,
      1557090.0
   ],
   "Sum w * dv^2": [
      362.538643923816,
      0.0,
      0.0,
      1974.434282290948,
      0.0,
      0.0,
      10996.931850189772,
      0.0,
      0.0,
      10469.21396733223,
      18359.006662439402,
      23100.857787920988,
      49911.27741415321,
      81309.01449312558,
      87997.14934189845,
      141655.38838018294,
      297343.17862038175,
      295544.21517740865,
      486190.7927428567,
      761021.2814159408,
      1310163.268929115,
      1527597.3762127035,
      2181959.201292829,
      3464940.0871365103,
      4334899.462133329,
      6223680.670924967,
      8871507.816807944,
      11779110.78681891,
      15612867.556057414,
      20753415.94638006,
      29149320.88327117,
      36308029.71759809,
      50094981.169088185,
      63226965.03081247,
      81789271.50577249,
      103873270.12243421,
      131772911.13334996,
      170014468.26990816,
      210856728.04094884,
      259152607.34988275,
      308889879.3930887,
      346680310.57347554,
      382933412.54923695,
      404218774.53037095,
      406401997.53182256,
      433164234.9641102,
      392774003.15796715,
      239962690.41206276,
      86224834.62793152,
      22791678.926502682,
      1432168.4943283806
   ],
   "N pairs": [
      65280,
      0,
      0,
      130050,
      0,
      0,
      324104,
      0,
      0,
      193800,
      258060,
      257048,
      449570,
      575312,
      511036,
      700020,
      1203734,
      1007972,
      1445380,
      1937042,
      2859272,
      2897116,
      3674690,
      5155474,
      5773520,
      7491838,
      9701238,
      11757186,
      14320938,
      17540114,
      22734900,
      26303374,
      34062188,
      40733820,
      50149068,
      60431004,
      72289830,
      87731826,
      102476376,
      120332462,
      140368314,
      158782298,
      178392398,
      192781200,
      200564162,
      196929652,
      173862636,
      123283452,
      50816154,
      14282052,
      1557090
   ],
   "Unweighted B(r)": [
      0.0055535944228525735,
      NaN,
      NaN,
      0.015182116741952694,
      NaN,
      NaN,
      0.03393025649232892,
      NaN,
      NaN,
      0.054020711905739066,
      0.07114239580887934,
      0.08986982115371832,
      0.11102003562104502,
      0.1413302946803223,
      0.1721936406474269,
      0.2023590588557226,
      0.24701734654033344,
      0.2932067708005864,
      0.33637575775426304,
      0.39287804880634536,
      0.45821568179911354,
      0.5272820888817374,
      0.5937804825149412,
      0.6720895279728906,
      0.7508243605518521,
      0.830728143203973,
      0.9144717217336534,
      1.0018647988403782,
      1.0902126352378185,
      1.183197323938719,
      1.2821398327360651,
      1.3803563648373813,
      1.470691817245803,
      1.5521982723646461,
      1.6309230613373011,
      1.7188738105763428,
      1.8228416242416112,
      1.937888176064045,
      2.0576130447953083,
      2.1536383702502717,
      2.2005669982834495,
      2.1833687693163095,
      2.1465792087689577,
      2.0967748646152784,
      2.026294196726046,
      2.1995886884729283,
      2.259105304016943,
      1.9464306565009453,
      1.6967996953868552,
      1.5958266309703033,
      0.9197724565236309
   ],
   "Weighted B(r)": [
      0.0055535944228525735,
      NaN,
      NaN,
      0.015182116741952694,
      NaN,
      NaN,
      0.03393025649232892,
      NaN,
      NaN,
      0.054020711905739066,
      0.07114239580887934,
      0.08986982115371832,
      0.11102003562104502,
      0.1413302946803223,
      0.1721936406474269,
      0.2023590588557226,
      0.24701734654033344,
      0.2932067708005864,
      0.33637575775426304,
      0.39287804880634536,
      0.45821568179911354,
      0.5272820888817374,
      0.5937804825149412,
      0.6720895279728906,
      0.7508243605518521,
      0.830728143203973,
      0.9144717217336534,
      1.0018647988403782,
      1.0902126352378185,
      1.183197323938719,
      1.2821398327360651,
      1.3803563648373813,
      1.470691817245803,
      1.5521982723646461,
      1.6309230613373011,
      1.7188738105763428,
      1.8228416242416112,
      1.937888176064045,
      2.0576130447953083,
      2.1536383702502717,
      2.2005669982834495,
      2.1833687693163095,
      2.1465792087689577,
      2.0967748646152784,
      2.026294196726046,
      2.1995886884729283,
      2.259105304016943,
      1.9464306565009453,
      1.6967996953868552,
      1.5958266309703033,
      0.9197724565236309
   ],
   "Unweighted sigma^2": 0.9903432844980351,
   "Apparent r0": 22.066246107799245
}