{
   "log10 r": [
      0.0,
      0.05,
      0.1,
      0.15000000000000002,
      0.2,
      0.25,
      0.30000000000000004,
      0.35000000000000003,
      0.4,
      0.45,
      0.5,
      0.55,
      0.6000000000000001,
      0.65,
      0.7000000000000001,
      0.75,
      0.8,
      0.8500000000000001,
      0.9,
      0.9500000000000001,
      1.0,
      1.05,
      1.1,
      1.1500000000000001,
      1.2000000000000002,
      1.25,
      1.3,
      1.35,
      1.4000000000000001,
      1.4500000000000002,
      1.5,
      1.55,
      1.6,
      1.6500000000000001,
      1.7000000000000002,
      1.75,
      1.8,
      1.85,
      1.9000000000000001,
      1.9500000000000002,
      2.0,
      2.0500000000000003,
      2.1,
      2.15,
      2.2,
      2.25,
      2.3000000000000003,
      2.35,
      2.4000000000000004,
      2.45,
      2.5
   ],
   "Sum dv^2": [
      186.02082267477047,
      0.0,
      0.0,
      931.9972797963151,
      0.0,
      0.0,
      5348.634983121568,
      0.0,
      0.0,
      5282.135499922744,
      9088.896067472362,
      11668.904846767668,
      25964.104109702617,
      43618.40086217116,
      47593.965753264776,
      79813.55397788141,
      173852.20956674477,
      179106.03436704772,
      306282.24173674977,
      501595.06624910183,
      907465.7169747888,
      1108257.2195046316,
      1652201.830944151,
      2731053.6418922157,
      3558608.1804306083,
      5295259.295559585,
      7828749.1270586075,
      10713429.690325722,
      14560248.284077408,
      19644099.207358245,
      27811129.80562025,
      34737182.855882294,
      48127043.653249614,
      61118644.4464348,
      79179647.7138405,
      99383918.43433508,
      122012859.02201569,
      150327438.84751815,
      177982226.20968717,
      211896168.20357302,
      255969971.78999788,
      307276517.3083767,
      353370619.1453336,
      368760340.3786102,
      361892106.4760885,
      326365529.4035041,
      260313320.57357353,
      183446192.46314672,
      96624302.70653757,
      25550138.082883112,
      1207298.4205693877
   ],
   "Sum weights": [
      65280.0,
      0.0,
      0.0,
      130050.0,
      0.0,
      0.0,
      324104.0,
      0.0,
      0.0,
      193800.0,
      258060.0,
      257048.0,
      449570.0,
      575312.0,
      511036.0,
      700020.0,
      1203734.0,
      1007972.0,
      1445380.0,
      1937042.0,
      2859272.0,
      2897116.0,
      3674690.0,
      5155474.0,
      5773520.0,
      7491838.0,
      9701238.0,
      11757186.0,
      14320938.0,
      17540114.0,
      22734900.0,
      26303374.0,
      34062188.0,
      40733820.0,
      50149068.0,
      60431004.0,
      72289830.0,
      87731826.0,
      102476376.0,
      120332462.0,
      140368314.0,
      158782298.0,
      178392398.0,
      192781200.0,
      200564162.0,
      196929652.0,
      173862636.0,
      123283452.0,
      50816154.0,
      14282052.0,
      1557090.0
   ],
   "Sum w * dv^2": [
      186.02082267477047,
      0.0,
      0.0,
      931.9972797963151,
      0.0,
      0.0,
      5348.634983121568,
      0.0,
      0.0,
      5282.135499922744,
      9088.896067472362,
      11668.904846767668,
      25964.104109702617,
      43618.40086217116,
      47593.965753264776,
      79813.55397788141,
      173852.20956674477,
      179106.03436704772,
      306282.24173674977,
      501595.06624910183,
      907465.7169747888,
      1108257.2195046316,
      1652201.830944151,
      2731053.6418922157,
      3558608.1804306083,
      5295259.295559585,
      7828749.1270586075,
      10713429.690325722,
      14560248.284077408,
      19644099.207358245,
      27811129.80562025,
      34737182.855882294,
      48127043.653249614,
      61118644.4464348,
      79179647.7138405,
      99383918.43433508,
      122012859.02201569,
      150327438.84751815,
      177982226.20968717,
      211896168.20357302,
      255969971.78999788,
      307276517.3083767,
      353370619.1453336,
      368760340.3786102,
      361892106.4760885,
      326365529.4035041,
      260313320.57357353,
      183446192.46314672,
      96624302.70653757,
      25550138.082883112,
      1207298.4205693877
   ],
   "N pairs": [
      65280,
      0,
      0,
      130050,
      0,
      0,
      324104,
      0,
      0,
      193800,
      258060,
      257048,
      449570,
      575312,
      511036,
      700020,
      1203734,
      1007972,
      1445380,
      1937042,
      2859272,
      2897116,
      3674690,
      5155474,
      5773520,
      7491838,
      9701238,
      11757186,
      14320938,
      17540114,
      22734900,
      26303374,
      34062188,
      40733820,
      50149068,
      60431004,
      72289830,
      87731826,
      102476376,
      120332462,
      140368314,
      158782298,
      178392398,
      192781200,
      200564162,
      196929652,
      173862636,
      123283452,
      50816154,
      14282052,
      1557090
   ],
   "Unweighted B(r)": [
      0.0028495836806796946,
      NaN,
      NaN,
      0.007166453516311535,
      NaN,
      NaN,
      0.016502835457512306,
      NaN,
      NaN,
      0.027255601134792282,
      0.03522008861300613,
      0.045395820417850626,
      0.057753195519502226,
      0.07581694951986255,
      0.09313231504877303,
      0.11401610522253852,
      0.14442743128194832,
      0.17768949372308726,
      0.21190430318445652,
      0.2589489883281322,
      0.3173764919793531,
      0.38253808943260525,
      0.4496166563558153,
      0.5297386121804155,
      0.6163671694963572,
      0.706803763717206,
      0.8069845443497632,
      0.9112239689263845,
      1.0167105174310096,
      1.1199527669750746,
      1.2232791789548336,
      1.3206360087448208,
      1.4129169756578648,
      1.5004397929394986,
      1.5788857275241985,
      1.6445849291918944,
      1.6878288276790205,
      1.7134880886614414,
      1.7368122601221492,
      1.7609227359078967,
      1.8235594949868663,
      1.9352063874801506,
      1.9808614218265825,
      1.912843889230953,
      1.804370745338285,
      1.65726961932327,
      1.497235556543463,
      1.4880033734223042,
      1.9014485572154394,
      1.7889682857115428,
      0.7753555803257279
   ],
   "Weighted B(r)": [
      0.0028495836806796946,
      NaN,
      NaN,
      0.007166453516311535,
      NaN,
      NaN,
      0.016502835457512306,
      NaN,
      NaN,
      0.027255601134792282,
      0.03522008861300613,
      0.045395820417850626,
      0.057753195519502226,
      0.07581694951986255,
      0.09313231504877303,
      0.11401610522253852,
      0.14442743128194832,
      0.17768949372308726,
      0.21190430318445652,
      0.2589489883281322,
      0.3173764919793531,
      0.38253808943260525,
      0.4496166563558153,
      0.5297386121804155,
      0.6163671694963572,
      0.706803763717206,
      0.8069845443497632,
      0.9112239689263845,
      1.0167105174310096,
      1.1199527669750746,
      1.2232791789548336,
      1.3206360087448208,
      1.4129169756578648,
      1.5004397929394986,
      1.5788857275241985,
      1.6445849291918944,
      1.6878288276790205,
      1.7134880886614414,
      1.7368122601221492,
      1.7609227359078967,
      1.8235594949868663,
      1.9352063874801506,
      1.9808614218265825,
      1.912843889230953,
      1.804370745338285,
      1.65726961932327,
      1.497235556543463,
      1.4880033734223042,
      1.9014485572154394,
      1.7889682857115428,
      0.7753555803257279
   ],
   "Unweighted sigma^2": 0.8465744755747353,
   "Apparent r0": 20.87727503850755
}