{
   "log10 r": [
      0.0,
      0.05,
      0.1,
      0.15000000000000002,
      0.2,
      0.25,
      0.30000000000000004,
      0.35000000000000003,
      0.4,
      0.45,
      0.5,
      0.55,
      0.6000000000000001,
      0.65,
      0.7000000000000001,
      0.75,
      0.8,
      0.8500000000000001,
      0.9,
      0.9500000000000001,
      1.0,
      1.05,
      1.1,
      1.1500000000000001,
      1.2000000000000002,
      1.25,
      1.3,
      1.35,
      1.4000000000000001,
      1.4500000000000002,
      1.5,
      1.55,
      1.6,
      1.6500000000000001,
      1.7000000000000002,
      1.75,
      1.8,
      1.85,
      1.9000000000000001,
      1.9500000000000002,
      2.0,
      2.0500000000000003,
      2.1,
      2.15,
      2.2,
      2.25,
      2.3000000000000003,
      2.35,
      2.4000000000000004,
      2.45,
      2.5
   ],
   "Sum dv^2": [
      203.12855079824354,
      0.0,
      0.0,
      993.149257477453,
      0.0,
      0.0,
      5684.432307448601,
      0.0,
      0.0,
      5616.278872933208,
      9563.842670064307,
      12308.621554165235,
      27246.543763120364,
      45756.99515643996,
      49524.742671543165,
      83004.36013034366,
      180175.05850715874,
      185259.55206917087,
      315192.8930141459,
      514156.5075572977,
      924991.4328296408,
      1124506.8566084534,
      1666875.0389086057,
      2738279.322240376,
      3544031.869443169,
      5233307.089394414,
      7682627.314836102,
      10425409.889564238,
      14089880.155380342,
      18900638.01464939,
      26643441.828616623,
      33136966.97254614,
      45561135.57296133,
      57075262.71405636,
      72607188.96765204,
      88921109.52377693,
      105503596.31926282,
      124114133.37333024,
      139200159.1740839,
      159549679.40047535,
      187257210.5677855,
      214090857.1813362,
      241993300.34899387,
      266963616.2199223,
      286380932.3078793,
      283033650.9957559,
      246462668.64410007,
      178444932.38059926,
      98751461.68663873,
      39733850.323509306,
      2340671.418628495
   ],
   "Sum weights": [
      65280.0,
      0.0,
      0.0,
      130050.0,
      0.0,
      0.0,
      324104.0,
      0.0,
      0.0,
      193800.0,
      258060.0,
      257048.0,
      449570.0,
      575312.0,
      511036.0,
      700020.0,
      1203734.0,
      1007972.0,
      1445380.0,
      1937042.0,
      2859272.0,
      2897116.0,
      3674690.0,
      5155474.0,
      5773520.0,
      7491838.0,
      9701238.0,
      11757186.0,
      14320938.0,
      17540114.0,
      22734900.0,
      26303374.0,
      34062188.0,
      40733820.0,
      50149068.0,
      60431004.0,
      72289830.0,
      87731826.0,
      102476376.0,
      120332462.0,
      140368314.0,
      158782298.0,
      178392398.0,
      192781200.0,
      200564162.0,
      196929652.0,
      173862636.0,
      123283452.0,
      50816154.0,
      14282052.0,
      1557090.0
   ],
   "Sum w * dv^2": [
      203.12855079824354,
      0.0,
      0.0,
      993.149257477453,
      0.0,
      0.0,
      5684.432307448601,
      0.0,
      0.0,
      5616.278872933208,
      9563.842670064307,
      12308.621554165235,
      27246.543763120364,
      45756.99515643996,
      49524.742671543165,
      83004.36013034366,
      180175.05850715874,
      185259.55206917087,
      315192.8930141459,
      514156.5075572977,
      924991.4328296408,
      1124506.8566084534,
      1666875.0389086057,
      2738279.322240376,
      3544031.869443169,
      5233307.089394414,
      7682627.314836102,
      10425409.889564238,
      14089880.155380342,
      18900638.01464939,
      26643441.828616623,
      33136966.97254614,
      45561135.57296133,
      57075262.71405636,
      72607188.96765204,
      88921109.52377693,
      105503596.31926282,
      124114133.37333024,
      139200159.1740839,
      159549679.40047535,
      187257210.5677855,
      214090857.1813362,
      241993300.34899387,
      266963616.2199223,
      286380932.3078793,
      283033650.9957559,
      246462668.64410007,
      178444932.38059926,
      98751461.68663873,
      39733850.323509306,
      2340671.418628495
   ],
   "N pairs": [
      65280,
      0,
      0,
      130050,
      0,
      0,
      324104,
      0,
      0,
      193800,
      258060,
      257048,
      449570,
      575312,
      511036,
      700020,
      1203734,
      1007972,
      1445380,
      1937042,
      2859272,
      2897116,
      3674690,
      5155474,
      5773520,
      7491838,
      9701238,
      11757186,
      14320938,
      17540114,
      22734900,
      26303374,
      34062188,
      40733820,
      50149068,
      60431004,
      72289830,
      87731826,
      102476376,
      120332462,
      140368314,
      158782298,
      178392398,
      192781200,
      200564162,
      196929652,
      173862636,
      123283452,
      50816154,
      14282052,
      1557090
   ],
   "Unweighted B(r)": [
      0.0031116505943358384,
      NaN,
      NaN,
      0.007636672491176109,
      NaN,
      NaN,
      0.017538914383804585,
      NaN,
      NaN,
      0.028979767146198182,
      0.03706053890593004,
      0.04788452566900048,
      0.060605787225838835,
      0.07953422691763766,
      0.09691047728837726,
      0.11857426949279115,
      0.14968012742612466,
      0.18379434356229227,
      0.2180692226363627,
      0.26543384581093116,
      0.32350592487515734,
      0.3881469905272876,
      0.45360970283441754,
      0.5311401671777175,
      0.6138424859432666,
      0.6985344703655383,
      0.7919223623661332,
      0.8867266274059319,
      0.9838657324946413,
      1.07756642942283,
      1.1719181447297602,
      1.2597991030559859,
      1.3375868741303798,
      1.4011762882552228,
      1.447827284998637,
      1.4714484889871586,
      1.4594528209467752,
      1.414699078226529,
      1.3583634063531276,
      1.3259072136367935,
      1.3340418875999716,
      1.3483295044724457,
      1.3565224923373354,
      1.3848010917035598,
      1.4278768921233262,
      1.4372322711246954,
      1.4175712177980557,
      1.4474362088806474,
      1.9433084543674581,
      2.7820827373762054,
      1.5032345070795492
   ],
   "Weighted B(r)": [
      0.0031116505943358384,
      NaN,
      NaN,
      0.007636672491176109,
      NaN,
      NaN,
      0.017538914383804585,
      NaN,
      NaN,
      0.028979767146198182,
      0.03706053890593004,
      0.04788452566900048,
      0.060605787225838835,
      0.07953422691763766,
      0.09691047728837726,
      0.11857426949279115,
      0.14968012742612466,
      0.18379434356229227,
      0.2180692226363627,
      0.26543384581093116,
      0.32350592487515734,
      0.3881469905272876,
      0.45360970283441754,
      0.5311401671777175,
      0.6138424859432666,
      0.6985344703655383,
      0.7919223623661332,
      0.8867266274059319,
      0.9838657324946413,
      1.07756642942283,
      1.1719181447297602,
      1.2597991030559859,
      1.3375868741303798,
      1.4011762882552228,
      1.447827284998637,
      1.4714484889871586,
      1.4594528209467752,
      1.414699078226529,
      1.3583634063531276,
      1.3259072136367935,
      1.3340418875999716,
      1.3483295044724457,
      1.3565224923373354,
      1.3848010917035598,
      1.4278768921233262,
      1.4372322711246954,
      1.4175712177980557,
      1.4474362088806474,
      1.9433084543674581,
      2.7820827373762054,
      1.5032345070795492
   ],
   "Unweighted sigma^2": 0.6928843508581766,
   "Apparent r0": 17.653778911071747
}