{
   "log10 r": [
      0.0,
      0.05,
      0.1,
      0.15000000000000002,
      0.2,
      0.25,
      0.30000000000000004,
      0.35000000000000003,
      0.4,
      0.45,
      0.5,
      0.55,
      0.6000000000000001,
      0.65,
      0.7000000000000001,
      0.75,
      0.8,
      0.8500000000000001,
      0.9,
      0.9500000000000001,
      1.0,
      1.05,
      1.1,
      1.1500000000000001,
      1.2000000000000002,
      1.25,
      1.3,
      1.35,
      1.4000000000000001,
      1.4500000000000002,
      1.5,
      1.55,
      1.6,
      1.6500000000000001,
      1.7000000000000002,
      1.75,
      1.8,
      1.85,
      1.9000000000000001,
      1.9500000000000002,
      2.0,
      2.0500000000000003,
      2.1,
      2.15,
      2.2,
      2.25,
      2.3000000000000003,
      2.35,
      2.4000000000000004,
      2.45,
      2.5
   ],
   "Sum dv^2": [
      205.46416638168688,
      0.0,
      0.0,
      978.108969299644,
      0.0,
      0.0,
      5624.694981931112,
      0.0,
      0.0,
      5591.126612830775,
      9433.060919438389,
      12138.679323723147,
      26995.854327376957,
      45338.721985512566,
      48947.515185176846,
      82319.44251152116,
      178641.9020230718,
      183402.41052733033,
      313021.3769466935,
      511217.3174925839,
      922772.6434716732,
      1123215.950848697,
      1671786.306063409,
      2752780.065835582,
      3582249.1267319955,
      5310256.801722124,
      7831292.733409378,
      10640055.410457745,
      14351998.443301797,
      19095538.818202905,
      26523628.069482088,
      32302404.342601437,
      43309505.19465941,
      52748916.889442466,
      65115250.42509966,
      77881683.9140194,
      91859134.08012514,
      109728658.68891144,
      126893864.5988664,
      150934043.4685279,
      179980910.41700745,
      201091990.16656724,
      233001898.78548717,
      281839004.2892485,
      319951558.3409636,
      311670349.4091255,
      283869920.5887339,
      222828924.476596,
      103773913.6014904,
      22924076.82794068,
      1193965.3086108044
   ],
   "Sum weights": [
      65280.0,
      0.0,
      0.0,
      130050.0,
      0.0,
      0.0,
      324104.0,
      0.0,
      0.0,
      193800.0,
      258060.0,
      257048.0,
      449570.0,
      575312.0,
      511036.0,
      700020.0,
      1203734.0,
      1007972.0,
      1445380.0,
      1937042.0,
      2859272.0,
      2897116.0,
      3674690.0,
      5155474.0,
      5773520.0,
      7491838.0,
      9701238.0,
      11757186.0,
      14320938.0,
      17540114.0,
      22734900.0,
      26303374.0,
      34062188.0,
      40733820.0,
      50149068.0,
      60431004.0,
      72289830.0,
      87731826.0,
      102476376.0,
      120332462.0,
      140368314.0,
      158782298.0,
      178392398.0,
      192781200.0,
      200564162.0,
      196929652.0,
      173862636.0,
      123283452.0,
      50816154.0,
      14282052.0,
      1557090.0
   ],
   "Sum w * dv^2": [
      205.46416638168688,
      0.0,
      0.0,
      978.108969299644,
      0.0,
      0.0,
      5624.694981931112,
      0.0,
      0.0,
      5591.126612830775,
      9433.060919438389,
      12138.679323723147,
      26995.854327376957,
      45338.721985512566,
      48947.515185176846,
      82319.44251152116,
      178641.9020230718,
      183402.41052733033,
      313021.3769466935,
      511217.3174925839,
      922772.6434716732,
      1123215.950848697,
      1671786.306063409,
      2752780.065835582,
      3582249.1267319955,
      5310256.801722124,
      7831292.733409378,
      10640055.410457745,
      14351998.443301797,
      19095538.818202905,
      26523628.069482088,
      32302404.342601437,
      43309505.19465941,
      52748916.889442466,
      65115250.42509966,
      77881683.9140194,
      91859134.08012514,
      109728658.68891144,
      126893864.5988664,
      150934043.4685279,
      179980910.41700745,
      201091990.16656724,
      233001898.78548717,
      281839004.2892485,
      319951558.3409636,
      311670349.4091255,
      283869920.5887339,
      222828924.476596,
      103773913.6014904,
      22924076.82794068,
      1193965.3086108044
   ],
   "N pairs": [
      65280,
      0,
      0,
      130050,
      0,
      0,
      324104,
      0,
      0,
      193800,
      258060,
      257048,
      449570,
      575312,
      511036,
      700020,
      1203734,
      1007972,
      1445380,
      1937042,
      2859272,
      2897116,
      3674690,
      5155474,
      5773520,
      7491838,
      9701238,
      11757186,
      14320938,
      17540114,
      22734900,
      26303374,
      34062188,
      40733820,
      50149068,
      60431004,
      72289830,
      87731826,
      102476376,
      120332462,
      140368314,
      158782298,
      178392398,
      192781200,
      200564162,
      196929652,
      173862636,
      123283452,
      50816154,
      14282052,
      1557090
   ],
   "Unweighted B(r)": [
      0.0031474290193273112,
      NaN,
      NaN,
      0.007521022447517446,
      NaN,
      NaN,
      0.01735459908526619,
      NaN,
      NaN,
      0.02884998252234662,
      0.03655375075346194,
      0.047223395333646424,
      0.060048166753513266,
      0.07880718981268002,
      0.09578095317194257,
      0.11759584370663861,
      0.14840646025041396,
      0.1819518900597738,
      0.2165668384415818,
      0.26391648580288085,
      0.32272992687357943,
      0.3877014074854776,
      0.4549462147999992,
      0.5339528559033723,
      0.6204618892342965,
      0.7088056097478515,
      0.8072467383450831,
      0.9049831660788342,
      1.0021688833023226,
      1.0886781475994345,
      1.166648107952183,
      1.2280707540637728,
      1.271483358457754,
      1.2949661212585135,
      1.298433909581324,
      1.288770312570339,
      1.2707061848136196,
      1.250728084571173,
      1.2382743179644293,
      1.2543086126545628,
      1.2822046891366625,
      1.2664635334007273,
      1.3061201116063654,
      1.4619631182358472,
      1.5952578723459259,
      1.5826481499552212,
      1.632725277377791,
      1.8074520210270881,
      2.0421441890602425,
      1.6050968605870277,
      0.7667927406963017
   ],
   "Weighted B(r)": [
      0.0031474290193273112,
      NaN,
      NaN,
      0.007521022447517446,
      NaN,
      NaN,
      0.01735459908526619,
      NaN,
      NaN,
      0.02884998252234662,
      0.03655375075346194,
      0.047223395333646424,
      0.060048166753513266,
      0.07880718981268002,
      0.09578095317194257,
      0.11759584370663861,
      0.14840646025041396,
      0.1819518900597738,
      0.2165668384415818,
      0.26391648580288085,
      0.32272992687357943,
      0.3877014074854776,
      0.4549462147999992,
      0.5339528559033723,
      0.6204618892342965,
      0.7088056097478515,
      0.8072467383450831,
      0.9049831660788342,
      1.0021688833023226,
      1.0886781475994345,
      1.166648107952183,
      1.2280707540637728,
      1.271483358457754,
      1.2949661212585135,
      1.298433909581324,
      1.288770312570339,
      1.2707061848136196,
      1.250728084571173,
      1.2382743179644293,
      1.2543086126545628,
      1.2822046891366625,
      1.2664635334007273,
      1.3061201116063654,
      1.4619631182358472,
      1.5952578723459259,
      1.5826481499552212,
      1.632725277377791,
      1.8074520210270881,
      2.0421441890602425,
      1.6050968605870277,
      0.7667927406963017
   ],
   "Unweighted sigma^2": 0.7027059815714986,
   "Apparent r0": 17.649271987578175
}