{
   "log10 r": [
      0.0,
      0.05,
      0.1,
      0.15000000000000002,
      0.2,
      0.25,
      0.30000000000000004,
      0.35000000000000003,
      0.4,
      0.45,
      0.5,
      0.55,
      0.6000000000000001,
      0.65,
      0.7000000000000001,
      0.75,
      0.8,
      0.8500000000000001,
      0.9,
      0.9500000000000001,
      1.0,
      1.05,
      1.1,
      1.1500000000000001,
      1.2000000000000002,
      1.25,
      1.3,
      1.35,
      1.4000000000000001,
      1.4500000000000002,
      1.5,
      1.55,
      1.6,
      1.6500000000000001,
      1.7000000000000002,
      1.75,
      1.8,
      1.85,
      1.9000000000000001,
      1.9500000000000002,
      2.0,
      2.0500000000000003,
      2.1,
      2.15,
      2.2,
      2.25,
      2.3000000000000003,
      2.35,
      2.4000000000000004,
      2.45,
      2.5
   ],
   "Sum dv^2": [
      73.00900513117433,
      0.0,
      0.0,
      343.79953458485375,
      0.0,
      0.0,
      1996.263180272625,
      0.0,
      0.0,
      2003.295125365707,
      3381.25015444625,
      4376.191069646452,
      9825.852919759875,
      16676.844139955258,
      18126.46932160986,
      30885.164485521724,
      68117.58778452977,
      71194.94362597955,
      123620.60335516519,
      206935.86788893488,
      384457.03016604367,
      484383.4623907197,
      745109.6057416708,
      1278162.4173596243,
      1730230.1893626666,
      2675635.808840747,
      4111311.01939114,
      5827339.294267375,
      8161791.435675425,
      11256329.789387995,
      16167532.350126116,
      20285895.284646265,
      27901550.76547503,
      34682586.127080254,
      43435234.46964806,
      52431861.9745326,
      62060149.94965918,
      74155631.06692077,
      85850696.87498459,
      101599588.27760452,
      120083568.46238208,
      136382572.51479617,
      160778911.76297668,
      195703864.15424708,
      222717110.57996488,
      217903497.42701918,
      197403189.79697344,
      153823091.651238,
      71432679.31266381,
      14260642.957540138,
      548014.219278575
   ],
   "Sum weights": [
      65280.0,
      0.0,
      0.0,
      130050.0,
      0.0,
      0.0,
      324104.0,
      0.0,
      0.0,
      193800.0,
      258060.0,
      257048.0,
      449570.0,
      575312.0,
      511036.0,
      700020.0,
      1203734.0,
      1007972.0,
      1445380.0,
      1937042.0,
      2859272.0,
      2897116.0,
      3674690.0,
      5155474.0,
      5773520.0,
      7491838.0,
      9701238.0,
      11757186.0,
      14320938.0,
      17540114.0,
      22734900.0,
      26303374.0,
      34062188.0,
      40733820.0,
      50149068.0,
      60431004.0,
      72289830.0,
      87731826.0,
      102476376.0,
      120332462.0,
      140368314.0,
      158782298.0,
      178392398.0,
      192781200.0,
      200564162.0,
      196929652.0,
      173862636.0,
      123283452.0,
      50816154.0,
      14282052.0,
      1557090.0
   ],
   "Sum w * dv^2": [
      73.00900513117433,
      0.0,
      0.0,
      343.79953458485375,
      0.0,
      0.0,
      1996.263180272625,
      0.0,
      0.0,
      2003.295125365707,
      3381.25015444625,
      4376.191069646452,
      9825.852919759875,
      16676.844139955258,
      18126.46932160986,
      30885.164485521724,
      68117.58778452977,
      71194.94362597955,
      123620.60335516519,
      206935.86788893488,
      384457.03016604367,
      484383.4623907197,
      745109.6057416708,
      1278162.4173596243,
      1730230.1893626666,
      2675635.808840747,
      4111311.01939114,
      5827339.294267375,
      8161791.435675425,
      11256329.789387995,
      16167532.350126116,
      20285895.284646265,
      27901550.76547503,
      34682586.127080254,
      43435234.46964806,
      52431861.9745326,
      62060149.94965918,
      74155631.06692077,
      85850696.87498459,
      101599588.27760452,
      120083568.46238208,
      136382572.51479617,
      160778911.76297668,
      195703864.15424708,
      222717110.57996488,
      217903497.42701918,
      197403189.79697344,
      153823091.651238,
      71432679.31266381,
      14260642.957540138,
      548014.219278575
   ],
   "N pairs": [
      65280,
      0,
      0,
      130050,
      0,
      0,
      324104,
      0,
      0,
      193800,
      258060,
      257048,
      449570,
      575312,
      511036,
      700020,
      1203734,
      1007972,
      1445380,
      1937042,
      2859272,
      2897116,
      3674690,
      5155474,
      5773520,
      7491838,
      9701238,
      11757186,
      14320938,
      17540114,
      22734900,
      26303374,
      34062188,
      40733820,
      50149068,
      60431004,
      72289830,
      87731826,
      102476376,
      120332462,
      140368314,
      158782298,
      178392398,
      192781200,
      200564162,
      196929652,
      173862636,
      123283452,
      50816154,
      14282052,
      1557090
   ],
   "Unweighted B(r)": [
      0.0011183977501711755,
      NaN,
      NaN,
      0.002643595037176884,
      NaN,
      NaN,
      0.0061593290433707235,
      NaN,
      NaN,
      0.010336920151525836,
      0.01310257364351798,
      0.01702480108635917,
      0.021856113441199088,
      0.02898747834210873,
      0.03547004383567862,
      0.04412040296780338,
      0.056588571714788954,
      0.07063186638714125,
      0.08552809873885428,
      0.1068308626704712,
      0.13445976114411068,
      0.16719505273199958,
      0.2027680173679061,
      0.24792335629267537,
      0.29968376126915064,
      0.3571401048502046,
      0.42379240869991436,
      0.49564064855887924,
      0.569920171128136,
      0.6417478124365665,
      0.7111327672488603,
      0.7712278768741327,
      0.8191355988486421,
      0.8514444784967443,
      0.8661224665161885,
      0.8676318198276599,
      0.8584907441290038,
      0.8452534781040665,
      0.837760859878423,
      0.8443240218720408,
      0.8554891416761056,
      0.8589280683845258,
      0.9012654886951891,
      1.0151605247516204,
      1.1104531754779046,
      1.1065042527319309,
      1.1353974283294166,
      1.2477188881054206,
      1.4057081004726137,
      0.9985009827397447,
      0.35194768399936743
   ],
   "Weighted B(r)": [
      0.0011183977501711755,
      NaN,
      NaN,
      0.002643595037176884,
      NaN,
      NaN,
      0.0061593290433707235,
      NaN,
      NaN,
      0.010336920151525836,
      0.01310257364351798,
      0.01702480108635917,
      0.021856113441199088,
      0.02898747834210873,
      0.03547004383567862,
      0.04412040296780338,
      0.056588571714788954,
      0.07063186638714125,
      0.08552809873885428,
      0.1068308626704712,
      0.13445976114411068,
      0.16719505273199958,
      0.2027680173679061,
      0.24792335629267537,
      0.29968376126915064,
      0.3571401048502046,
      0.42379240869991436,
      0.49564064855887924,
      0.569920171128136,
      0.6417478124365665,
      0.7111327672488603,
      0.7712278768741327,
      0.8191355988486421,
      0.8514444784967443,
      0.8661224665161885,
      0.8676318198276599,
      0.8584907441290038,
      0.8452534781040665,
      0.837760859878423,
      0.8443240218720408,
      0.8554891416761056,
      0.8589280683845258,
      0.9012654886951891,
      1.0151605247516204,
      1.1104531754779046,
      1.1065042527319309,
      1.1353974283294166,
      1.2477188881054206,
      1.4057081004726137,
      0.9985009827397447,
      0.35194768399936743
   ],
   "Unweighted sigma^2": 0.4780362337807702,
   "Apparent r0": 21.790683186739553
}