{
   "log10 r": [
      0.0,
      0.05,
      0.1,
      0.15000000000000002,
      0.2,
      0.25,
      0.30000000000000004,
      0.35000000000000003,
      0.4,
      0.45,
      0.5,
      0.55,
      0.6000000000000001,
      0.65,
      0.7000000000000001,
      0.75,
      0.8,
      0.8500000000000001,
      0.9,
      0.9500000000000001,
      1.0,
      1.05,
      1.1,
      1.1500000000000001,
      1.2000000000000002,
      1.25,
      1.3,
      1.35,
      1.4000000000000001,
      1.4500000000000002,
      1.5,
      1.55,
      1.6,
      1.6500000000000001,
      1.7000000000000002,
      1.75,
      1.8,
      1.85,
      1.9000000000000001,
      1.9500000000000002,
      2.0,
      2.0500000000000003,
      2.1,
      2.15,
      2.2,
      2.25,
      2.3000000000000003,
      2.35,
      2.4000000000000004,
      2.45,
      2.5
   ],
   "Sum dv^2": [
      1.63981254023375,
      0.0,
      0.0,
      6.126684351561812,
      0.0,
      0.0,
      37.047516781663376,
      0.0,
      0.0,
      38.96082332135208,
      60.77765057561117,
      78.76919291147934,
      183.08167005090328,
      311.1985334370132,
      330.7464469384147,
      578.729031014308,
      1276.1673620219203,
      1327.773383572533,
      2350.1790701908167,
      3979.0752804338886,
      7548.615262360364,
      9670.322933628582,
      15280.150234791883,
      26925.80346452837,
      37887.53934715253,
      61240.92918884296,
      99412.55445137194,
      150730.18296674927,
      227770.54213597768,
      343865.4461849333,
      550113.8325453957,
      778887.9008075006,
      1227275.4443685845,
      1775286.1798096718,
      2613964.210789027,
      3728332.5980108124,
      5207523.605767405,
      7298276.803561854,
      9731894.675483564,
      12942752.706294026,
      17119737.497577365,
      22040964.508963607,
      28363801.79058213,
      35058065.83099732,
      41007593.11583211,
      43607359.85504389,
      39638586.303999305,
      27591822.032019097,
      11659118.218224922,
      2591363.467383091,
      149769.81623876918
   ],
   "Sum weights": [
      65280.0,
      0.0,
      0.0,
      130050.0,
      0.0,
      0.0,
      324104.0,
      0.0,
      0.0,
      193800.0,
      258060.0,
      257048.0,
      449570.0,
      575312.0,
      511036.0,
      700020.0,
      1203734.0,
      1007972.0,
      1445380.0,
      1937042.0,
      2859272.0,
      2897116.0,
      3674690.0,
      5155474.0,
      5773520.0,
      7491838.0,
      9701238.0,
      11757186.0,
      14320938.0,
      17540114.0,
      22734900.0,
      26303374.0,
      34062188.0,
      40733820.0,
      50149068.0,
      60431004.0,
      72289830.0,
      87731826.0,
      102476376.0,
      120332462.0,
      140368314.0,
      158782298.0,
      178392398.0,
      192781200.0,
      200564162.0,
      196929652.0,
      173862636.0,
      123283452.0,
      50816154.0,
      14282052.0,
      1557090.0
   ],
   "Sum w * dv^2": [
      1.63981254023375,
      0.0,
      0.0,
      6.126684351561812,
      0.0,
      0.0,
      37.047516781663376,
      0.0,
      0.0,
      38.96082332135208,
      60.77765057561117,
      78.76919291147934,
      183.08167005090328,
      311.1985334370132,
      330.7464469384147,
      578.729031014308,
      1276.1673620219203,
      1327.773383572533,
      2350.1790701908167,
      3979.0752804338886,
      7548.615262360364,
      9670.322933628582,
      15280.150234791883,
      26925.80346452837,
      37887.53934715253,
      61240.92918884296,
      99412.55445137194,
      150730.18296674927,
      227770.54213597768,
      343865.4461849333,
      550113.8325453957,
      778887.9008075006,
      1227275.4443685845,
      1775286.1798096718,
      2613964.210789027,
      3728332.5980108124,
      5207523.605767405,
      7298276.803561854,
      9731894.675483564,
      12942752.706294026,
      17119737.497577365,
      22040964.508963607,
      28363801.79058213,
      35058065.83099732,
      41007593.11583211,
      43607359.85504389,
      39638586.303999305,
      27591822.032019097,
      11659118.218224922,
      2591363.467383091,
      149769.81623876918
   ],
   "N pairs": [
      65280,
      0,
      0,
      130050,
      0,
      0,
      324104,
      0,
      0,
      193800,
      258060,
      257048,
      449570,
      575312,
      511036,
      700020,
      1203734,
      1007972,
      1445380,
      1937042,
      2859272,
      2897116,
      3674690,
      5155474,
      5773520,
      7491838,
      9701238,
      11757186,
      14320938,
      17540114,
      22734900,
      26303374,
      34062188,
      40733820,
      50149068,
      60431004,
      72289830,
      87731826,
      102476376,
      120332462,
      140368314,
      158782298,
      178392398,
      192781200,
      200564162,
      196929652,
      173862636,
      123283452,
      50816154,
      14282052,
      1557090
   ],
   "Unweighted B(r)": [
      2.5119677393286613e-05,
      NaN,
      NaN,
      4.7110221849764025e-05,
      NaN,
      NaN,
      0.00011430749630261698,
      NaN,
      NaN,
      0.00020103624004825634,
      0.0002355175175370502,
      0.0003064376805556913,
      0.00040723729352693303,
      0.0005409213321415393,
      0.0006472077249712637,
      0.0008267321376736493,
      0.0010601738939183577,
      0.0013172720904673274,
      0.001625993904849117,
      0.0020542018605863416,
      0.0026400479780728675,
      0.0033379136125818165,
      0.0041582147704410126,
      0.005222760014797547,
      0.006562294639518445,
      0.008174353101180639,
      0.010247409088548485,
      0.012820260134248898,
      0.01590472231190287,
      0.0196045160359239,
      0.024196888156332145,
      0.029611710680443527,
      0.0360304348143632,
      0.04358260972846818,
      0.05212388415252357,
      0.061695691801030024,
      0.07203673885755997,
      0.08318847488210099,
      0.09496720176251709,
      0.10755828054356625,
      0.12196297732533402,
      0.13881247964406968,
      0.1589966955350986,
      0.18185417370053364,
      0.20446121932707056,
      0.2214362307157476,
      0.22798795195995594,
      0.22380799356607162,
      0.229437241909825,
      0.18144195717695824,
      0.096185715815251
   ],
   "Weighted B(r)": [
      2.5119677393286613e-05,
      NaN,
      NaN,
      4.7110221849764025e-05,
      NaN,
      NaN,
      0.00011430749630261698,
      NaN,
      NaN,
      0.00020103624004825634,
      0.0002355175175370502,
      0.0003064376805556913,
      0.00040723729352693303,
      0.0005409213321415393,
      0.0006472077249712637,
      0.0008267321376736493,
      0.0010601738939183577,
      0.0013172720904673274,
      0.001625993904849117,
      0.0020542018605863416,
      0.0026400479780728675,
      0.0033379136125818165,
      0.0041582147704410126,
      0.005222760014797547,
      0.006562294639518445,
      0.008174353101180639,
      0.010247409088548485,
      0.012820260134248898,
      0.01590472231190287,
      0.0196045160359239,
      0.024196888156332145,
      0.029611710680443527,
      0.0360304348143632,
      0.04358260972846818,
      0.05212388415252357,
      0.061695691801030024,
      0.07203673885755997,
      0.08318847488210099,
      0.09496720176251709,
      0.10755828054356625,
      0.12196297732533402,
      0.13881247964406968,
      0.1589966955350986,
      0.18185417370053364,
      0.20446121932707056,
      0.2214362307157476,
      0.22798795195995594,
      0.22380799356607162,
      0.229437241909825,
      0.18144195717695824,
      0.096185715815251
   ],
   "Unweighted sigma^2": 0.07358250687740506,
   "Apparent r0": 64.16288908689701
}