{
   "log10 r": [
      0.0,
      0.05,
      0.1,
      0.15000000000000002,
      0.2,
      0.25,
      0.30000000000000004,
      0.35000000000000003,
      0.4,
      0.45,
      0.5,
      0.55,
      0.6000000000000001,
      0.65,
      0.7000000000000001,
      0.75,
      0.8,
      0.8500000000000001,
      0.9,
      0.9500000000000001,
      1.0,
      1.05,
      1.1,
      1.1500000000000001,
      1.2000000000000002,
      1.25,
      1.3,
      1.35,
      1.4000000000000001,
      1.4500000000000002,
      1.5,
      1.55,
      1.6,
      1.6500000000000001,
      1.7000000000000002,
      1.75,
      1.8,
      1.85,
      1.9000000000000001,
      1.9500000000000002,
      2.0,
      2.0500000000000003,
      2.1,
      2.15,
      2.2,
      2.25,
      2.3000000000000003,
      2.35,
      2.4000000000000004,
      2.45,
      2.5
   ],
   "Sum dv^2": [
      47.80852059555319,
      0.0,
      0.0,
      306.0259382890898,
      0.0,
      0.0,
      1711.648941862919,
      0.0,
      0.0,
      1634.8148370972738,
      3021.445670612186,
      3906.4957390235354,
      8524.123282050294,
      14508.090246965035,
      16255.852021482015,
      27127.2113627543,
      60417.25935097795,
      64048.48699813983,
      110401.40430522643,
      185613.79971285205,
      344534.1971052841,
      437613.26830483624,
      672935.117966491,
      1165967.9952791221,
      1580561.0177691483,
      2464739.883631793,
      3807807.427836361,
      5473579.6694122255,
      7771850.9787818575,
      10963420.281106964,
      16199962.225790823,
      21076744.388978165,
      30312337.412762295,
      39908863.99764184,
      53708005.65277804,
      70417876.31851773,
      91507151.58052607,
      120566180.6215241,
      151932637.03380793,
      188818301.97583032,
      226143418.48445168,
      255035982.62066156,
      280863019.42459136,
      293622637.4803669,
      296687940.2742458,
      312718421.6864646,
      285650755.75778747,
      168909797.8552602,
      56823563.23739006,
      14639924.860523354,
      733788.2536076617
   ],
   "Sum weights": [
      65280.0,
      0.0,
      0.0,
      130050.0,
      0.0,
      0.0,
      324104.0,
      0.0,
      0.0,
      193800.0,
      258060.0,
      257048.0,
      449570.0,
      575312.0,
      511036.0,
      700020.0,
      1203734.0,
      1007972.0,
      1445380.0,
      1937042.0,
      2859272.0,
      2897116.0,
      3674690.0,
      5155474.0,
      5773520.0,
      7491838.0,
      9701238.0,
      11757186.0,
      14320938.0,
      17540114.0,
      22734900.0,
      26303374.0,
      34062188.0,
      40733820.0,
      50149068.0,
      60431004.0,
      72289830.0,
      87731826.0,
      102476376.0,
      120332462.0,
      140368314.0,
      158782298.0,
      178392398.0,
      192781200.0,
      200564162.0,
      196929652.0,
      173862636.0,
      123283452.0,
      50816154.0,
      14282052.0,
      1557090.0
   ],
   "Sum w * dv^2": [
      47.80852059555319,
      0.0,
      0.0,
      306.0259382890898,
      0.0,
      0.0,
      1711.648941862919,
      0.0,
      0.0,
      1634.8148370972738,
      3021.445670612186,
      3906.4957390235354,
      8524.123282050294,
      14508.090246965035,
      16255.852021482015,
      27127.2113627543,
      60417.25935097795,
      64048.48699813983,
      110401.40430522643,
      185613.79971285205,
      344534.1971052841,
      437613.26830483624,
      672935.117966491,
      1165967.9952791221,
      1580561.0177691483,
      2464739.883631793,
      3807807.427836361,
      5473579.6694122255,
      7771850.9787818575,
      10963420.281106964,
      16199962.225790823,
      21076744.388978165,
      30312337.412762295,
      39908863.99764184,
      53708005.65277804,
      70417876.31851773,
      91507151.58052607,
      120566180.6215241,
      151932637.03380793,
      188818301.97583032,
      226143418.48445168,
      255035982.62066156,
      280863019.42459136,
      293622637.4803669,
      296687940.2742458,
      312718421.6864646,
      285650755.75778747,
      168909797.8552602,
      56823563.23739006,
      14639924.860523354,
      733788.2536076617
   ],
   "N pairs": [
      65280,
      0,
      0,
      130050,
      0,
      0,
      324104,
      0,
      0,
      193800,
      258060,
      257048,
      449570,
      575312,
      511036,
      700020,
      1203734,
      1007972,
      1445380,
      1937042,
      2859272,
      2897116,
      3674690,
      5155474,
      5773520,
      7491838,
      9701238,
      11757186,
      14320938,
      17540114,
      22734900,
      26303374,
      34062188,
      40733820,
      50149068,
      60431004,
      72289830,
      87731826,
      102476376,
      120332462,
      140368314,
      158782298,
      178392398,
      192781200,
      200564162,
      196929652,
      173862636,
      123283452,
      50816154,
      14282052,
      1557090
   ],
   "Unweighted B(r)": [
      0.0007323609159858025,
      NaN,
      NaN,
      0.002353140625060283,
      NaN,
      NaN,
      0.005281171913530592,
      NaN,
      NaN,
      0.008435577074805333,
      0.011708306868992428,
      0.015197534075439355,
      0.01896061410247635,
      0.025217777913488743,
      0.0318096024966578,
      0.03875205188816648,
      0.05019153679382484,
      0.06354193072638906,
      0.07638226923385298,
      0.09582332221647856,
      0.12049717449241767,
      0.15105134495989675,
      0.18312704417692133,
      0.2261611629268467,
      0.27376037803093234,
      0.32899001334943345,
      0.3925073715165385,
      0.46555184798575316,
      0.5426914758503848,
      0.6250484051076842,
      0.7125592030662472,
      0.8012943278295083,
      0.8899116349414282,
      0.9797476396184261,
      1.070967174360609,
      1.165260737990018,
      1.2658371389243281,
      1.3742581924776545,
      1.482611338966631,
      1.5691385253617625,
      1.6110717015839606,
      1.606199090409068,
      1.5744113682724943,
      1.5230875079124255,
      1.4792669703087125,
      1.587970214289845,
      1.642968048395329,
      1.3700930263962774,
      1.118218494799706,
      1.0250575239834832,
      0.47125615963602724
   ],
   "Weighted B(r)": [
      0.0007323609159858025,
      NaN,
      NaN,
      0.002353140625060283,
      NaN,
      NaN,
      0.005281171913530592,
      NaN,
      NaN,
      0.008435577074805333,
      0.011708306868992428,
      0.015197534075439355,
      0.01896061410247635,
      0.025217777913488743,
      0.0318096024966578,
      0.03875205188816648,
      0.05019153679382484,
      0.06354193072638906,
      0.07638226923385298,
      0.09582332221647856,
      0.12049717449241767,
      0.15105134495989675,
      0.18312704417692133,
      0.2261611629268467,
      0.27376037803093234,
      0.32899001334943345,
      0.3925073715165385,
      0.46555184798575316,
      0.5426914758503848,
      0.6250484051076842,
      0.7125592030662472,
      0.8012943278295083,
      0.8899116349414282,
      0.9797476396184261,
      1.070967174360609,
      1.165260737990018,
      1.2658371389243281,
      1.3742581924776545,
      1.482611338966631,
      1.5691385253617625,
      1.6110717015839606,
      1.606199090409068,
      1.5744113682724943,
      1.5230875079124255,
      1.4792669703087125,
      1.587970214289845,
      1.642968048395329,
      1.3700930263962774,
      1.118218494799706,
      1.0250575239834832,
      0.47125615963602724
   ],
   "Unweighted sigma^2": 0.7032311850306193,
   "Apparent r0": 31.256209696981117
}