{
   "log10 r": [
      0.0,
      0.05,
      0.1,
      0.15000000000000002,
      0.2,
      0.25,
      0.30000000000000004,
      0.35000000000000003,
      0.4,
      0.45,
      0.5,
      0.55,
      0.6000000000000001,
      0.65,
      0.7000000000000001,
      0.75,
      0.8,
      0.8500000000000001,
      0.9,
      0.9500000000000001,
      1.0,
      1.05,
      1.1,
      1.1500000000000001,
      1.2000000000000002,
      1.25,
      1.3,
      1.35,
      1.4000000000000001,
      1.4500000000000002,
      1.5,
      1.55,
      1.6,
      1.6500000000000001,
      1.7000000000000002,
      1.75,
      1.8,
      1.85,
      1.9000000000000001,
      1.9500000000000002,
      2.0,
      2.0500000000000003,
      2.1,
      2.15,
      2.2,
      2.25,
      2.3000000000000003,
      2.35,
      2.4000000000000004,
      2.45,
      2.5
   ],
   "Sum dv^2": [
      160.66989660961215,
      0.0,
      0.0,
      797.10007775841,
      0.0,
      0.0,
      4576.824540178521,
      0.0,
      0.0,
      4523.0658312702835,
      7757.430659306788,
      9952.017144492334,
      22146.42797882243,
      37149.8398663546,
      40471.63734726594,
      67806.46865293139,
      147368.62864625492,
      151428.46851231324,
      258490.02396761513,
      421982.74179955723,
      760846.9343498681,
      924615.7573861191,
      1372291.0220923144,
      2254043.263413704,
      2920792.878879807,
      4313956.331360359,
      6340426.964046164,
      8609349.37249847,
      11650058.64559446,
      15648987.61778239,
      22104145.879042756,
      27550844.83160183,
      37965228.502978824,
      47644657.33535104,
      60681614.44130501,
      74410139.39024734,
      88385865.88923725,
      104098933.97643545,
      117044030.01767778,
      134493360.96335328,
      158234174.48721263,
      181029601.2205946,
      205025493.34722647,
      226700194.00536013,
      244273680.41277832,
      243881837.15627262,
      215900412.54184502,
      160448241.62193048,
      92755932.99054006,
      37900710.72440236,
      2278504.224207992
   ],
   "Sum weights": [
      65280.0,
      0.0,
      0.0,
      130050.0,
      0.0,
      0.0,
      324104.0,
      0.0,
      0.0,
      193800.0,
      258060.0,
      257048.0,
      449570.0,
      575312.0,
      511036.0,
      700020.0,
      1203734.0,
      1007972.0,
      1445380.0,
      1937042.0,
      2859272.0,
      2897116.0,
      3674690.0,
      5155474.0,
      5773520.0,
      7491838.0,
      9701238.0,
      11757186.0,
      14320938.0,
      17540114.0,
      22734900.0,
      26303374.0,
      34062188.0,
      40733820.0,
      50149068.0,
      60431004.0,
      72289830.0,
      87731826.0,
      102476376.0,
      120332462.0,
      140368314.0,
      158782298.0,
      178392398.0,
      192781200.0,
      200564162.0,
      196929652.0,
      173862636.0,
      123283452.0,
      50816154.0,
      14282052.0,
      1557090.0
   ],
   "Sum w * dv^2": [
      160.66989660961215,
      0.0,
      0.0,
      797.10007775841,
      0.0,
      0.0,
      4576.824540178521,
      0.0,
      0.0,
      4523.0658312702835,
      7757.430659306788,
      9952.017144492334,
      22146.42797882243,
      37149.8398663546,
      40471.63734726594,
      67806.46865293139,
      147368.62864625492,
      151428.46851231324,
      258490.02396761513,
      421982.74179955723,
      760846.9343498681,
      924615.7573861191,
      1372291.0220923144,
      2254043.263413704,
      2920792.878879807,
      4313956.331360359,
      6340426.964046164,
      8609349.37249847,
      11650058.64559446,
      15648987.61778239,
      22104145.879042756,
      27550844.83160183,
      37965228.502978824,
      47644657.33535104,
      60681614.44130501,
      74410139.39024734,
      88385865.88923725,
      104098933.97643545,
      117044030.01767778,
      134493360.96335328,
      158234174.48721263,
      181029601.2205946,
      205025493.34722647,
      226700194.00536013,
      244273680.41277832,
      243881837.15627262,
      215900412.54184502,
      160448241.62193048,
      92755932.99054006,
      37900710.72440236,
      2278504.224207992
   ],
   "N pairs": [
      65280,
      0,
      0,
      130050,
      0,
      0,
      324104,
      0,
      0,
      193800,
      258060,
      257048,
      449570,
      575312,
      511036,
      700020,
      1203734,
      1007972,
      1445380,
      1937042,
      2859272,
      2897116,
      3674690,
      5155474,
      5773520,
      7491838,
      9701238,
      11757186,
      14320938,
      17540114,
      22734900,
      26303374,
      34062188,
      40733820,
      50149068,
      60431004,
      72289830,
      87731826,
      102476376,
      120332462,
      140368314,
      158782298,
      178392398,
      192781200,
      200564162,
      196929652,
      173862636,
      123283452,
      50816154,
      14282052,
      1557090
   ],
   "Unweighted B(r)": [
      0.0024612422887501863,
      NaN,
      NaN,
      0.006129181682110034,
      NaN,
      NaN,
      0.014121468850055911,
      NaN,
      NaN,
      0.023338832978690834,
      0.030060569864786436,
      0.038716571008108734,
      0.0492613563601273,
      0.0645733790818801,
      0.07919527655050905,
      0.0968636162580089,
      0.12242624088565657,
      0.15023082834871726,
      0.1788387994628507,
      0.2178490408569134,
      0.26609813069545957,
      0.31915040936784,
      0.37344402441901614,
      0.4372135837390905,
      0.5058946498634813,
      0.5758208241235807,
      0.6535688500834805,
      0.732262751690623,
      0.8134982949855981,
      0.8921827770208557,
      0.9722561295208141,
      1.0474262667444043,
      1.1145857248799995,
      1.1696584640318792,
      1.2100247693796624,
      1.2313238977503558,
      1.2226597557254908,
      1.1865583873340952,
      1.1421562177186846,
      1.1176814529345644,
      1.1272784432476166,
      1.1401119866686562,
      1.1492950128246298,
      1.1759455486601398,
      1.217932844915625,
      1.2384211045895344,
      1.24178729547069,
      1.3014580547430687,
      1.8253237541459761,
      2.6537300609465895,
      1.4633092654939612
   ],
   "Weighted B(r)": [
      0.0024612422887501863,
      NaN,
      NaN,
      0.006129181682110034,
      NaN,
      NaN,
      0.014121468850055911,
      NaN,
      NaN,
      0.023338832978690834,
      0.030060569864786436,
      0.038716571008108734,
      0.0492613563601273,
      0.0645733790818801,
      0.07919527655050905,
      0.0968636162580089,
      0.12242624088565657,
      0.15023082834871726,
      0.1788387994628507,
      0.2178490408569134,
      0.26609813069545957,
      0.31915040936784,
      0.37344402441901614,
      0.4372135837390905,
      0.5058946498634813,
      0.5758208241235807,
      0.6535688500834805,
      0.732262751690623,
      0.8134982949855981,
      0.8921827770208557,
      0.9722561295208141,
      1.0474262667444043,
      1.1145857248799995,
      1.1696584640318792,
      1.2100247693796624,
      1.2313238977503558,
      1.2226597557254908,
      1.1865583873340952,
      1.1421562177186846,
      1.1176814529345644,
      1.1272784432476166,
      1.1401119866686562,
      1.1492950128246298,
      1.1759455486601398,
      1.217932844915625,
      1.2384211045895344,
      1.24178729547069,
      1.3014580547430687,
      1.8253237541459761,
      2.6537300609465895,
      1.4633092654939612
   ],
   "Unweighted sigma^2": 0.5931753684976195,
   "Apparent r0": 18.267133015174924
}