{
   "log10 r": [
      0.0,
      0.05,
      0.1,
      0.15000000000000002,
      0.2,
      0.25,
      0.30000000000000004,
      0.35000000000000003,
      0.4,
      0.45,
      0.5,
      0.55,
      0.6000000000000001,
      0.65,
      0.7000000000000001,
      0.75,
      0.8,
      0.8500000000000001,
      0.9,
      0.9500000000000001,
      1.0,
      1.05,
      1.1,
      1.1500000000000001,
      1.2000000000000002,
      1.25,
      1.3,
      1.35,
      1.4000000000000001,
      1.4500000000000002,
      1.5,
      1.55,
      1.6,
      1.6500000000000001,
      1.7000000000000002,
      1.75,
      1.8,
      1.85,
      1.9000000000000001,
      1.9500000000000002,
      2.0,
      2.0500000000000003,
      2.1,
      2.15,
      2.2,
      2.25,
      2.3000000000000003,
      2.35,
      2.4000000000000004,
      2.45,
      2.5
   ],
   "Sum dv^2": [
      2.8142666369944136,
      0.0,
      0.0,
      10.80899985784809,
      0.0,
      0.0,
      65.0050213598699,
      0.0,
      0.0,
      67.90907479438343,
      107.08501778971932,
      138.1960660073093,
      320.82302223382516,
      543.4676733074688,
      580.9893532278165,
      1011.9944483332682,
      2228.7303102797923,
      2311.9447402757473,
      4093.3046439268787,
      6914.355118907326,
      13109.358354169239,
      16722.004680915456,
      26377.63116585552,
      46265.24355350159,
      64963.761317111515,
      104463.69745703743,
      169000.0381227004,
      254454.76164170768,
      382179.6664841821,
      572029.6496030075,
      906166.3346194038,
      1267987.6187960925,
      1969582.7425022218,
      2798594.376408957,
      4029923.9438916934,
      5590463.879425815,
      7546167.689671265,
      10132097.484899264,
      12794553.44112434,
      15888779.883950096,
      19306646.809715904,
      22415078.322009873,
      25700035.063310083,
      28004839.10517684,
      28879506.499554805,
      27956942.996467717,
      26549818.05282432,
      24828776.118610486,
      14899578.79135997,
      4309667.097410429,
      295369.3382549366
   ],
   "Sum weights": [
      65280.0,
      0.0,
      0.0,
      130050.0,
      0.0,
      0.0,
      324104.0,
      0.0,
      0.0,
      193800.0,
      258060.0,
      257048.0,
      449570.0,
      575312.0,
      511036.0,
      700020.0,
      1203734.0,
      1007972.0,
      1445380.0,
      1937042.0,
      2859272.0,
      2897116.0,
      3674690.0,
      5155474.0,
      5773520.0,
      7491838.0,
      9701238.0,
      11757186.0,
      14320938.0,
      17540114.0,
      22734900.0,
      26303374.0,
      34062188.0,
      40733820.0,
      50149068.0,
      60431004.0,
      72289830.0,
      87731826.0,
      102476376.0,
      120332462.0,
      140368314.0,
      158782298.0,
      178392398.0,
      192781200.0,
      200564162.0,
      196929652.0,
      173862636.0,
      123283452.0,
      50816154.0,
      14282052.0,
      1557090.0
   ],
   "Sum w * dv^2": [
      2.8142666369944136,
      0.0,
      0.0,
      10.80899985784809,
      0.0,
      0.0,
      65.0050213598699,
      0.0,
      0.0,
      67.90907479438343,
      107.08501778971932,
      138.1960660073093,
      320.82302223382516,
      543.4676733074688,
      580.9893532278165,
      1011.9944483332682,
      2228.7303102797923,
      2311.9447402757473,
      4093.3046439268787,
      6914.355118907326,
      13109.358354169239,
      16722.004680915456,
      26377.63116585552,
      46265.24355350159,
      64963.761317111515,
      104463.69745703743,
      169000.0381227004,
      254454.76164170768,
      382179.6664841821,
      572029.6496030075,
      906166.3346194038,
      1267987.6187960925,
      1969582.7425022218,
      2798594.376408957,
      4029923.9438916934,
      5590463.879425815,
      7546167.689671265,
      10132097.484899264,
      12794553.44112434,
      15888779.883950096,
      19306646.809715904,
      22415078.322009873,
      25700035.063310083,
      28004839.10517684,
      28879506.499554805,
      27956942.996467717,
      26549818.05282432,
      24828776.118610486,
      14899578.79135997,
      4309667.097410429,
      295369.3382549366
   ],
   "N pairs": [
      65280,
      0,
      0,
      130050,
      0,
      0,
      324104,
      0,
      0,
      193800,
      258060,
      257048,
      449570,
      575312,
      511036,
      700020,
      1203734,
      1007972,
      1445380,
      1937042,
      2859272,
      2897116,
      3674690,
      5155474,
      5773520,
      7491838,
      9701238,
      11757186,
      14320938,
      17540114,
      22734900,
      26303374,
      34062188,
      40733820,
      50149068,
      60431004,
      72289830,
      87731826,
      102476376,
      120332462,
      140368314,
      158782298,
      178392398,
      192781200,
      200564162,
      196929652,
      173862636,
      123283452,
      50816154,
      14282052,
      1557090
   ],
   "Unweighted B(r)": [
      4.3110702159840897e-05,
      NaN,
      NaN,
      8.311418575815524e-05,
      NaN,
      NaN,
      0.00020056840199402014,
      NaN,
      NaN,
      0.0003504080226748371,
      0.00041496170576501326,
      0.0005376274703841668,
      0.0007136219548320064,
      0.0009446485964267541,
      0.0011368853725135148,
      0.0014456650500460962,
      0.0018515139642809727,
      0.0022936596852648162,
      0.002831992032494485,
      0.003569543210166494,
      0.004584858787191019,
      0.00577194861404081,
      0.007178192219168289,
      0.00897400385561087,
      0.01125201979331699,
      0.01394366742273891,
      0.01742046098886559,
      0.021642488401706638,
      0.026686776137441703,
      0.0326126528939896,
      0.03985794239778507,
      0.048206272655214974,
      0.057823142262682065,
      0.06870444206826065,
      0.08035890006752854,
      0.09250986264311967,
      0.10438768066920706,
      0.11548941754499974,
      0.12485368765503906,
      0.1320406781334707,
      0.13754277058365114,
      0.1411686227265074,
      0.14406463140492165,
      0.14526747994709463,
      0.14399136022892667,
      0.14196411110535917,
      0.15270571448614365,
      0.2013958541541365,
      0.2932055580467575,
      0.30175405448813863,
      0.18969317011536688
   ],
   "Weighted B(r)": [
      4.3110702159840897e-05,
      NaN,
      NaN,
      8.311418575815524e-05,
      NaN,
      NaN,
      0.00020056840199402014,
      NaN,
      NaN,
      0.0003504080226748371,
      0.00041496170576501326,
      0.0005376274703841668,
      0.0007136219548320064,
      0.0009446485964267541,
      0.0011368853725135148,
      0.0014456650500460962,
      0.0018515139642809727,
      0.0022936596852648162,
      0.002831992032494485,
      0.003569543210166494,
      0.004584858787191019,
      0.00577194861404081,
      0.007178192219168289,
      0.00897400385561087,
      0.01125201979331699,
      0.01394366742273891,
      0.01742046098886559,
      0.021642488401706638,
      0.026686776137441703,
      0.0326126528939896,
      0.03985794239778507,
      0.048206272655214974,
      0.057823142262682065,
      0.06870444206826065,
      0.08035890006752854,
      0.09250986264311967,
      0.10438768066920706,
      0.11548941754499974,
      0.12485368765503906,
      0.1320406781334707,
      0.13754277058365114,
      0.1411686227265074,
      0.14406463140492165,
      0.14526747994709463,
      0.14399136022892667,
      0.14196411110535917,
      0.15270571448614365,
      0.2013958541541365,
      0.2932055580467575,
      0.30175405448813863,
      0.18969317011536688
   ],
   "Unweighted sigma^2": 0.06714685579618615,
   "Apparent r0": 43.97301979077565
}