{
   "log10 r": [
      0.0,
      0.05,
      0.1,
      0.15000000000000002,
      0.2,
      0.25,
      0.30000000000000004,
      0.35000000000000003,
      0.4,
      0.45,
      0.5,
      0.55,
      0.6000000000000001,
      0.65,
      0.7000000000000001,
      0.75,
      0.8,
      0.8500000000000001,
      0.9,
      0.9500000000000001,
      1.0,
      1.05,
      1.1,
      1.1500000000000001,
      1.2000000000000002,
      1.25,
      1.3,
      1.35,
      1.4000000000000001,
      1.4500000000000002,
      1.5,
      1.55,
      1.6,
      1.6500000000000001,
      1.7000000000000002,
      1.75,
      1.8,
      1.85,
      1.9000000000000001,
      1.9500000000000002,
      2.0,
      2.0500000000000003,
      2.1,
      2.15,
      2.2,
      2.25,
      2.3000000000000003,
      2.35,
      2.4000000000000004,
      2.45,
      2.5
   ],
   "Sum dv^2": [
      416.71228956160286,
      0.0,
      0.0,
      2098.537752324466,
      0.0,
      0.0,
      11830.542816824052,
      0.0,
      0.0,
      11451.316982029339,
      19586.449243809046,
      24704.936143533512,
      53968.82866227201,
      88199.34503559672,
      94702.70805468578,
      154180.75631980287,
      324192.7432909238,
      322246.7705649986,
      533913.9636281702,
      839268.7180626473,
      1454391.794846072,
      1701302.3437038295,
      2445335.3698833184,
      3891955.6947164363,
      4905709.794795932,
      7083464.325210974,
      10194604.81578653,
      13631825.97487738,
      18181687.131377324,
      24137183.374351043,
      33649716.28945594,
      41444827.1161901,
      56776312.99745209,
      71442464.12638868,
      91955366.44468796,
      114909908.56129286,
      140482357.40240914,
      172353632.50976285,
      203862576.75352526,
      241988760.04852396,
      290893908.98551464,
      348460454.91100323,
      399433425.65844333,
      416226718.16709876,
      411122836.3723414,
      374696943.27836215,
      302611235.04233587,
      212837387.32064208,
      109798301.19561376,
      29158040.44994782,
      1527940.1821928103
   ],
   "Sum weights": [
      65280.0,
      0.0,
      0.0,
      130050.0,
      0.0,
      0.0,
      324104.0,
      0.0,
      0.0,
      193800.0,
      258060.0,
      257048.0,
      449570.0,
      575312.0,
      511036.0,
      700020.0,
      1203734.0,
      1007972.0,
      1445380.0,
      1937042.0,
      2859272.0,
      2897116.0,
      3674690.0,
      5155474.0,
      5773520.0,
      7491838.0,
      9701238.0,
      11757186.0,
      14320938.0,
      17540114.0,
      22734900.0,
      26303374.0,
      34062188.0,
      40733820.0,
      50149068.0,
      60431004.0,
      72289830.0,
      87731826.0,
      102476376.0,
      120332462.0,
      140368314.0,
      158782298.0,
      178392398.0,
      192781200.0,
      200564162.0,
      196929652.0,
      173862636.0,
      123283452.0,
      50816154.0,
      14282052.0,
      1557090.0
   ],
   "Sum w * dv^2": [
      416.71228956160286,
      0.0,
      0.0,
      2098.537752324466,
      0.0,
      0.0,
      11830.542816824052,
      0.0,
      0.0,
      11451.316982029339,
      19586.449243809046,
      24704.936143533512,
      53968.82866227201,
      88199.34503559672,
      94702.70805468578,
      154180.75631980287,
      324192.7432909238,
      322246.7705649986,
      533913.9636281702,
      839268.7180626473,
      1454391.794846072,
      1701302.3437038295,
      2445335.3698833184,
      3891955.6947164363,
      4905709.794795932,
      7083464.325210974,
      10194604.81578653,
      13631825.97487738,
      18181687.131377324,
      24137183.374351043,
      33649716.28945594,
      41444827.1161901,
      56776312.99745209,
      71442464.12638868,
      91955366.44468796,
      114909908.56129286,
      140482357.40240914,
      172353632.50976285,
      203862576.75352526,
      241988760.04852396,
      290893908.98551464,
      348460454.91100323,
      399433425.65844333,
      416226718.16709876,
      411122836.3723414,
      374696943.27836215,
      302611235.04233587,
      212837387.32064208,
      109798301.19561376,
      29158040.44994782,
      1527940.1821928103
   ],
   "N pairs": [
      65280,
      0,
      0,
      130050,
      0,
      0,
      324104,
      0,
      0,
      193800,
      258060,
      257048,
      449570,
      575312,
      511036,
      700020,
      1203734,
      1007972,
      1445380,
      1937042,
      2859272,
      2897116,
      3674690,
      5155474,
      5773520,
      7491838,
      9701238,
      11757186,
      14320938,
      17540114,
      22734900,
      26303374,
      34062188,
      40733820,
      50149068,
      60431004,
      72289830,
      87731826,
      102476376,
      120332462,
      140368314,
      158782298,
      178392398,
      192781200,
      200564162,
      196929652,
      173862636,
      123283452,
      50816154,
      14282052,
      1557090
   ],
   "Unweighted B(r)": [
      0.0063834603180392595,
      NaN,
      NaN,
      0.016136391790268868,
      NaN,
      NaN,
      0.03650230425056171,
      NaN,
      NaN,
      0.059088322920688024,
      0.07589881904909342,
      0.09611020565627242,
      0.1200454404481438,
      0.15330697957907488,
      0.18531514033196445,
      0.2202519304017069,
      0.2693225773226675,
      0.31969813701670147,
      0.36939349072781563,
      0.4332733714925372,
      0.5086580761977427,
      0.5872399806234302,
      0.6654535130537048,
      0.7549171414144338,
      0.8496913139290991,
      0.9454908562105819,
      1.0508560676262688,
      1.1594463143542493,
      1.2695877275201752,
      1.3761132552702362,
      1.480090798264164,
      1.5756468016684892,
      1.666842805208288,
      1.7538856931755649,
      1.8336405861956988,
      1.9015058654543098,
      1.9433211753632444,
      1.9645508405326346,
      1.989361692040371,
      2.011001487267201,
      2.0723616370110043,
      2.1945799960081396,
      2.239072012802044,
      2.159062803671202,
      2.049831995271126,
      1.9026943859036636,
      1.7405190787647777,
      1.7264067794000617,
      2.16069679723526,
      2.0415862125377937,
      0.9812792980449494
   ],
   "Weighted B(r)": [
      0.0063834603180392595,
      NaN,
      NaN,
      0.016136391790268868,
      NaN,
      NaN,
      0.03650230425056171,
      NaN,
      NaN,
      0.059088322920688024,
      0.07589881904909342,
      0.09611020565627242,
      0.1200454404481438,
      0.15330697957907488,
      0.18531514033196445,
      0.2202519304017069,
      0.2693225773226675,
      0.31969813701670147,
      0.36939349072781563,
      0.4332733714925372,
      0.5086580761977427,
      0.5872399806234302,
      0.6654535130537048,
      0.7549171414144338,
      0.8496913139290991,
      0.9454908562105819,
      1.0508560676262688,
      1.1594463143542493,
      1.2695877275201752,
      1.3761132552702362,
      1.480090798264164,
      1.5756468016684892,
      1.666842805208288,
      1.7538856931755649,
      1.8336405861956988,
      1.9015058654543098,
      1.9433211753632444,
      1.9645508405326346,
      1.989361692040371,
      2.011001487267201,
      2.0723616370110043,
      2.1945799960081396,
      2.239072012802044,
      2.159062803671202,
      2.049831995271126,
      1.9026943859036636,
      1.7405190787647777,
      1.7264067794000617,
      2.16069679723526,
      2.0415862125377937,
      0.9812792980449494
   ],
   "Unweighted sigma^2": 0.971147099651843,
   "Apparent r0": 18.311143653024033
}