{
   "log10 r": [
      0.0,
      0.05,
      0.1,
      0.15000000000000002,
      0.2,
      0.25,
      0.30000000000000004,
      0.35000000000000003,
      0.4,
      0.45,
      0.5,
      0.55,
      0.6000000000000001,
      0.65,
      0.7000000000000001,
      0.75,
      0.8,
      0.8500000000000001,
      0.9,
      0.9500000000000001,
      1.0,
      1.05,
      1.1,
      1.1500000000000001,
      1.2000000000000002,
      1.25,
      1.3,
      1.35,
      1.4000000000000001,
      1.4500000000000002,
      1.5,
      1.55,
      1.6,
      1.6500000000000001,
      1.7000000000000002,
      1.75,
      1.8,
      1.85,
      1.9000000000000001,
      1.9500000000000002,
      2.0,
      2.0500000000000003,
      2.1,
      2.15,
      2.2,
      2.25,
      2.3000000000000003,
      2.35,
      2.4000000000000004,
      2.45,
      2.5
   ],
   "Sum dv^2": [
      4.776740789529924,
      0.0,
      0.0,
      18.57549858894786,
      0.0,
      0.0,
      111.69373285097538,
      0.0,
      0.0,
      116.65709744505234,
      184.74779540709798,
      239.19406647984223,
      554.143414246095,
      942.0459947923017,
      1007.8959262943671,
      1757.7762456200915,
      3883.880140394468,
      4048.566171713101,
      7169.607174911025,
      12155.373334781669,
      23100.533102903046,
      29638.77445889227,
      46911.31723654611,
      82846.00794828367,
      116872.87040631243,
      189351.8060448524,
      308380.9191631052,
      468991.7472702944,
      711356.823590222,
      1077968.566251106,
      1731795.451435404,
      2462879.782652985,
      3897976.110503606,
      5663053.076081359,
      8373974.257781741,
      11980605.659649733,
      16754991.030106517,
      23409677.68560411,
      30900317.318410505,
      40174342.040898606,
      50908249.72668934,
      61094901.5595577,
      70873212.2396623,
      75724549.1246312,
      73026620.07760355,
      61239883.062414795,
      44304045.05561972,
      28629575.04598954,
      12162793.343679361,
      2662730.9533499186,
      107641.1001508289
   ],
   "Sum weights": [
      65280.0,
      0.0,
      0.0,
      130050.0,
      0.0,
      0.0,
      324104.0,
      0.0,
      0.0,
      193800.0,
      258060.0,
      257048.0,
      449570.0,
      575312.0,
      511036.0,
      700020.0,
      1203734.0,
      1007972.0,
      1445380.0,
      1937042.0,
      2859272.0,
      2897116.0,
      3674690.0,
      5155474.0,
      5773520.0,
      7491838.0,
      9701238.0,
      11757186.0,
      14320938.0,
      17540114.0,
      22734900.0,
      26303374.0,
      34062188.0,
      40733820.0,
      50149068.0,
      60431004.0,
      72289830.0,
      87731826.0,
      102476376.0,
      120332462.0,
      140368314.0,
      158782298.0,
      178392398.0,
      192781200.0,
      200564162.0,
      196929652.0,
      173862636.0,
      123283452.0,
      50816154.0,
      14282052.0,
      1557090.0
   ],
   "Sum w * dv^2": [
      4.776740789529924,
      0.0,
      0.0,
      18.57549858894786,
      0.0,
      0.0,
      111.69373285097538,
      0.0,
      0.0,
      116.65709744505234,
      184.74779540709798,
      239.19406647984223,
      554.143414246095,
      942.0459947923017,
      1007.8959262943671,
      1757.7762456200915,
      3883.880140394468,
      4048.566171713101,
      7169.607174911025,
      12155.373334781669,
      23100.533102903046,
      29638.77445889227,
      46911.31723654611,
      82846.00794828367,
      116872.87040631243,
      189351.8060448524,
      308380.9191631052,
      468991.7472702944,
      711356.823590222,
      1077968.566251106,
      1731795.451435404,
      2462879.782652985,
      3897976.110503606,
      5663053.076081359,
      8373974.257781741,
      11980605.659649733,
      16754991.030106517,
      23409677.68560411,
      30900317.318410505,
      40174342.040898606,
      50908249.72668934,
      61094901.5595577,
      70873212.2396623,
      75724549.1246312,
      73026620.07760355,
      61239883.062414795,
      44304045.05561972,
      28629575.04598954,
      12162793.343679361,
      2662730.9533499186,
      107641.1001508289
   ],
   "N pairs": [
      65280,
      0,
      0,
      130050,
      0,
      0,
      324104,
      0,
      0,
      193800,
      258060,
      257048,
      449570,
      575312,
      511036,
      700020,
      1203734,
      1007972,
      1445380,
      1937042,
      2859272,
      2897116,
      3674690,
      5155474,
      5773520,
      7491838,
      9701238,
      11757186,
      14320938,
      17540114,
      22734900,
      26303374,
      34062188,
      40733820,
      50149068,
      60431004,
      72289830,
      87731826,
      102476376,
      120332462,
      140368314,
      158782298,
      178392398,
      192781200,
      200564162,
      196929652,
      173862636,
      123283452,
      50816154,
      14282052,
      1557090
   ],
   "Unweighted B(r)": [
      7.317311258471085e-05,
      NaN,
      NaN,
      0.00014283351471701544,
      NaN,
      NaN,
      0.0003446231235991391,
      NaN,
      NaN,
      0.0006019458072500121,
      0.0007159102356316282,
      0.0009305424141788391,
      0.0012326076345087415,
      0.0016374523646165936,
      0.001972260127064174,
      0.002511037178395034,
      0.003226526907435088,
      0.004016546264889403,
      0.004960361410086638,
      0.006275224458107603,
      0.008079165991519185,
      0.010230441052029766,
      0.012766061147075293,
      0.016069522986302265,
      0.020242914271763574,
      0.025274412773588054,
      0.03178779029677503,
      0.039889795676473466,
      0.0496725021496652,
      0.0614573295390843,
      0.0761734360580167,
      0.09363360695297056,
      0.11443704410602179,
      0.13902582856411108,
      0.1669816527354355,
      0.19825263303005414,
      0.23177521693032777,
      0.2668322175991653,
      0.30153600785424445,
      0.33386121561194854,
      0.36267622140627365,
      0.3847714910862274,
      0.39728829834812973,
      0.3928004863785016,
      0.36410602646749796,
      0.31097339806610125,
      0.2548221174768092,
      0.23222561164161382,
      0.2393489547374908,
      0.18643896222685077,
      0.06912965862655909
   ],
   "Weighted B(r)": [
      7.317311258471085e-05,
      NaN,
      NaN,
      0.00014283351471701544,
      NaN,
      NaN,
      0.0003446231235991391,
      NaN,
      NaN,
      0.0006019458072500121,
      0.0007159102356316282,
      0.0009305424141788391,
      0.0012326076345087415,
      0.0016374523646165936,
      0.001972260127064174,
      0.002511037178395034,
      0.003226526907435088,
      0.004016546264889403,
      0.004960361410086638,
      0.006275224458107603,
      0.008079165991519185,
      0.010230441052029766,
      0.012766061147075293,
      0.016069522986302265,
      0.020242914271763574,
      0.025274412773588054,
      0.03178779029677503,
      0.039889795676473466,
      0.0496725021496652,
      0.0614573295390843,
      0.0761734360580167,
      0.09363360695297056,
      0.11443704410602179,
      0.13902582856411108,
      0.1669816527354355,
      0.19825263303005414,
      0.23177521693032777,
      0.2668322175991653,
      0.30153600785424445,
      0.33386121561194854,
      0.36267622140627365,
      0.3847714910862274,
      0.39728829834812973,
      0.3928004863785016,
      0.36410602646749796,
      0.31097339806610125,
      0.2548221174768092,
      0.23222561164161382,
      0.2393489547374908,
      0.18643896222685077,
      0.06912965862655909
   ],
   "Unweighted sigma^2": 0.1469884966628017,
   "Apparent r0": 46.220788521369634
}