{
   "log10 r": [
      0.0,
      0.05,
      0.1,
      0.15000000000000002,
      0.2,
      0.25,
      0.30000000000000004,
      0.35000000000000003,
      0.4,
      0.45,
      0.5,
      0.55,
      0.6000000000000001,
      0.65,
      0.7000000000000001,
      0.75,
      0.8,
      0.8500000000000001,
      0.9,
      0.9500000000000001,
      1.0,
      1.05,
      1.1,
      1.1500000000000001,
      1.2000000000000002,
      1.25,
      1.3,
      1.35,
      1.4000000000000001,
      1.4500000000000002,
      1.5,
      1.55,
      1.6,
      1.6500000000000001,
      1.7000000000000002,
      1.75,
      1.8,
      1.85,
      1.9000000000000001,
      1.9500000000000002,
      2.0,
      2.0500000000000003,
      2.1,
      2.15,
      2.2,
      2.25,
      2.3000000000000003,
      2.35,
      2.4000000000000004,
      2.45,
      2.5
   ],
   "Sum dv^2": [
      16.211896636355654,
      0.0,
      0.0,
      77.40210096496197,
      0.0,
      0.0,
      449.93029926226905,
      0.0,
      0.0,
      451.14878384117605,
      767.4182712554621,
      991.7820948373217,
      2236.406867003834,
      3800.4760606085156,
      4164.280012137933,
      7110.762003761022,
      15778.824055055004,
      16578.985779952327,
      29045.47255948228,
      49115.64825602891,
      92591.40276640396,
      118419.71400076404,
      185517.78819673957,
      325602.33840288856,
      453059.85424815275,
      723417.7130564825,
      1155690.1187747228,
      1716193.4967755144,
      2531220.413933757,
      3704291.8193238867,
      5692925.69402886,
      7678266.246496537,
      11388819.015331991,
      15291005.752704931,
      20604201.5552122,
      26450877.025153644,
      32757205.29416972,
      40075953.28720283,
      46229876.49382836,
      53208114.15685352,
      61320864.25866283,
      69447791.25799508,
      79317673.64379716,
      88070157.16043746,
      94532019.48743795,
      93921926.70502295,
      82874186.67761736,
      69863886.60115887,
      45445763.80862115,
      17012607.7272241,
      1150104.523379841
   ],
   "Sum weights": [
      65280.0,
      0.0,
      0.0,
      130050.0,
      0.0,
      0.0,
      324104.0,
      0.0,
      0.0,
      193800.0,
      258060.0,
      257048.0,
      449570.0,
      575312.0,
      511036.0,
      700020.0,
      1203734.0,
      1007972.0,
      1445380.0,
      1937042.0,
      2859272.0,
      2897116.0,
      3674690.0,
      5155474.0,
      5773520.0,
      7491838.0,
      9701238.0,
      11757186.0,
      14320938.0,
      17540114.0,
      22734900.0,
      26303374.0,
      34062188.0,
      40733820.0,
      50149068.0,
      60431004.0,
      72289830.0,
      87731826.0,
      102476376.0,
      120332462.0,
      140368314.0,
      158782298.0,
      178392398.0,
      192781200.0,
      200564162.0,
      196929652.0,
      173862636.0,
      123283452.0,
      50816154.0,
      14282052.0,
      1557090.0
   ],
   "Sum w * dv^2": [
      16.211896636355654,
      0.0,
      0.0,
      77.40210096496197,
      0.0,
      0.0,
      449.93029926226905,
      0.0,
      0.0,
      451.14878384117605,
      767.4182712554621,
      991.7820948373217,
      2236.406867003834,
      3800.4760606085156,
      4164.280012137933,
      7110.762003761022,
      15778.824055055004,
      16578.985779952327,
      29045.47255948228,
      49115.64825602891,
      92591.40276640396,
      118419.71400076404,
      185517.78819673957,
      325602.33840288856,
      453059.85424815275,
      723417.7130564825,
      1155690.1187747228,
      1716193.4967755144,
      2531220.413933757,
      3704291.8193238867,
      5692925.69402886,
      7678266.246496537,
      11388819.015331991,
      15291005.752704931,
      20604201.5552122,
      26450877.025153644,
      32757205.29416972,
      40075953.28720283,
      46229876.49382836,
      53208114.15685352,
      61320864.25866283,
      69447791.25799508,
      79317673.64379716,
      88070157.16043746,
      94532019.48743795,
      93921926.70502295,
      82874186.67761736,
      69863886.60115887,
      45445763.80862115,
      17012607.7272241,
      1150104.523379841
   ],
   "N pairs": [
      65280,
      0,
      0,
      130050,
      0,
      0,
      324104,
      0,
      0,
      193800,
      258060,
      257048,
      449570,
      575312,
      511036,
      700020,
      1203734,
      1007972,
      1445380,
      1937042,
      2859272,
      2897116,
      3674690,
      5155474,
      5773520,
      7491838,
      9701238,
      11757186,
      14320938,
      17540114,
      22734900,
      26303374,
      34062188,
      40733820,
      50149068,
      60431004,
      72289830,
      87731826,
      102476376,
      120332462,
      140368314,
      158782298,
      178392398,
      192781200,
      200564162,
      196929652,
      173862636,
      123283452,
      50816154,
      14282052,
      1557090
   ],
   "Unweighted B(r)": [
      0.0002483440048461344,
      NaN,
      NaN,
      0.000595171864398016,
      NaN,
      NaN,
      0.001388228159054714,
      NaN,
      NaN,
      0.0023279091013476577,
      0.0029737978425771606,
      0.0038583536726110364,
      0.004974546493324364,
      0.006605939143644693,
      0.00814870187645867,
      0.010157941207052688,
      0.013108231598554999,
      0.016447863412825284,
      0.020095388451121698,
      0.02535600583571699,
      0.0323828592615197,
      0.04087503365442186,
      0.050485289424887426,
      0.06315662505579285,
      0.07847203339525155,
      0.09656077895123767,
      0.11912810702868261,
      0.14596974963018486,
      0.17674962449622764,
      0.2111897231297292,
      0.2504046947217212,
      0.29191183786903296,
      0.3343537125487062,
      0.37538845491792644,
      0.4108591121815504,
      0.4377037493064594,
      0.4531371189304183,
      0.4568006288527817,
      0.4511271602132804,
      0.4421758956187028,
      0.4368568839450677,
      0.4373774163288346,
      0.4446247403647613,
      0.4568399675924699,
      0.47133056347044666,
      0.47693135975796547,
      0.47666473133202325,
      0.5666931406265203,
      0.8943172639279461,
      1.191187913839279,
      0.7386243077663083
   ],
   "Weighted B(r)": [
      0.0002483440048461344,
      NaN,
      NaN,
      0.000595171864398016,
      NaN,
      NaN,
      0.001388228159054714,
      NaN,
      NaN,
      0.0023279091013476577,
      0.0029737978425771606,
      0.0038583536726110364,
      0.004974546493324364,
      0.006605939143644693,
      0.00814870187645867,
      0.010157941207052688,
      0.013108231598554999,
      0.016447863412825284,
      0.020095388451121698,
      0.02535600583571699,
      0.0323828592615197,
      0.04087503365442186,
      0.050485289424887426,
      0.06315662505579285,
      0.07847203339525155,
      0.09656077895123767,
      0.11912810702868261,
      0.14596974963018486,
      0.17674962449622764,
      0.2111897231297292,
      0.2504046947217212,
      0.29191183786903296,
      0.3343537125487062,
      0.37538845491792644,
      0.4108591121815504,
      0.4377037493064594,
      0.4531371189304183,
      0.4568006288527817,
      0.4511271602132804,
      0.4421758956187028,
      0.4368568839450677,
      0.4373774163288346,
      0.4446247403647613,
      0.4568399675924699,
      0.47133056347044666,
      0.47693135975796547,
      0.47666473133202325,
      0.5666931406265203,
      0.8943172639279461,
      1.191187913839279,
      0.7386243077663083
   ],
   "Unweighted sigma^2": 0.22735624029578613,
   "Apparent r0": 29.601548059450195
}