{
   "log10 r": [
      0.0,
      0.05,
      0.1,
      0.15000000000000002,
      0.2,
      0.25,
      0.30000000000000004,
      0.35000000000000003,
      0.4,
      0.45,
      0.5,
      0.55,
      0.6000000000000001,
      0.65,
      0.7000000000000001,
      0.75,
      0.8,
      0.8500000000000001,
      0.9,
      0.9500000000000001,
      1.0,
      1.05,
      1.1,
      1.1500000000000001,
      1.2000000000000002,
      1.25,
      1.3,
      1.35,
      1.4000000000000001,
      1.4500000000000002,
      1.5,
      1.55,
      1.6,
      1.6500000000000001,
      1.7000000000000002,
      1.75,
      1.8,
      1.85,
      1.9000000000000001,
      1.9500000000000002,
      2.0,
      2.0500000000000003,
      2.1,
      2.15,
      2.2,
      2.25,
      2.3000000000000003,
      2.35,
      2.4000000000000004,
      2.45,
      2.5
   ],
   "Sum dv^2": [
      788.3112098118482,
      0.0,
      0.0,
      3834.7910805231786,
      0.0,
      0.0,
      20559.849201344437,
      0.0,
      0.0,
      18918.093937133053,
      31482.90145196608,
      38018.5110732345,
      80326.00893935471,
      124723.12732405974,
      130010.37540082294,
      203331.9366836759,
      409388.10832087643,
      391401.2531251513,
      631048.4651952276,
      959342.6877084941,
      1613475.8677352676,
      1831632.312933754,
      2579943.86783552,
      4017074.991006528,
      4996433.676457003,
      7110948.26102636,
      10119704.533353586,
      13330539.43778431,
      17559276.646060806,
      22901496.32839066,
      31232072.00786917,
      37482888.59998339,
      49688239.66650384,
      60140065.17190894,
      74129914.00752103,
      88599639.87803915,
      104778280.47436441,
      125757538.5320383,
      145652615.46721262,
      173214563.70002547,
      207009592.93065605,
      230448205.13478383,
      265085115.3574469,
      316810488.5522243,
      358046973.60533917,
      351052057.2235087,
      321807659.2696199,
      254414238.0979538,
      119620674.05080982,
      29224318.444225814,
      1846020.8034650409
   ],
   "Sum weights": [
      65280.0,
      0.0,
      0.0,
      130050.0,
      0.0,
      0.0,
      324104.0,
      0.0,
      0.0,
      193800.0,
      258060.0,
      257048.0,
      449570.0,
      575312.0,
      511036.0,
      700020.0,
      1203734.0,
      1007972.0,
      1445380.0,
      1937042.0,
      2859272.0,
      2897116.0,
      3674690.0,
      5155474.0,
      5773520.0,
      7491838.0,
      9701238.0,
      11757186.0,
      14320938.0,
      17540114.0,
      22734900.0,
      26303374.0,
      34062188.0,
      40733820.0,
      50149068.0,
      60431004.0,
      72289830.0,
      87731826.0,
      102476376.0,
      120332462.0,
      140368314.0,
      158782298.0,
      178392398.0,
      192781200.0,
      200564162.0,
      196929652.0,
      173862636.0,
      123283452.0,
      50816154.0,
      14282052.0,
      1557090.0
   ],
   "Sum w * dv^2": [
      788.3112098118482,
      0.0,
      0.0,
      3834.7910805231786,
      0.0,
      0.0,
      20559.849201344437,
      0.0,
      0.0,
      18918.093937133053,
      31482.90145196608,
      38018.5110732345,
      80326.00893935471,
      124723.12732405974,
      130010.37540082294,
      203331.9366836759,
      409388.10832087643,
      391401.2531251513,
      631048.4651952276,
      959342.6877084941,
      1613475.8677352676,
      1831632.312933754,
      2579943.86783552,
      4017074.991006528,
      4996433.676457003,
      7110948.26102636,
      10119704.533353586,
      13330539.43778431,
      17559276.646060806,
      22901496.32839066,
      31232072.00786917,
      37482888.59998339,
      49688239.66650384,
      60140065.17190894,
      74129914.00752103,
      88599639.87803915,
      104778280.47436441,
      125757538.5320383,
      145652615.46721262,
      173214563.70002547,
      207009592.93065605,
      230448205.13478383,
      265085115.3574469,
      316810488.5522243,
      358046973.60533917,
      351052057.2235087,
      321807659.2696199,
      254414238.0979538,
      119620674.05080982,
      29224318.444225814,
      1846020.8034650409
   ],
   "N pairs": [
      65280,
      0,
      0,
      130050,
      0,
      0,
      324104,
      0,
      0,
      193800,
      258060,
      257048,
      449570,
      575312,
      511036,
      700020,
      1203734,
      1007972,
      1445380,
      1937042,
      2859272,
      2897116,
      3674690,
      5155474,
      5773520,
      7491838,
      9701238,
      11757186,
      14320938,
      17540114,
      22734900,
      26303374,
      34062188,
      40733820,
      50149068,
      60431004,
      72289830,
      87731826,
      102476376,
      120332462,
      140368314,
      158782298,
      178392398,
      192781200,
      200564162,
      196929652,
      173862636,
      123283452,
      50816154,
      14282052,
      1557090
   ],
   "Unweighted B(r)": [
      0.012075845738539343,
      NaN,
      NaN,
      0.029487051753350084,
      NaN,
      NaN,
      0.06343596253469391,
      NaN,
      NaN,
      0.09761658378293629,
      0.12199837809798528,
      0.14790432554711377,
      0.17867297404042687,
      0.2167921533429856,
      0.25440551233342257,
      0.2904658962367874,
      0.34009848381858154,
      0.38830568024226003,
      0.43659692620295537,
      0.4952616864830469,
      0.5642960402981135,
      0.6322260872308026,
      0.702084765745007,
      0.7791863543500613,
      0.8654051040711737,
      0.9491593733108431,
      1.0431353744082545,
      1.1338205789875495,
      1.226126155008897,
      1.3056640526048269,
      1.3737501377999977,
      1.4250220751141427,
      1.458750672931047,
      1.4764160388568746,
      1.4781912598559366,
      1.4661288744770673,
      1.4494193785538632,
      1.4334312217784946,
      1.4213287115775115,
      1.4394666312073419,
      1.474760129488027,
      1.4513469576739835,
      1.4859664331517473,
      1.6433681736197527,
      1.7851991603830957,
      1.7826267078535676,
      1.8509305200550386,
      2.0636527771622895,
      2.353989128158141,
      2.0462268618141017,
      1.1855581908977906
   ],
   "Weighted B(r)": [
      0.012075845738539343,
      NaN,
      NaN,
      0.029487051753350084,
      NaN,
      NaN,
      0.06343596253469391,
      NaN,
      NaN,
      0.09761658378293629,
      0.12199837809798528,
      0.14790432554711377,
      0.17867297404042687,
      0.2167921533429856,
      0.25440551233342257,
      0.2904658962367874,
      0.34009848381858154,
      0.38830568024226003,
      0.43659692620295537,
      0.4952616864830469,
      0.5642960402981135,
      0.6322260872308026,
      0.702084765745007,
      0.7791863543500613,
      0.8654051040711737,
      0.9491593733108431,
      1.0431353744082545,
      1.1338205789875495,
      1.226126155008897,
      1.3056640526048269,
      1.3737501377999977,
      1.4250220751141427,
      1.458750672931047,
      1.4764160388568746,
      1.4781912598559366,
      1.4661288744770673,
      1.4494193785538632,
      1.4334312217784946,
      1.4213287115775115,
      1.4394666312073419,
      1.474760129488027,
      1.4513469576739835,
      1.4859664331517473,
      1.6433681736197527,
      1.7851991603830957,
      1.7826267078535676,
      1.8509305200550386,
      2.0636527771622895,
      2.353989128158141,
      2.0462268618141017,
      1.1855581908977906
   ],
   "Unweighted sigma^2": 0.8025601188340692,
   "Apparent r0": 14.592628837525094
}