{
   "log10 r": [
      0.0,
      0.05,
      0.1,
      0.15000000000000002,
      0.2,
      0.25,
      0.30000000000000004,
      0.35000000000000003,
      0.4,
      0.45,
      0.5,
      0.55,
      0.6000000000000001,
      0.65,
      0.7000000000000001,
      0.75,
      0.8,
      0.8500000000000001,
      0.9,
      0.9500000000000001,
      1.0,
      1.05,
      1.1,
      1.1500000000000001,
      1.2000000000000002,
      1.25,
      1.3,
      1.35,
      1.4000000000000001,
      1.4500000000000002,
      1.5,
      1.55,
      1.6,
      1.6500000000000001,
      1.7000000000000002,
      1.75,
      1.8,
      1.85,
      1.9000000000000001,
      1.9500000000000002,
      2.0,
      2.0500000000000003,
      2.1,
      2.15,
      2.2,
      2.25,
      2.3000000000000003,
      2.35,
      2.4000000000000004,
      2.45,
      2.5,
      2.5500000000000003
   ],
   "Sum dv^2": [
      110934.3838378021,
      0.0,
      0.0,
      385488.5030354848,
      0.0,
      0.0,
      1334618.2421529267,
      0.0,
      0.0,
      1018935.9159662896,
      1508401.995209353,
      1778671.8828660063,
      3274133.2797253584,
      4943605.678167116,
      4647986.040548182,
      7142433.035471767,
      13872522.328085868,
      13131532.807776101,
      20123896.534641482,
      30044087.709239844,
      49030752.95293814,
      55714715.54062355,
      77203767.27458857,
      120274236.17524095,
      147177886.13382706,
      209807469.75163275,
      296589114.4052081,
      396241528.0616583,
      529949609.89257467,
      712139564.4497418,
      1008555777.2347827,
      1269030707.5212333,
      1782089754.6442304,
      2309865183.910664,
      3080837267.6578918,
      3998308500.3740396,
      5103792131.04849,
      6598749200.50718,
      8300966157.331463,
      10515406279.064491,
      13157631894.207829,
      15884513181.036308,
      18970793334.981777,
      22040238572.837845,
      24892337047.409424,
      26308702906.158028,
      24589415410.172523,
      20977171032.31447,
      18315073239.164726,
      13656156888.34733,
      5010308266.3198595,
      1186463378.0941348
   ],
   "Sum weights": [
      271.78848736253445,
      0.0,
      0.0,
      541.1060177655664,
      0.0,
      0.0,
      1340.4170284482782,
      0.0,
      0.0,
      796.0553291298911,
      1057.12913840018,
      1048.5074938714804,
      1820.8271673414322,
      2314.8686586850467,
      2044.0455507581341,
      2780.352139965977,
      4744.5773006423005,
      3946.1772671771723,
      5617.113011559819,
      7471.113217308721,
      10935.730823233725,
      11002.456608988357,
      13860.898444448441,
      19328.596598054995,
      21512.105614137185,
      27781.428499037836,
      35786.141995407044,
      43165.70484638305,
      52284.17998796785,
      63623.881320455825,
      81800.0353817775,
      93856.21770421824,
      120685.25788511951,
      143594.57161282084,
      175914.8468316379,
      210774.46601555165,
      250522.53968167657,
      301626.75252371194,
      348927.32365908346,
      407153.8346195621,
      476528.96748325275,
      544863.7914434249,
      622544.7606364271,
      696101.325081586,
      771408.2491334784,
      836702.8067274165,
      861491.6589298032,
      835721.7629203337,
      708911.6130492322,
      435012.26422569633,
      164507.60361076897,
      39646.67664962661
   ],
   "Sum w * dv^2": [
      427.3020854933494,
      0.0,
      0.0,
      1298.4684773587605,
      0.0,
      0.0,
      4720.055058521492,
      0.0,
      0.0,
      3545.4074781355766,
      4983.459364146952,
      5554.010746877188,
      9848.698524831569,
      13598.355504641337,
      12213.35820249689,
      17656.069634544754,
      32490.614148930905,
      29656.240359602274,
      44479.85661276391,
      65307.741983605825,
      105273.7337555868,
      118929.71204653906,
      164279.07273872878,
      256314.52773842926,
      314304.671979223,
      450967.63954733504,
      640589.9032290631,
      862409.2231021867,
      1156877.455905576,
      1557953.7530749054,
      2202674.1968185077,
      2761060.510646425,
      3858224.1862685457,
      4994985.112839468,
      6649158.186179399,
      8627013.610620022,
      11050478.600310838,
      14221225.249495056,
      17625886.479943063,
      21825329.929382324,
      26687070.29705753,
      31934030.297681686,
      37196281.61116041,
      41398783.41175875,
      44774412.14600443,
      47199366.86653027,
      45083505.656565286,
      40382663.58170459,
      34865277.77938275,
      24942455.120036364,
      9233425.28471572,
      2443826.756848474
   ],
   "N pairs": [
      94330,
      0,
      0,
      188127,
      0,
      0,
      468988,
      0,
      0,
      280535,
      373733,
      372530,
      651462,
      834378,
      741313,
      1015978,
      1748449,
      1465638,
      2102336,
      2820261,
      4166658,
      4228072,
      5368627,
      7545098,
      8461879,
      11002303,
      14275104,
      17346462,
      21185590,
      26031375,
      33864362,
      39342906,
      51190468,
      61560426,
      76291431,
      92644371,
      111831565,
      137183081,
      162331744,
      193636497,
      230268047,
      266914615,
      309414846,
      348653268,
      384349555,
      411406826,
      419125313,
      398629606,
      329691852,
      194834099,
      67520509,
      15330079
   ],
   "Unweighted B(r)": [
      1.1760244231718657,
      NaN,
      NaN,
      2.049086537474604,
      NaN,
      NaN,
      2.845740705845196,
      NaN,
      NaN,
      3.63211690507883,
      4.03604176031914,
      4.774573545395019,
      5.0258238849316745,
      5.92489935996289,
      6.269937314667599,
      7.0301060017754,
      7.934187573149613,
      8.95960176235612,
      9.572159985198123,
      10.652945847650216,
      11.767405184907938,
      13.177333673746226,
      14.380542227014201,
      15.940712257844888,
      17.39305018824153,
      19.069413899220258,
      20.7766692561545,
      22.842786503764188,
      25.01462597419164,
      27.35697074971037,
      29.782216987722453,
      32.255642415464514,
      34.8129217073036,
      37.52191682219132,
      40.38248106340923,
      43.157597781888335,
      45.63820716493138,
      48.10177138758955,
      51.135815785552474,
      54.304877654673184,
      57.140502408516234,
      59.51159018038899,
      61.311839364623694,
      63.215350595359524,
      64.76483899508983,
      63.94814388946971,
      58.66840929784769,
      52.623213922335886,
      55.552095473577936,
      70.0912055868995,
      74.20424313329539,
      77.39447253299444
   ],
   "Weighted B(r)": [
      1.5721861129584116,
      NaN,
      NaN,
      2.3996563237655963,
      NaN,
      NaN,
      3.5213332555060286,
      NaN,
      NaN,
      4.453719921718002,
      4.714144358643575,
      5.297063472927323,
      5.408914531526644,
      5.874352937313444,
      5.975091013978123,
      6.350299798629396,
      6.847947054110061,
      7.515181998100237,
      7.918633027540295,
      8.741366926725718,
      9.626584218031901,
      10.809377966497092,
      11.85197867202654,
      13.260896953285359,
      14.610595430168878,
      16.232701625222532,
      17.900501912479957,
      19.979037204913148,
      22.126720858428076,
      24.48693353409115,
      26.927545771076705,
      29.417981868262874,
      31.969308048719547,
      34.78533385166971,
      37.79759529076634,
      40.93006982156696,
      44.10971808904698,
      47.148421453024376,
      50.51449194378451,
      53.60462821079791,
      56.00303888765257,
      58.609198847814255,
      59.74876661580876,
      59.472352544231455,
      58.0424336870904,
      56.41114920020463,
      52.331911968330296,
      48.32070358033038,
      49.18141717190552,
      57.337360739548096,
      56.12765052831444,
      61.64014145360883
   ],