{
   "log10 r": [
      0.0,
      0.15,
      0.3,
      0.44999999999999996,
      0.6,
      0.75,
      0.8999999999999999,
      1.05,
      1.2,
      1.3499999999999999,
      1.5,
      1.65,
      1.7999999999999998,
      1.95,
      2.1,
      2.25,
      2.4
   ],
   "Sum dv^2": [
      172549.90919579472,
      606096.0296013628,
      2126032.0181168052,
      7098086.36537191,
      21860203.691816762,
      58606912.610037655,
      164325787.84959823,
      399954575.9629827,
      966843787.9151047,
      2270123013.48425,
      5303613939.057715,
      11800241780.126358,
      24459679409.797623,
      48458082201.96458,
      82077424770.8348,
      98815120549.07597,
      67521696404.79739
   ],
   "Sum weights": [
      75563.7905691216,
      150741.79133927933,
      375728.9771068511,
      822637.7532885795,
      1784646.9043420334,
      3391212.7347877226,
      7292690.68866846,
      13772320.752105728,
      27157419.0618988,
      52092537.28647073,
      100680289.37472354,
      187397149.79932532,
      336754551.7774567,
      571825027.5265716,
      879807704.7902755,
      1085393051.546728,
      649717216.064951
   ],
   "Sum w * dv^2": [
      129744.29716258618,
      455124.2095221317,
      1595871.6693166385,
      5317160.891449428,
      16308300.498080878,
      43536797.44388806,
      121671404.38210261,
      295523084.1756873,
      713228962.4516888,
      1671212545.2846687,
      3896754073.4279046,
      8653755481.592518,
      17930882677.82675,
      35499558529.98931,
      60049948013.155334,
      72290527722.8973,
      49473849022.466225
   ],
   "N pairs": [
      104054,
      207621,
      517601,
      1133559,
      2459459,
      4673808,
      10048208,
      18966453,
      37369031,
      71622563,
      138336753,
      257297286,
      461937045,
      783985757,
      1207776491,
      1498666533,
      902948609
   ],
   "Unweighted B(r)": [
      1.6582727160493083,
      2.919242415754489,
      4.1074727794513635,
      6.261770552191734,
      8.888216348317561,
      12.539435212151988,
      16.35374067192859,
      21.087473549375982,
      25.872862154630255,
      31.69564056907947,
      38.338430128237256,
      45.86228624318392,
      52.95024435591136,
      61.809901224984344,
      67.95746181719213,
      65.9353621190632,
      74.77911337565104
   ],
   "Weighted B(r)": [
      1.7170167905208942,
      3.0192304700543806,
      4.247401096409977,
      6.463550779420866,
      9.138110434284169,
      12.83812041553132,
      16.68402097063547,
      21.457754977896744,
      26.26276675357312,
      32.08161153860151,
      38.70423990265378,
      46.17869317041061,
      53.2461479234179,
      62.08115563521695,
      68.2534918553251,
      66.6030868908553,
      76.1467416888033
   ],
   "sep, pc": [
      0.059826008248916755,
      0.08450648279650552,
      0.11936857971408092,
      0.16861260049443338,
      0.23817162869486436,
      0.3364263675954461,
      0.47521487522962336,
      0.671258853025061,
      0.9481783320583057,
      1.3393374930301376,
      1.8918644938259863,
      2.672329626867928,
      3.7747659295586637,
      5.331998597664425,
      7.531648207076879,
      10.638735865386742,
      15.027613837183418
   ],
   "Unweighted mean velocity": 166.113623219373,
   "Unweighted sigma^2": 31.87910585532852,
   "Weighted mean velocity": 166.30553466671546,
   "Weighted sigma^2": 32.16184898926429
}