{
   "log10 r": [
      0.0,
      0.15,
      0.3,
      0.44999999999999996,
      0.6,
      0.75,
      0.8999999999999999,
      1.05,
      1.2,
      1.3499999999999999,
      1.5,
      1.65,
      1.7999999999999998,
      1.95,
      2.1,
      2.25,
      2.4
   ],
   "Sum dv^2": [
      2450435.2974757976,
      5576370.672978841,
      14593758.951485422,
      33442215.33021031,
      77437407.79487553,
      160215537.71055207,
      379686671.3808557,
      795916673.1921579,
      1730607726.0996869,
      3666448859.1988716,
      8020427444.072883,
      17416311516.511097,
      37144210559.32892,
      78201199494.88257,
      142088328094.70163,
      194419092932.11505,
      146551742432.30173
   ],
   "Sum weights": [
      362.69700375210215,
      720.9220604510648,
      1782.7806017469345,
      3845.5094037552662,
      8139.295887661758,
      14916.487685315351,
      30575.734880304146,
      54481.573891888045,
      100769.50449579577,
      178955.86957597977,
      314406.35929395724,
      541985.4227348785,
      935902.6615065163,
      1568070.9821221968,
      2402322.1800475647,
      2973965.2947603995,
      1951520.346870891
   ],
   "Sum w * dv^2": [
      2059.064067070947,
      5108.772240353277,
      14599.698986766947,
      37920.81499257986,
      98922.92945171088,
      225632.579677893,
      557076.3620159206,
      1193597.6553927236,
      2654467.7526453985,
      5799424.696057531,
      12609342.894829908,
      27685645.97317491,
      62511581.60236985,
      150710303.48984292,
      321670623.8943709,
      471008525.17328936,
      343904781.71715164
   ],
   "N pairs": [
      103244,
      206020,
      513533,
      1124540,
      2438933,
      4633402,
      9958253,
      18792883,
      37021825,
      70958016,
      137071891,
      254906434,
      457342709,
      775412807,
      1194564937,
      1486190271,
      900387759
   ],
   "Unweighted B(r)": [
      23.734408754753765,
      27.06713267148258,
      28.41834692509619,
      29.7385733990879,
      31.75052688814147,
      34.578380574478984,
      38.12783942935128,
      42.35202620013959,
      46.745608194617276,
      51.670678887060085,
      58.51256144173923,
      68.32433078762969,
      81.217454281815,
      100.85105480451855,
      118.94567109222095,
      130.8170943692815,
      162.76514309242373
   ],
   "Weighted B(r)": [
      5.677091472413392,
      7.086441823068686,
      8.189285306593982,
      9.861064168910609,
      12.153745338299684,
      15.126387956597764,
      18.219557573897276,
      21.908281463403952,
      26.341974845734665,
      32.407010229945286,
      40.105241265303675,
      51.08190149002923,
      66.79282384104494,
      96.11191407028942,
      133.89986845478072,
      158.37727696524334,
      176.2240308017161
   ],
   "Unweighted mean velocity": 163.5223681237438,
   "Unweighted sigma^2": 59.20581667307733,
   "Weighted mean velocity": 162.0136622998067,
   "Weighted sigma^2": 63.51708462238277,
   "sep, pc": [
      0.059826008248916755,
      0.08450648279650552,
      0.11936857971408092,
      0.16861260049443338,
      0.23817162869486436,
      0.3364263675954461,
      0.47521487522962336,
      0.671258853025061,
      0.9481783320583057,
      1.3393374930301376,
      1.8918644938259863,
      2.672329626867928,
      3.7747659295586637,
      5.331998597664425,
      7.531648207076879,
      10.638735865386742,
      15.027613837183418
   ]
}