{
   "log10 r": [
      0.0,
      0.15,
      0.3,
      0.44999999999999996,
      0.6,
      0.75,
      0.8999999999999999,
      1.05,
      1.2,
      1.3499999999999999,
      1.5,
      1.65,
      1.7999999999999998,
      1.95,
      2.1,
      2.25,
      2.4
   ],
   "Sum dv^2": [
      266543.8887632094,
      825160.3889504,
      2627823.346452853,
      8147536.542388744,
      23761339.874542736,
      61418443.29428631,
      169965079.4065254,
      409892789.72971326,
      985175452.0628028,
      2296059490.6128597,
      5345271911.733967,
      11857935166.80813,
      24549949605.261837,
      48615272070.880424,
      82370224141.33083,
      99138445027.31601,
      68004379194.9087
   ],
   "Sum weights": [
      293.9936315167155,
      585.6898235954868,
      1451.6190717200373,
      3146.1397028080028,
      6710.946063907958,
      12483.48672760988,
      26201.214325213823,
      48312.28767727833,
      93244.34267031083,
      175055.62120062293,
      328258.3317152119,
      591045.1420514106,
      1014450.384902503,
      1625264.6239244824,
      2385623.5462842965,
      3027069.6096467124,
      2003968.8619523335
   ],
   "Sum w * dv^2": [
      602.318781013014,
      1836.2091885196833,
      6470.403939335186,
      19760.076656222445,
      52910.410667452845,
      124350.73366879206,
      331345.9369000974,
      796942.1274867125,
      1943834.5287127488,
      4640330.502148181,
      11015531.455397971,
      24517710.170096517,
      50822417.85590941,
      95548770.38821489,
      148983736.48337826,
      174543522.21999586,
      121658202.61614333
   ],
   "N pairs": [
      104587,
      208648,
      520205,
      1139304,
      2471945,
      4697352,
      10099031,
      19062940,
      37561316,
      71992543,
      139048421,
      258605645,
      464334357,
      788409925,
      1215667842,
      1512081939,
      920155198
   ],
   "Unweighted B(r)": [
      2.548537473712884,
      3.954796542264484,
      5.051514972852727,
      7.151327953196639,
      9.612406374147781,
      13.075120470913467,
      16.829840348695374,
      21.502076265765577,
      26.22845940921779,
      31.89301828958674,
      38.441802310965954,
      45.85335005663983,
      52.8712752678386,
      61.66243032884248,
      67.75717946591108,
      65.56420156230436,
      73.90533612451397
   ],
   "Weighted B(r)": [
      2.0487477157435237,
      3.135122234576986,
      4.45737043924915,
      6.280737196312712,
      7.884195486536475,
      9.96121807810025,
      12.646205354735724,
      16.495640463358168,
      20.84667523032118,
      26.507749196069053,
      33.557507582030695,
      41.48195869608197,
      50.09847560045419,
      58.78966968314111,
      62.45064805611361,
      57.660888161857216,
      60.7086292237195
   ],
   "Unweighted mean velocity": 166.11362321937304,
   "Unweighted sigma^2": 31.73183931940729,
   "Weighted mean velocity": 165.5475716328708,
   "Weighted sigma^2": 28.097200563424835,
   "sep, pc": [
      0.059826008248916755,
      0.08450648279650552,
      0.11936857971408092,
      0.16861260049443338,
      0.23817162869486436,
      0.3364263675954461,
      0.47521487522962336,
      0.671258853025061,
      0.9481783320583057,
      1.3393374930301376,
      1.8918644938259863,
      2.672329626867928,
      3.7747659295586637,
      5.331998597664425,
      7.531648207076879,
      10.638735865386742,
      15.027613837183418
   ]
}