{
   "log10 r": [
      0.0,
      0.05,
      0.1,
      0.15000000000000002,
      0.2,
      0.25,
      0.30000000000000004,
      0.35000000000000003,
      0.4,
      0.45,
      0.5,
      0.55,
      0.6000000000000001,
      0.65,
      0.7000000000000001,
      0.75,
      0.8,
      0.8500000000000001,
      0.9,
      0.9500000000000001,
      1.0,
      1.05,
      1.1,
      1.1500000000000001,
      1.2000000000000002,
      1.25,
      1.3,
      1.35,
      1.4000000000000001,
      1.4500000000000002,
      1.5,
      1.55,
      1.6,
      1.6500000000000001,
      1.7000000000000002,
      1.75,
      1.8,
      1.85,
      1.9000000000000001,
      1.9500000000000002,
      2.0,
      2.0500000000000003,
      2.1,
      2.15,
      2.2,
      2.25,
      2.3000000000000003,
      2.35,
      2.4000000000000004,
      2.45,
      2.5,
      2.5500000000000003,
      2.6,
      2.6500000000000004,
      2.7
   ],
   "Sum dv^2": [
      5419.072160503607,
      0.0,
      0.0,
      24434.31557198478,
      0.0,
      0.0,
      134470.4950244767,
      0.0,
      0.0,
      128999.27821133734,
      210739.61422084304,
      267041.47774830187,
      571519.3779632292,
      931889.0528177707,
      971085.9923779718,
      1587142.0487930616,
      3321270.198931377,
      3313544.0440021,
      5447543.547482343,
      8577291.88744226,
      14807266.060483573,
      17481485.886374816,
      25164529.914443325,
      40574993.05720413,
      51573068.42443846,
      76033234.84578635,
      111944714.59583244,
      154991300.3418605,
      214549435.22478244,
      297966669.2881196,
      438511576.5400523,
      574557141.7918278,
      840905322.0513897,
      1132849012.9086854,
      1563154887.6111662,
      2104572429.604578,
      2808067625.0835238,
      3799382962.444461,
      4956568573.597562,
      6507042839.61784,
      8467556232.662966,
      10746056606.321693,
      13648013852.300936,
      16864094294.948809,
      20485671699.072968,
      24156265751.62811,
      27362068741.316193,
      30338581525.310673,
      32999282345.75905,
      33823340036.13451,
      29040330295.127148,
      18013298782.457058,
      9889363968.39928,
      3803623185.065401,
      745998299.6676215
   ],
   "Sum weights": [
      18226.20141075037,
      0.0,
      0.0,
      36417.700008623695,
      0.0,
      0.0,
      90912.54956791797,
      0.0,
      0.0,
      54456.78909610934,
      72572.94909716555,
      72463.31044245143,
      126677.86083069838,
      162530.53597002925,
      144341.19487733746,
      198041.75812104464,
      341224.8324995597,
      286560.9523810891,
      410994.1028196959,
      552079.4989139435,
      816091.9970172227,
      830016.0279147509,
      1054939.8506729498,
      1486374.7609515134,
      1669159.941256709,
      2176555.129302774,
      2829909.114844753,
      3452323.611560194,
      4230083.149647324,
      5219773.911112599,
      6819620.303276739,
      7960677.485251846,
      10412774.543020876,
      12601573.302611308,
      15735818.618878568,
      19264170.212668337,
      23465755.252851307,
      29069410.4227371,
      34767299.75076151,
      41902588.6964828,
      50230391.435369104,
      58741492.248932466,
      68650013.7720212,
      78293018.02429467,
      87898230.95964295,
      96844830.10553464,
      103275041.5318599,
      105905723.33355217,
      102191066.70943159,
      92063230.1310531,
      74132047.07696298,
      52155336.428273134,
      31066197.69437706,
      14422874.493813764,
      3194571.481436286
   ],
   "Sum w * dv^2": [
      590.1460618497736,
      0.0,
      0.0,
      2649.6441247140765,
      0.0,
      0.0,
      14785.731671905289,
      0.0,
      0.0,
      14273.113849948551,
      23562.661099146135,
      29857.5324489598,
      64261.21713920601,
      104808.9746439734,
      109942.43935983685,
      179154.51137025558,
      374600.070112246,
      372790.4199448061,
      611551.307313498,
      959636.2984664231,
      1652705.6259168591,
      1941444.5352413577,
      2787102.4433488757,
      4467086.63380381,
      5655159.611003063,
      8276792.725162761,
      12105728.397938052,
      16583822.6033544,
      22732993.370617777,
      31222359.271154024,
      45473204.103038155,
      59122983.619321994,
      86294727.67499383,
      116284436.25499223,
      160854512.04840192,
      218224147.860529,
      294387227.6224331,
      402278214.5665969,
      526683902.8262151,
      687575116.66419,
      885580284.2602482,
      1108679862.2150261,
      1376952004.9270382,
      1641844499.488237,
      1888710936.4889185,
      2048608693.4235303,
      2078898968.2192912,
      2069322669.9897082,
      2033242027.599971,
      1997277918.9879994,
      1693921722.701903,
      899729138.0787065,
      426585848.005421,
      156017550.41100767,
      27325361.10185366
   ],
   "N pairs": [
      180405,
      0,
      0,
      360106,
      0,
      0,
      898366,
      0,
      0,
      537750,
      716748,
      715028,
      1250534,
      1603238,
      1424872,
      1954200,
      3366545,
      2825744,
      4055338,
      5447162,
      8056700,
      8191030,
      10415180,
      14670406,
      16483658,
      21487636,
      27949620,
      34079226,
      41764968,
      51530390,
      67348968,
      78658144,
      102956516,
      124675824,
      155769462,
      190928604,
      232962294,
      289358856,
      347522496,
      421869614,
      512194356,
      609046538,
      728255707,
      853377707,
      989160597,
      1131589796,
      1264716738,
      1382249474,
      1447511404,
      1433058965,
      1286324535,
      1038292397,
      787331707,
      466458652,
      112604608
   ],
   "Unweighted B(r)": [
      0.03003837011448467,
      NaN,
      NaN,
      0.06785311983689463,
      NaN,
      NaN,
      0.1496834197025229,
      NaN,
      NaN,
      0.2398870817505111,
      0.29402190758933827,
      0.3734699588663687,
      0.45702026331409557,
      0.5812543445313614,
      0.6815250719910082,
      0.812169710773238,
      0.9865515532783244,
      1.1726271183808936,
      1.3433019756879312,
      1.5746349911095465,
      1.8378822669931327,
      2.1342231546429224,
      2.4161397032450065,
      2.7657716533001286,
      3.128739289812884,
      3.5384643916057748,
      4.005232078140327,
      4.547970084234322,
      5.137066912748082,
      5.782348421739475,
      6.511036316696824,
      7.304483840755609,
      8.16757748534721,
      9.08635673351303,
      10.035053517814463,
      11.02282416313366,
      12.053743019389755,
      13.130349680551891,
      14.262583374163961,
      15.424298464922956,
      16.531920224171635,
      17.64406483880497,
      18.740689185290428,
      19.76158289186339,
      20.710157441777845,
      21.347192981959434,
      21.634938416792103,
      21.9487018052652,
      22.79725206624973,
      23.602197022042642,
      22.57620802912474,
      17.348965315073052,
      12.560606769008581,
      8.15425583544627,
      6.624935807845639
   ],