{
   "log10 r": [
      0.0,
      0.05,
      0.1,
      0.15000000000000002,
      0.2,
      0.25,
      0.30000000000000004,
      0.35000000000000003,
      0.4,
      0.45,
      0.5,
      0.55,
      0.6000000000000001,
      0.65,
      0.7000000000000001,
      0.75,
      0.8,
      0.8500000000000001,
      0.9,
      0.9500000000000001,
      1.0,
      1.05,
      1.1,
      1.1500000000000001,
      1.2000000000000002,
      1.25,
      1.3,
      1.35,
      1.4000000000000001,
      1.4500000000000002,
      1.5,
      1.55,
      1.6,
      1.6500000000000001,
      1.7000000000000002,
      1.75,
      1.8,
      1.85,
      1.9000000000000001,
      1.9500000000000002,
      2.0,
      2.0500000000000003,
      2.1,
      2.15,
      2.2,
      2.25,
      2.3000000000000003,
      2.35,
      2.4000000000000004,
      2.45,
      2.5,
      2.5500000000000003,
      2.6,
      2.6500000000000004,
      2.7,
      2.75,
      2.8000000000000003,
      2.85,
      2.9000000000000004
   ],
   "Sum dv^2": [
      486617.7808465618,
      0.0,
      0.0,
      6340225.378814891,
      0.0,
      0.0,
      17507579.534724258,
      0.0,
      0.0,
      12131725.834452022,
      19361690.76175321,
      22405151.898323152,
      38379663.07886042,
      57803053.055528864,
      62642740.97753699,
      93878804.90766911,
      190969879.03977546,
      184226023.99084538,
      293354899.5145799,
      453906665.6339528,
      778869897.9712918,
      906108501.838892,
      1297832400.2007813,
      2082200989.3300622,
      2633911737.643723,
      3851638073.408401,
      5602042747.308234,
      7640350675.939629,
      10390936748.80744,
      14187912655.833263,
      20545667229.159492,
      26574548326.182644,
      38419901831.49445,
      51214257681.51588,
      70184175409.5728,
      94214046311.43687,
      125589309905.69754,
      170068030562.19797,
      221575090912.75662,
      289551018480.8824,
      376950686751.8461,
      478543755818.6683,
      605363001708.708,
      754018592422.7858,
      947150716542.4421,
      1188430110375.39,
      1479147290058.6091,
      1845191537978.23,
      2247817320787.045,
      2717859835204.173,
      3271567180160.76,
      3738625405903.225,
      3955484275417.8833,
      3750032515528.493,
      2877737245150.8037,
      1371747441811.0474,
      372339241997.608,
      53843935448.22934,
      1313352252.987019
   ],
   "Sum weights": [
      8096.52839789548,
      0.0,
      0.0,
      16119.624596639422,
      0.0,
      0.0,
      40203.03796620912,
      0.0,
      0.0,
      24059.77792133068,
      31987.2728846659,
      31877.942761292386,
      55730.42546535199,
      71316.69594067217,
      63192.13497948943,
      86554.5740405982,
      148596.71647530652,
      124252.03780530776,
      177799.91815471585,
      237751.16294957543,
      349799.63304224034,
      353450.9942709033,
      446849.1033256066,
      624711.8048122086,
      696663.7672501999,
      900763.741221011,
      1161245.4982943954,
      1402380.3134769225,
      1701392.1651567572,
      2077480.9281845072,
      2686137.0707038036,
      3103738.4981940715,
      4017293.6580640045,
      4806899.6365927635,
      5927950.795635436,
      7156799.315220531,
      8574152.162112422,
      10433408.977316165,
      12273303.46579639,
      14576880.112863237,
      17319142.65523136,
      20240329.353634547,
      23944407.519776907,
      27998423.849581458,
      32657992.67734167,
      37902358.0476029,
      43474573.99312899,
      49423608.17793519,
      54857265.86250969,
      59741012.68401582,
      63093753.08205615,
      65528176.89467564,
      66257629.068015195,
      63741656.67142831,
      52690788.685899064,
      29722153.762579784,
      10735790.313005054,
      2085387.5288245901,
      44204.21754403207
   ],
   "Sum w * dv^2": [
      4481.222832690502,
      0.0,
      0.0,
      112004.96146212818,
      0.0,
      0.0,
      269861.15102366963,
      0.0,
      0.0,
      166864.913421252,
      276291.2510228532,
      305780.2889746377,
      455799.9999311409,
      644924.5600268302,
      720863.3828094893,
      1007188.1310562553,
      1998223.2181039178,
      1874243.8301605298,
      2853848.6890872004,
      4294175.092420332,
      7241267.421324604,
      8226713.893909413,
      11614493.472844133,
      18471584.229068026,
      23211933.693893597,
      33891698.74161015,
      49317884.4488707,
      67550286.4232179,
      92640288.81124888,
      127688508.63617778,
      186912516.64890328,
      244559121.35193586,
      357579661.8377055,
      481592919.71907264,
      664513052.7560092,
      891923346.2196183,
      1179572329.81213,
      1578884452.4428298,
      2041580014.0510557,
      2652814544.1168056,
      3446981781.8837514,
      4450417376.9605055,
      5889785431.789909,
      7772547563.222792,
      10178642579.806093,
      13100904405.351488,
      16480565042.746666,
      20344865889.504536,
      24344368522.013016,
      28247259935.625137,
      31894938948.559063,
      34684425338.94103,
      35037336907.79782,
      32969783010.143166,
      23106410288.69297,
      9735541509.406609,
      2759425564.1116123,
      578096645.302182,
      11389974.679533875
   ],
   "N pairs": [
      362380,
      0,
      0,
      722996,
      0,
      0,
      1804726,
      0,
      0,
      1081122,
      1439953,
      1437010,
      2514431,
      3224918,
      2864883,
      3932160,
      6775619,
      5688323,
      8168512,
      10979449,
      16255525,
      16543101,
      21061856,
      29707803,
      33436207,
      43669590,
      56924453,
      69590853,
      85519166,
      105862481,
      138952468,
      163144200,
      214768789,
      261682741,
      329206381,
      406648321,
      500530310,
      627955139,
      763033486,
      938876194,
      1157874250,
      1402859962,
      1714872416,
      2064115047,
      2471744891,
      2943984578,
      3463050268,
      4045382945,
      4636518409,
      5221858967,
      5733969139,
      6091059789,
      6150290374,
      5733444005,
      4584471318,
      2489280877,
      838075909,
      163079643,
      5259501
   ],
   "Unweighted B(r)": [
      1.3428384040139132,
      NaN,
      NaN,
      8.769378224519764,
      NaN,
      NaN,
      9.700962658444693,
      NaN,
      NaN,
      11.22142166605806,
      13.44605744892591,
      15.591507295233264,
      15.263756722240705,
      17.923883043081673,
      21.865724002528896,
      23.874614692095214,
      28.184860901974485,
      32.386702370952804,
      35.91289325578268,
      41.341479488993734,
      47.91416444386089,
      54.77259081226017,
      61.62003957299781,
      70.0893630313242,
      78.77423828736684,
      88.19954740606453,
      98.41188543890328,
      109.7895822018395,
      121.5041871293207,
      134.02210605505516,
      147.8611177252317,
      162.88993618027882,
      178.88959569211173,
      195.7112551091624,
      213.19202621887453,
      231.6843361845256,
      250.91249699882817,
      270.82831240624336,
      290.38711272595003,
      308.40170443269585,
      325.5540804641317,
      341.12011803118827,
      353.0076033998718,
      365.2987237890068,
      383.191129469373,
      403.68082063213507,
      427.12267382501915,
      456.1228351097995,
      484.8071597049589,
      520.4774491957612,
      570.5589096929319,
      613.7889850720073,
      643.1378089300412,
      654.062813251194,
      627.7140907942754,
      551.0617361365153,
      444.2786602014209,
      330.1695690382971,
      249.71042937096487
   ],