{
   "log10 r": [
      0.0,
      0.15,
      0.3,
      0.44999999999999996,
      0.6,
      0.75,
      0.8999999999999999,
      1.05,
      1.2,
      1.3499999999999999,
      1.5,
      1.65,
      1.7999999999999998,
      1.95,
      2.1,
      2.25,
      2.4,
      2.55,
      2.6999999999999997
   ],
   "Sum dv^2": [
      486617.7808465618,
      6340225.378814891,
      17507579.534724258,
      53898568.49452848,
      158825457.1119262,
      469074707.9382898,
      1526131463.119826,
      4286141891.369735,
      12087592558.360353,
      32219200080.580246,
      85540117386.83664,
      215612479402.5259,
      517232431380.653,
      1145045461051.396,
      2306532310673.9233,
      4512768938412.137,
      8237244336152.026,
      11444142196849.354,
      4621823928959.453
   ],
   "Sum weights": [
      8096.52839789548,
      16119.624596639422,
      40203.03796620912,
      87924.99356728888,
      190239.25638551364,
      359403.3283212125,
      765350.7141465317,
      1425011.9024087202,
      2758673.006765605,
      5181253.406818179,
      9807169.226961883,
      17891649.747448757,
      31280864.605224967,
      52136352.12172895,
      84600824.04670045,
      130800540.21866772,
      177692031.6285813,
      195527462.63411832,
      93148732.76148483
   ],
   "Sum w * dv^2": [
      4481.222832690502,
      112004.96146212818,
      269861.15102366963,
      748936.4534187426,
      1821587.9427674608,
      4879655.179320703,
      14389291.202832125,
      38312791.59582162,
      106421516.88437451,
      287879083.8706448,
      789051299.838545,
      2038029318.694702,
      4800036796.306,
      10550213702.961044,
      23840975574.818874,
      49926335337.602554,
      84486567406.19711,
      102691545256.88245,
      35601377362.211296
   ],
   "N pairs": [
      362380,
      722996,
      1804726,
      3958085,
      8604232,
      16396102,
      35403486,
      67312760,
      134030250,
      260972500,
      516865457,
      997537443,
      1891518935,
      3499610406,
      6250732354,
      10452417791,
      15592346515,
      17974794168,
      7911828104
   ],
   "Unweighted B(r)": [
      1.3428384040139132,
      8.769378224519764,
      9.700962658444693,
      13.617334770357,
      18.458992866757452,
      28.608916188633728,
      43.10681335504154,
      63.67502820222696,
      90.18555556197465,
      123.45821908660969,
      165.4978413208926,
      216.1447481651332,
      273.44819119172763,
      327.1922666272344,
      369.0019313013643,
      431.7440259896455,
      528.2876652483134,
      636.6772320109804,
      584.1663732080816
   ],
   "Weighted B(r)": [
      0.5534746020103258,
      6.948360415631434,
      6.712456686743162,
      8.5179017140966,
      9.575247387826582,
      13.577100696628966,
      18.80091170866432,
      26.885944974256635,
      38.577068258317425,
      55.56166843563671,
      80.45658044415957,
      113.90952469239528,
      153.4496202993133,
      202.35811048552466,
      281.80547699699036,
      381.6982349930472,
      475.4662695443439,
      525.2026690953612,
      382.1992667723309
   ],
   "Unweighted mean velocity": 265.5564256804925,
   "Unweighted sigma^2": 252.11363212022405,
   "Weighted mean velocity": 262.790913021741,
   "Weighted sigma^2": 195.8367323746578
}