{
   "log10 r": [
      0.0,
      0.15,
      0.3,
      0.44999999999999996,
      0.6,
      0.75,
      0.8999999999999999,
      1.05,
      1.2,
      1.3499999999999999,
      1.5,
      1.65,
      1.7999999999999998,
      1.95,
      2.1,
      2.25,
      2.4,
      2.55,
      2.6999999999999997
   ],
   "Sum dv^2": [
      10315407.60146085,
      29131921.528710514,
      78192443.32688133,
      197983579.95678455,
      515546658.60021085,
      1285004796.1545026,
      3679344876.5462203,
      9226823891.281792,
      23446573971.5097,
      56245793502.53915,
      134168225466.29132,
      302397645094.26587,
      646378039683.0176,
      1354045812327.5938,
      2666055041411.5176,
      5074731899504.052,
      8906082530598.62,
      12539405044473.996,
      5462643038458.313
   ],
   "Sum weights": [
      4254.549353697332,
      8446.006054363317,
      21000.547878879268,
      45634.54613142898,
      97737.69172855023,
      181763.45902829303,
      379298.19697367516,
      689591.2594015138,
      1305698.838058122,
      2410168.4202976455,
      4501292.816522393,
      8128704.190884681,
      14301631.165747087,
      24180264.645078413,
      39541505.618455894,
      62061366.620228186,
      86698563.99943031,
      93080596.50144102,
      44684040.72132078
   ],
   "Sum w * dv^2": [
      13425.900172240288,
      88363.88822599183,
      234870.9442088152,
      656492.9139613807,
      1750940.5688169543,
      4769183.726325215,
      14310370.52330105,
      37354448.96825619,
      98619371.62556078,
      245793504.92242536,
      598318578.5630895,
      1350693290.438284,
      2872391459.381781,
      5845742894.512576,
      12041684762.3327,
      23328877513.248928,
      38980118694.42543,
      52651136068.08933,
      25790849112.57897
   ],
   "N pairs": [
      361162,
      720473,
      1798035,
      3942403,
      8567435,
      16320300,
      35228515,
      66966984,
      133322403,
      259565147,
      514028896,
      992012922,
      1881208390,
      3480065102,
      6213535566,
      10382768190,
      15493035753,
      17902566969,
      7881733229
   ],
   "Unweighted B(r)": [
      28.5617191217815,
      40.4344389431811,
      43.48772038746817,
      50.21901108455542,
      60.17514677382564,
      78.73659161623884,
      104.4422359712358,
      137.78168494614886,
      175.8637216545647,
      216.69239554160615,
      261.01300240189477,
      304.8323649702074,
      343.5972554231579,
      389.086345410441,
      429.0721462994387,
      488.7648271288287,
      574.8442508353527,
      700.4249762722391,
      693.0763678170556
   ],
   "Weighted B(r)": [
      3.155657404837195,
      10.462209908118867,
      11.184038890958186,
      14.385875824658358,
      17.914691229662893,
      26.23840760855487,
      37.72854877107219,
      54.16897105203388,
      75.52995281226622,
      101.98187929624889,
      132.9214967679748,
      166.1634202352838,
      200.84362588382646,
      241.7567789400685,
      304.53278331193025,
      375.90015791958325,
      449.6051248862849,
      565.6510384231822,
      577.1825621910015
   ],
   "Unweighted mean velocity": 268.40773509532994,
   "Unweighted sigma^2": 284.4553600589584,
   "Weighted mean velocity": 263.20640640396914,
   "Weighted sigma^2": 214.04102947184467
}