{
   "log10 r": [
      0.0,
      0.05,
      0.1,
      0.15000000000000002,
      0.2,
      0.25,
      0.30000000000000004,
      0.35000000000000003,
      0.4,
      0.45,
      0.5,
      0.55,
      0.6000000000000001,
      0.65,
      0.7000000000000001,
      0.75,
      0.8,
      0.8500000000000001,
      0.9,
      0.9500000000000001,
      1.0,
      1.05,
      1.1,
      1.1500000000000001,
      1.2000000000000002,
      1.25,
      1.3,
      1.35,
      1.4000000000000001,
      1.4500000000000002,
      1.5,
      1.55,
      1.6,
      1.6500000000000001,
      1.7000000000000002,
      1.75,
      1.8,
      1.85,
      1.9000000000000001,
      1.9500000000000002,
      2.0,
      2.0500000000000003,
      2.1,
      2.15,
      2.2,
      2.25,
      2.3000000000000003,
      2.35,
      2.4000000000000004,
      2.45,
      2.5,
      2.5500000000000003,
      2.6,
      2.6500000000000004,
      2.7,
      2.75,
      2.8000000000000003,
      2.85,
      2.9000000000000004,
      2.95,
      3.0,
      3.0500000000000003,
      3.1,
      3.1500000000000004,
      3.2,
      3.25,
      3.3000000000000003
   ],
   "Sum dv^2": [
      75551224.65119791,
      0.0,
      0.0,
      247780729.4051389,
      0.0,
      0.0,
      513394792.45829254,
      0.0,
      0.0,
      388655785.49847585,
      437503805.9693862,
      531641225.6115097,
      919300056.8182981,
      1203617032.7941773,
      1129437854.9807365,
      1552149834.2633996,
      2689261647.208685,
      2270200101.7308316,
      3263988912.0855165,
      4406394979.853793,
      6557719677.165742,
      6717719952.243017,
      8583020076.434842,
      12202867066.770006,
      13802718339.279846,
      18156025504.972107,
      23814393126.7886,
      29346706767.321003,
      36333858586.03542,
      45435105515.615555,
      60263271765.79449,
      71489749993.83165,
      95296068860.3412,
      117824339621.48572,
      150693076602.52826,
      189498573448.31644,
      236685499962.80508,
      306116969975.27185,
      382305835782.39374,
      484721285976.4643,
      617201149996.5895,
      777846814516.9602,
      991896232853.1265,
      1252435287244.0051,
      1583289337978.6404,
      2005647909794.108,
      2533295203576.7275,
      3213280798780.0884,
      4058235879051.3813,
      5126417419088.082,
      6466702230307.467,
      8134797047439.901,
      10209332038793.357,
      12762552720764.709,
      15896093163524.805,
      19056761256445.617,
      21577353206732.11,
      25165070799048.445,
      27334396643865.41,
      21386771210957.824,
      13530003165537.395,
      8013157341385.809,
      5051984092144.1,
      3364567831411.1416,
      1780355160668.4111,
      504668001461.7601,
      63628027012.186775
   ],
   "Sum weights": [
      21694.669759001255,
      0.0,
      0.0,
      43377.01644727125,
      0.0,
      0.0,
      108395.3096372065,
      0.0,
      0.0,
      65003.51384560559,
      86648.1620708449,
      86613.79063522584,
      151506.7189052845,
      194678.7032197893,
      172967.5661681382,
      237680.85245619406,
      410222.1228226172,
      345175.54667354526,
      495791.9394412297,
      667538.9210205636,
      989282.075585528,
      1009365.7639212693,
      1286679.8848373448,
      1819591.6596190229,
      2051052.6347096264,
      2686210.4688002914,
      3508907.429553083,
      4304859.151403495,
      5306441.121060555,
      6594867.052900667,
      8689452.387731306,
      10241431.02311745,
      13543082.800792927,
      16597649.651970444,
      21031029.760102775,
      26197084.287868537,
      32556056.07092326,
      41284150.69749372,
      50783742.6742517,
      63359170.492250174,
      79345486.37219709,
      97873525.84450093,
      122033917.74419513,
      150266539.00065303,
      184619538.04763207,
      226539552.09189892,
      275919419.5931599,
      335537322.6985856,
      403517094.84802246,
      481455830.3972282,
      568848508.5011746,
      664941108.276336,
      766047069.0717285,
      870941774.7058457,
      974913978.2522913,
      1061006922.6472791,
      1107135593.0010903,
      1095711404.7544184,
      1017979144.5346845,
      873674041.3759307,
      677594121.6426116,
      458106279.70696944,
      256619437.75915098,
      108221833.74238619,
      34522624.50833677,
      6198157.30078664,
      391934.70630817715
   ],
   "Sum w * dv^2": [
      NaN,
      0.0,
      0.0,
      NaN,
      0.0,
      0.0,
      NaN,
      0.0,
      0.0,
      NaN,
      NaN,
      NaN,
      NaN,
      NaN,
      NaN,
      NaN,
      NaN,
      NaN,
      NaN,
      NaN,
      NaN,
      NaN,
      NaN,
      NaN,
      NaN,
      NaN,
      NaN,
      NaN,
      NaN,
      NaN,
      NaN,
      NaN,
      NaN,
      NaN,
      NaN,
      NaN,
      NaN,
      NaN,
      NaN,
      NaN,
      NaN,
      NaN,
      NaN,
      NaN,
      NaN,
      NaN,
      NaN,
      NaN,
      NaN,
      NaN,
      NaN,
      NaN,
      NaN,
      NaN,
      NaN,
      NaN,
      NaN,
      NaN,
      NaN,
      NaN,
      NaN,
      NaN,
      NaN,
      NaN,
      NaN,
      NaN,
      NaN
   ],
   "N pairs": [
      2569129,
      0,
      0,
      5135344,
      0,
      0,
      12831568,
      0,
      0,
      7694743,
      10257452,
      10251132,
      17937438,
      23045483,
      20482133,
      28146224,
      48581689,
      40874577,
      58733738,
      79091778,
      117264692,
      119657659,
      152601301,
      215859945,
      243478088,
      319007228,
      417037194,
      511914869,
      631541718,
      785435585,
      1035791769,
      1221889753,
      1617418546,
      1984230192,
      2516434418,
      3137288286,
      3902429599,
      4954894676,
      6105020406,
      7632432568,
      9584199006,
      11861051357,
      14854575073,
      18395256120,
      22767609106,
      28187455975,
      34715634226,
      42833688647,
      52462489956,
      64086104183,
      77920118899,
      94332867967,
      113423326496,
      135448881713,
      160377938317,
      187622835475,
      216928696871,
      246572375252,
      274110242821,
      295827876317,
      306323236220,
      297299496716,
      257706635353,
      180001592064,
      93994199859,
      24961800362,
      2649237730
   ],
   "Unweighted B(r)": [
      29.407330130638794,
      NaN,
      NaN,
      48.25007427061146,
      NaN,
      NaN,
      40.01029277624469,
      NaN,
      NaN,
      50.509261387739116,
      42.6522888890327,
      51.86170908847039,
      51.25035452768105,
      52.22789354400501,
      55.142589640480146,
      55.14593482462868,
      55.35545804528708,
      55.54063842008277,
      55.572640584965264,
      55.71242790690321,
      55.92237156232621,
      56.14116144661511,
      56.24473723480799,
      56.531410062065966,
      56.689776286069105,
      56.91415087614286,
      57.10376309214425,
      57.32731855327493,
      57.53200073797092,
      57.8470168443101,
      58.18087531625721,
      58.50752886527533,
      58.918620103630985,
      59.38037839386214,
      59.8835699927739,
      60.402027538860494,
      60.6508058527067,
      61.780721890620434,
      62.62154921000173,
      63.508099371715836,
      64.39778114062561,
      65.57992129912672,
      66.77378706416306,
      68.08468874115383,
      69.54130890983159,
      71.1539172450666,
      72.97274729549478,
      75.01760647469106,
      77.35499939966634,
      79.99265183056575,
      82.99143175961527,
      86.23502309169331,
      90.0108677305757,
      94.22412765139718,
      99.11645785160854,
      101.56951955341734,
      99.46749101417143,
      102.0595708393101,
      99.72044956275265,
      72.29464470089499,
      44.16903964745334,
      26.953148020430397,
      19.60362442831175,
      18.69187818191553,
      18.941117253395515,
      20.21761227727906,
      24.017484837869485
   ],