{
   "log10 r": [
      0.0,
      0.05,
      0.1,
      0.15000000000000002,
      0.2,
      0.25,
      0.30000000000000004,
      0.35000000000000003,
      0.4,
      0.45,
      0.5,
      0.55,
      0.6000000000000001,
      0.65,
      0.7000000000000001,
      0.75,
      0.8,
      0.8500000000000001,
      0.9,
      0.9500000000000001,
      1.0,
      1.05,
      1.1,
      1.1500000000000001,
      1.2000000000000002,
      1.25,
      1.3,
      1.35,
      1.4000000000000001,
      1.4500000000000002,
      1.5,
      1.55,
      1.6,
      1.6500000000000001,
      1.7000000000000002,
      1.75,
      1.8,
      1.85,
      1.9000000000000001,
      1.9500000000000002,
      2.0,
      2.0500000000000003,
      2.1,
      2.15,
      2.2,
      2.25,
      2.3000000000000003,
      2.35,
      2.4000000000000004,
      2.45,
      2.5,
      2.5500000000000003,
      2.6,
      2.6500000000000004,
      2.7
   ],
   "Sum dv^2": [
      2718.6314696013847,
      0.0,
      0.0,
      13341.293467518435,
      0.0,
      0.0,
      76448.74580235028,
      0.0,
      0.0,
      75375.35996666506,
      128413.54550246145,
      164884.86669405305,
      363651.4819323005,
      608238.3207766672,
      654622.9169671198,
      1090693.2805270967,
      2350012.685038371,
      2405947.2581921797,
      4046089.6977713606,
      6541860.359240943,
      11607156.400519684,
      14059937.073274545,
      20683878.500713903,
      34089545.55153233,
      44141748.867026836,
      66144402.20874424,
      98742818.60073535,
      138406065.7281414,
      193683198.04958132,
      271812787.4819728,
      403868725.5986861,
      533608670.7640182,
      786274081.3479506,
      1066012015.3859112,
      1480170187.1604097,
      2003725413.659622,
      2686407359.102093,
      3650595200.810294,
      4774796457.811598,
      6258319493.038335,
      8108878971.582106,
      10227646541.073881,
      12878944488.591846,
      15726111803.919184,
      18810023944.26037,
      21825950601.58579,
      24380449015.215668,
      26500344978.48379,
      28235510788.76112,
      28823871683.38327,
      25140850408.627487,
      16598764973.395056,
      11513454953.294785,
      6876458662.4300785,
      2207356068.178538
   ],
   "Sum weights": [
      20388.159132285837,
      0.0,
      0.0,
      40757.43839300885,
      0.0,
      0.0,
      101788.89637607388,
      0.0,
      0.0,
      60997.533635747684,
      81297.39493234723,
      81210.63446337443,
      141971.30937581672,
      182231.6012763891,
      161841.7834613928,
      222113.19316528403,
      382808.7936687931,
      321584.29968987755,
      461253.9396421281,
      619719.9681212947,
      916204.1005808171,
      932029.7305810165,
      1184718.0062845205,
      1669464.9918819107,
      1874899.4431898284,
      2445032.6689140834,
      3179122.535408562,
      3878444.7009491655,
      4752364.453729172,
      5864664.097258778,
      7662949.507868624,
      8946107.936861232,
      11702814.059285302,
      14164068.092163635,
      17689068.729296584,
      21660360.12716627,
      26390074.739101782,
      32697680.069956403,
      39116896.98513006,
      47159033.792738445,
      56553395.461972155,
      66161113.98779328,
      77358540.07678431,
      88256176.0757974,
      99123592.39219806,
      109237325.97187132,
      116550115.32944165,
      119552817.89399944,
      115416418.01130624,
      104073031.19754463,
      83986595.98568979,
      59000846.485189036,
      35007676.6160556,
      16125066.924586274,
      3503535.639004213
   ],
   "Sum w * dv^2": [
      321.645144277552,
      0.0,
      0.0,
      1637.4469213045818,
      0.0,
      0.0,
      9333.995972470946,
      0.0,
      0.0,
      9145.016975478773,
      15748.321302285778,
      20202.04647053971,
      44378.980288120576,
      74145.62160676246,
      80080.95798914348,
      132865.7555567073,
      285955.8286096853,
      292194.5054911345,
      490365.6501253826,
      790390.5551089348,
      1398552.2895094347,
      1685338.4289181696,
      2470159.944911036,
      4044090.60226129,
      5209148.455457,
      7738942.242802338,
      11455169.952071419,
      15849802.49348173,
      21889912.65644923,
      30252758.237648416,
      44276462.41581994,
      57732195.60885268,
      84212840.54632725,
      113305536.79135743,
      156559927.9341215,
      212055763.42527947,
      285626155.3124403,
      389627245.7183009,
      509306919.2638508,
      664452062.112372,
      856049741.2637128,
      1073179114.9108633,
      1340168232.2785554,
      1614615053.785795,
      1879445142.117157,
      2058408244.9292927,
      2112143937.8746908,
      2105522243.7086065,
      2058304008.9474633,
      2003675329.5925117,
      1719230643.670188,
      978730610.3204421,
      526538041.66735685,
      260890931.259698,
      68334083.54327062
   ],
   "N pairs": [
      182470,
      0,
      0,
      364230,
      0,
      0,
      908680,
      0,
      0,
      543938,
      724988,
      723260,
      1264946,
      1621746,
      1441312,
      1976796,
      3405516,
      2858500,
      4102376,
      5510452,
      8150494,
      8286628,
      10537036,
      14842556,
      16677718,
      21741592,
      28281316,
      34485790,
      42265864,
      52152314,
      68167672,
      79622014,
      104229580,
      126233662,
      157739230,
      193376164,
      235995164,
      293193364,
      352223470,
      427712704,
      519484430,
      617998308,
      739367366,
      866987388,
      1005794474,
      1151881870,
      1289270356,
      1411911588,
      1482911120,
      1474952014,
      1335176508,
      1075304674,
      813285038,
      482995802,
      119124136
   ],
   "Unweighted B(r)": [
      0.014899059952876553,
      NaN,
      NaN,
      0.03662876058402228,
      NaN,
      NaN,
      0.08413164788743042,
      NaN,
      NaN,
      0.13857344029405017,
      0.17712506345272122,
      0.22797454123559033,
      0.2874837992549093,
      0.37505153135982283,
      0.4541854344979573,
      0.5517480208008801,
      0.6900606795088824,
      0.8416817415400314,
      0.98627958475073,
      1.1871730956445936,
      1.4241046494261187,
      1.696701851859954,
      1.9629693303424136,
      2.2967436034287037,
      2.6467499250812874,
      3.0422980161132744,
      3.4914506312483957,
      4.013423086092602,
      4.58249707256857,
      5.21190272558132,
      5.92463720337532,
      6.701773089588241,
      7.543675042612189,
      8.444752362376299,
      9.38365292616434,
      10.361801435153208,
      11.38331529158832,
      12.451152205512722,
      13.556156430494532,
      14.63206361305166,
      15.609474516073766,
      16.5496351829395,
      17.418870619442306,
      18.138801119352827,
      18.70165767510507,
      18.948080675656254,
      18.9102688212399,
      18.76912492518178,
      19.040595493518936,
      19.54224368643309,
      18.82960811397641,
      15.436336672516925,
      14.156727857195357,
      14.237098198278085,
      18.52988103249318
   ],