{
   "log10 r": [
      0.0,
      0.05,
      0.1,
      0.15000000000000002,
      0.2,
      0.25,
      0.30000000000000004,
      0.35000000000000003,
      0.4,
      0.45,
      0.5,
      0.55,
      0.6000000000000001,
      0.65,
      0.7000000000000001,
      0.75,
      0.8,
      0.8500000000000001,
      0.9,
      0.9500000000000001,
      1.0,
      1.05,
      1.1,
      1.1500000000000001,
      1.2000000000000002,
      1.25,
      1.3,
      1.35,
      1.4000000000000001,
      1.4500000000000002,
      1.5,
      1.55,
      1.6,
      1.6500000000000001,
      1.7000000000000002,
      1.75,
      1.8,
      1.85,
      1.9000000000000001,
      1.9500000000000002,
      2.0,
      2.0500000000000003,
      2.1,
      2.15,
      2.2,
      2.25,
      2.3000000000000003,
      2.35,
      2.4000000000000004,
      2.45,
      2.5,
      2.5500000000000003,
      2.6,
      2.6500000000000004,
      2.7
   ],
   "Sum dv^2": [
      1563.3036547358977,
      0.0,
      0.0,
      8043.848187662713,
      0.0,
      0.0,
      46187.82539675766,
      0.0,
      0.0,
      45615.25858392749,
      79179.14610547676,
      102309.77285037265,
      227230.17817502073,
      384963.2035733417,
      421274.813177794,
      710092.0050978776,
      1562120.961988287,
      1632084.8215418858,
      2802548.831932752,
      4651439.63708658,
      8511582.416223636,
      10620191.202160764,
      16077402.49364276,
      27290898.06262892,
      36339384.29448231,
      55765771.92971396,
      85078857.04675737,
      121413535.00792566,
      172483917.06422558,
      245220415.2887203,
      368600375.37637687,
      491816110.2493491,
      730936296.2836508,
      998882724.5602367,
      1396901665.1622071,
      1902365212.1607337,
      2562638169.915859,
      3496454186.5442595,
      4587875489.275589,
      6028719692.057389,
      7829922182.697461,
      9893234115.776154,
      12478936952.403645,
      15264875881.255325,
      18270999221.360603,
      21217913456.176525,
      23714673988.905594,
      25798118025.223934,
      27543887971.126106,
      28205994017.130337,
      24628388509.356895,
      16208746828.418644,
      11218254415.495667,
      6741462341.263941,
      2182264583.049854
   ],
   "Sum weights": [
      23953.24849144729,
      0.0,
      0.0,
      47890.37635761005,
      0.0,
      0.0,
      119643.40541564672,
      0.0,
      0.0,
      71725.10173121782,
      95607.96016736233,
      95538.09764873964,
      167066.45833375,
      214545.94458962962,
      190577.95494234454,
      261675.0917089958,
      451218.520503133,
      379260.0849363421,
      544160.1277767657,
      731483.4361347677,
      1081913.5689747469,
      1101176.678350931,
      1400192.0578456137,
      1973820.5990818995,
      2217185.372306239,
      2891946.762850319,
      3760458.5004447144,
      4587882.16958068,
      5621694.00588969,
      6937828.774569175,
      9066049.717363548,
      10585464.682426007,
      13848393.46243182,
      16760693.124486571,
      20930755.36712132,
      25630033.070980877,
      31225042.682669885,
      38680265.9069027,
      46262390.64851451,
      55757280.09570612,
      66852435.24275057,
      78186969.74550809,
      91389015.16792728,
      104219318.3606157,
      116982917.07249804,
      128795652.42051038,
      137273194.58032826,
      140645096.71267307,
      135590643.2784891,
      121995718.98409899,
      98073044.1779639,
      68679038.86991099,
      40535236.36725763,
      18448072.137076452,
      3867202.2896393077
   ],
   "Sum w * dv^2": [
      209.72409623812248,
      0.0,
      0.0,
      1100.6455598485552,
      0.0,
      0.0,
      6303.823099907668,
      0.0,
      0.0,
      6207.617214562264,
      10830.839350720136,
      13994.71256051672,
      31013.454081626944,
      52533.69839785043,
      57560.45724304228,
      96856.87995802604,
      212968.4077237055,
      222264.34528312268,
      381308.2951518788,
      631812.7999199762,
      1154559.2752633905,
      1435675.5737510321,
      2168368.58283414,
      3661722.786263028,
      4856863.168686335,
      7402048.409216077,
      11216651.701009674,
      15840929.738591667,
      22271933.03896081,
      31277815.33578027,
      46449126.700082004,
      61305669.89738786,
      90330842.00098382,
      122684587.38626981,
      171051435.62746364,
      233416977.3974724,
      316083563.04952574,
      433279757.52357036,
      568786544.7081301,
      745103823.078449,
      964161547.0483185,
      1212841928.5883088,
      1518721057.1097796,
      1833682101.6703954,
      2134921065.287181,
      2338220928.9944324,
      2397913552.8448415,
      2386393782.2708154,
      2331809364.827745,
      2268572113.5685782,
      1931987731.5772135,
      1090236968.9879804,
      581574430.8630071,
      287922413.96075636,
      74141186.46877916
   ],
   "N pairs": [
      182470,
      0,
      0,
      364230,
      0,
      0,
      908680,
      0,
      0,
      543938,
      724988,
      723260,
      1264946,
      1621746,
      1441312,
      1976796,
      3405516,
      2858500,
      4102376,
      5510452,
      8150494,
      8286628,
      10537036,
      14842556,
      16677718,
      21741592,
      28281316,
      34485790,
      42265864,
      52152314,
      68167672,
      79622014,
      104229580,
      126233662,
      157739230,
      193376164,
      235995164,
      293193364,
      352223470,
      427712704,
      519484430,
      617998308,
      739367366,
      866987388,
      1005794474,
      1151881870,
      1289270356,
      1411911588,
      1482911120,
      1474952014,
      1335176508,
      1075304674,
      813285038,
      482995802,
      119124136
   ],
   "Unweighted B(r)": [
      0.008567455772104443,
      NaN,
      NaN,
      0.022084529521628402,
      NaN,
      NaN,
      0.0508295829079078,
      NaN,
      NaN,
      0.08386113598227646,
      0.10921442300490043,
      0.14145642348584556,
      0.17963626761539286,
      0.2373757688154259,
      0.2922856488933652,
      0.3592135987213034,
      0.45870316333509725,
      0.5709584822605863,
      0.6831526003303334,
      0.8441121775648495,
      1.044302641805961,
      1.28160588386021,
      1.5257993323400205,
      1.8386926121504221,
      2.178918260548734,
      2.564935076038312,
      3.0083061568548426,
      3.5206830119862604,
      4.080927271810309,
      4.702004503361448,
      5.40726072288895,
      6.176886083908266,
      7.012752965939715,
      7.912966388951282,
      8.855765716380175,
      9.837640652343966,
      10.858858827784536,
      11.92542061267205,
      13.025467863557159,
      14.095255145980863,
      15.072486739780556,
      16.00851327213691,
      16.877857376793724,
      17.606802696944566,
      18.165738322957424,
      18.42021652461335,
      18.393872067671737,
      18.271765912600426,
      18.574200165904823,
      19.123329945248198,
      18.445792269254706,
      15.073631892739865,
      13.79375482313455,
      13.95760028006194,
      18.319247940231474
   ],