{
   "log10 r": [
      0.0,
      0.05,
      0.1,
      0.15000000000000002,
      0.2,
      0.25,
      0.30000000000000004,
      0.35000000000000003,
      0.4,
      0.45,
      0.5,
      0.55,
      0.6000000000000001,
      0.65,
      0.7000000000000001,
      0.75,
      0.8,
      0.8500000000000001,
      0.9,
      0.9500000000000001,
      1.0,
      1.05,
      1.1,
      1.1500000000000001,
      1.2000000000000002,
      1.25,
      1.3,
      1.35,
      1.4000000000000001,
      1.4500000000000002,
      1.5,
      1.55,
      1.6,
      1.6500000000000001,
      1.7000000000000002,
      1.75,
      1.8,
      1.85,
      1.9000000000000001,
      1.9500000000000002,
      2.0,
      2.0500000000000003,
      2.1,
      2.15,
      2.2,
      2.25,
      2.3000000000000003,
      2.35,
      2.4000000000000004,
      2.45,
      2.5,
      2.5500000000000003,
      2.6,
      2.6500000000000004,
      2.7
   ],
   "Sum dv^2": [
      3753.7769153531126,
      0.0,
      0.0,
      17849.393549250242,
      0.0,
      0.0,
      101307.69227477205,
      0.0,
      0.0,
      99007.39799381004,
      166021.09799240474,
      211834.91374165574,
      461073.5187569938,
      761383.6761098566,
      806420.7358326039,
      1328178.3243953309,
      2814376.666907107,
      2839806.354734381,
      4705357.578539312,
      7489103.847799839,
      13068008.790537842,
      15602333.631554909,
      22664913.186871726,
      36908821.39038146,
      47294331.50269137,
      70271490.3754952,
      104126129.35272582,
      145059529.48085266,
      201931700.0749687,
      282053647.6990393,
      417304997.556911,
      549382843.6997454,
      807022069.3080318,
      1091040532.770643,
      1511137116.5407188,
      2041439437.9472203,
      2732491175.266809,
      3707857320.2338095,
      4843955493.348863,
      6342802168.050458,
      8211750195.40176,
      10351338724.375574,
      13027601841.783945,
      15898662614.116173,
      19011352176.38158,
      22052682956.035812,
      24628859244.55884,
      26763433205.885773,
      28493336542.657764,
      29053095434.29011,
      25329934192.59843,
      16746244802.012278,
      11622661949.104614,
      6927051542.294288,
      2216968542.80741
   ],
   "Sum weights": [
      19039.917045200255,
      0.0,
      0.0,
      38056.255738316846,
      0.0,
      0.0,
      95012.24880723067,
      0.0,
      0.0,
      56918.471764448055,
      75858.19216513511,
      75753.49717777532,
      132425.64465885266,
      169925.81139205623,
      150912.46126864036,
      207067.95757124253,
      356804.4339573802,
      299668.3856352572,
      429798.5531989119,
      577369.2839486473,
      853515.4728721703,
      868129.2449640218,
      1103425.1547911023,
      1554762.4897031486,
      1746022.629687113,
      2276892.535693427,
      2960514.4566769637,
      3611813.783943005,
      4425752.61970184,
      5461628.340123998,
      7136195.015240197,
      8330900.211791971,
      10897868.367811188,
      13189993.602051148,
      16473167.86176272,
      20171650.92035358,
      24577100.0074898,
      30454286.686193664,
      36437125.73568212,
      43935060.92863215,
      52694088.109454185,
      61656755.8237861,
      72107353.78985628,
      82284875.3416001,
      92447460.92818019,
      101929728.6858033,
      108810945.92784147,
      111685194.54662558,
      107905520.33556093,
      97411745.6918061,
      78774908.15461627,
      55434480.88107889,
      32986429.131957915,
      15286811.45606726,
      3386445.694204454
   ],
   "Sum w * dv^2": [
      420.4926720466931,
      0.0,
      0.0,
      2077.218804784847,
      0.0,
      0.0,
      11730.512527533336,
      0.0,
      0.0,
      11390.454596030038,
      19331.803592917753,
      24627.06983586343,
      53425.58441441608,
      88081.86146859404,
      93747.76656823167,
      153653.78999722743,
      325159.2284734786,
      327249.6447189639,
      541158.2272270756,
      858181.9979756525,
      1493046.6741450913,
      1772356.2734160398,
      2564258.293086924,
      4146047.957542199,
      5281932.11291144,
      7775976.436887627,
      11417085.441776438,
      15688224.810426716,
      21535525.512273017,
      29597249.998464886,
      43092067.35427929,
      55941595.41070897,
      81311753.98474732,
      109040741.55642015,
      150184482.83808494,
      202871111.00019416,
      272705282.54546314,
      371316164.3087437,
      484635489.01763785,
      631352096.7486911,
      812163382.7781852,
      1016880263.9615324,
      1268599531.4166856,
      1527363729.2373438,
      1777815312.209519,
      1947548180.5654676,
      1999193795.638141,
      1994544217.0569816,
      1950427752.0832946,
      1899310998.9938066,
      1635382415.8488526,
      935423875.7236109,
      505139936.4322398,
      250636168.24065536,
      66412827.12189948
   ],
   "N pairs": [
      182470,
      0,
      0,
      364230,
      0,
      0,
      908680,
      0,
      0,
      543938,
      724988,
      723260,
      1264946,
      1621746,
      1441312,
      1976796,
      3405516,
      2858500,
      4102376,
      5510452,
      8150494,
      8286628,
      10537036,
      14842556,
      16677718,
      21741592,
      28281316,
      34485790,
      42265864,
      52152314,
      68167672,
      79622014,
      104229580,
      126233662,
      157739230,
      193376164,
      235995164,
      293193364,
      352223470,
      427712704,
      519484430,
      617998308,
      739367366,
      866987388,
      1005794474,
      1151881870,
      1289270356,
      1411911588,
      1482911120,
      1474952014,
      1335176508,
      1075304674,
      813285038,
      482995802,
      119124136
   ],
   "Unweighted B(r)": [
      0.020572022334373392,
      NaN,
      NaN,
      0.049005830242567175,
      NaN,
      NaN,
      0.1114888544644672,
      NaN,
      NaN,
      0.18201963825621678,
      0.22899840823903947,
      0.29288902157129626,
      0.3645005547722937,
      0.4694839241840933,
      0.5595046289995531,
      0.6718843645957048,
      0.8264171029902978,
      0.9934603305000459,
      1.1469834989623846,
      1.3590725130714938,
      1.6033394774031908,
      1.882832634885373,
      2.1509761556164113,
      2.4866890440151592,
      2.835779541463129,
      3.2321225775690756,
      3.6817992964940465,
      4.206356574138295,
      4.777654612123124,
      5.408267171022158,
      6.1217434205015975,
      6.899886301541499,
      7.742735500882109,
      8.643023702906147,
      9.579970160502995,
      10.55683076817689,
      11.578589700536444,
      12.646457169589315,
      13.752506308988616,
      14.829585627763953,
      15.807500131239275,
      16.749784894840804,
      17.6199308231085,
      18.337824556816013,
      18.90182603685848,
      19.144917139841617,
      19.10294387049324,
      18.95545969970874,
      19.214460097013614,
      19.697654675218548,
      18.971225183208833,
      15.573488339558986,
      14.291006727096109,
      14.341846271977095,
      18.610573954613276
   ],