{
   "log10 r": [
      0.0,
      0.05,
      0.1,
      0.15000000000000002,
      0.2,
      0.25,
      0.30000000000000004,
      0.35000000000000003,
      0.4,
      0.45,
      0.5,
      0.55,
      0.6000000000000001,
      0.65,
      0.7000000000000001,
      0.75,
      0.8,
      0.8500000000000001,
      0.9,
      0.9500000000000001,
      1.0,
      1.05,
      1.1,
      1.1500000000000001,
      1.2000000000000002,
      1.25,
      1.3,
      1.35,
      1.4000000000000001,
      1.4500000000000002,
      1.5,
      1.55,
      1.6,
      1.6500000000000001,
      1.7000000000000002,
      1.75,
      1.8,
      1.85,
      1.9000000000000001,
      1.9500000000000002,
      2.0,
      2.0500000000000003,
      2.1,
      2.15,
      2.2,
      2.25,
      2.3000000000000003,
      2.35,
      2.4000000000000004,
      2.45,
      2.5,
      2.5500000000000003,
      2.6,
      2.6500000000000004,
      2.7
   ],
   "Sum dv^2": [
      727.0602306928561,
      0.0,
      0.0,
      4091.413393179474,
      0.0,
      0.0,
      23299.2563213411,
      0.0,
      0.0,
      22755.620256151917,
      40656.17718261121,
      52664.66905603401,
      116564.29404746807,
      198777.1093141681,
      220853.143702611,
      372823.838283623,
      831466.1758832757,
      881420.876689409,
      1532398.6423144497,
      2592559.9048344023,
      4861925.724973668,
      6229667.111071542,
      9702943.89250073,
      17034685.81960408,
      23524970.524211198,
      37425716.22466663,
      59331809.45276426,
      87794073.47327086,
      128990961.66641478,
      188952537.45060322,
      291919133.9679702,
      398936454.2661262,
      605713796.9738294,
      844253832.5711004,
      1202099027.7510648,
      1663112574.6774876,
      2269547063.192061,
      3128972053.9027076,
      4138812981.789774,
      5475051769.645849,
      7159008806.559715,
      9095866342.98054,
      11535181898.739002,
      14184560444.462019,
      17011057370.14396,
      19783514117.831844,
      22140784984.266785,
      24147932538.610737,
      25885819929.55165,
      26678076398.333584,
      23343728262.25852,
      15298563826.759409,
      10515409852.397705,
      6411931193.794003,
      2118243879.7101586
   ],
   "Sum weights": [
      28135.21958926891,
      0.0,
      0.0,
      56256.08479420569,
      0.0,
      0.0,
      140575.28126830945,
      0.0,
      0.0,
      84297.29491080792,
      112380.31141643118,
      112324.6894885226,
      196478.84702276377,
      252420.0865606083,
      224285.7586128514,
      308107.14237293525,
      531600.3128039575,
      447113.08178540866,
      641909.8575792132,
      863602.1620417415,
      1278508.8941585063,
      1302633.1313455086,
      1657873.2630954455,
      2339505.0465365215,
      2630310.4021829353,
      3433810.3098789966,
      4468172.422415738,
      5454982.309115475,
      6687413.332772318,
      8256876.835095012,
      10794289.25102299,
      12608085.781479573,
      16499022.66193194,
      19971533.186780866,
      24941700.149624046,
      30541953.351598475,
      37204640.30411333,
      46069084.79085019,
      55068479.292733304,
      66338350.944696166,
      79521932.79725108,
      92970351.75017284,
      108625032.97725783,
      123791759.59628904,
      138800532.83746123,
      152536374.48921144,
      162213478.50240746,
      165842280.0035415,
      159507485.35713622,
      142885110.7863301,
      114097034.80867018,
      79426767.91814166,
      46441360.978749186,
      20617248.89142653,
      4055361.5287503484
   ],
   "Sum w * dv^2": [
      111.52953056652814,
      0.0,
      0.0,
      598.1052494643925,
      0.0,
      0.0,
      3429.876415235207,
      0.0,
      0.0,
      3381.218597957274,
      5950.5159457833115,
      7717.338865367211,
      17164.63674812459,
      29290.77714131346,
      32365.664598808413,
      54875.50348356694,
      122249.51894088423,
      129352.6817113411,
      225198.50041796995,
      380827.29782509344,
      714290.1392505014,
      913922.8207498243,
      1423111.939741455,
      2492127.049880902,
      3437178.443600642,
      5453038.928237997,
      8621258.411818732,
      12702648.999686869,
      18583116.76273694,
      27077695.636585545,
      41609886.82592189,
      56577070.285475604,
      85574637.8105616,
      119027094.8893865,
      169519540.31943232,
      235390129.55220482,
      322985773.4147556,
      447666766.92091846,
      593702696.3565719,
      785711179.48851,
      1027202422.7479241,
      1302754947.7390776,
      1641447030.8242657,
      1991241008.7264726,
      2319400622.4859014,
      2543047803.113012,
      2607925719.398158,
      2587792908.233734,
      2528112675.2839446,
      2455059020.024117,
      2057611306.6127713,
      1151264196.5279038,
      605806916.9719007,
      298677020.7274742,
      74634951.30401823
   ],
   "N pairs": [
      182470,
      0,
      0,
      364230,
      0,
      0,
      908680,
      0,
      0,
      543938,
      724988,
      723260,
      1264946,
      1621746,
      1441312,
      1976796,
      3405516,
      2858500,
      4102376,
      5510452,
      8150494,
      8286628,
      10537036,
      14842556,
      16677718,
      21741592,
      28281316,
      34485790,
      42265864,
      52152314,
      68167672,
      79622014,
      104229580,
      126233662,
      157739230,
      193376164,
      235995164,
      293193364,
      352223470,
      427712704,
      519484430,
      617998308,
      739367366,
      866987388,
      1005794474,
      1151881870,
      1289270356,
      1411911588,
      1482911120,
      1474952014,
      1335176508,
      1075304674,
      813285038,
      482995802,
      119124136
   ],
   "Unweighted B(r)": [
      0.003984546669002335,
      NaN,
      NaN,
      0.01123304887894867,
      NaN,
      NaN,
      0.025640771582230378,
      NaN,
      NaN,
      0.04183495224851346,
      0.05607841396355693,
      0.07281568046903465,
      0.0921496206537418,
      0.12256981630549303,
      0.15323062855413055,
      0.18860005700316218,
      0.24415277328994364,
      0.3083508401922019,
      0.37353929584086143,
      0.47048044422388624,
      0.5965191465662901,
      0.7517734730063352,
      0.920841866014383,
      1.1476922047391351,
      1.4105629153947319,
      1.721388030125238,
      2.0979154383326524,
      2.5458043290662866,
      3.051894589601073,
      3.62309019405358,
      4.282369126056853,
      5.01037884153654,
      5.811342585989787,
      6.6880245664670674,
      7.620799389923894,
      8.600401105678607,
      9.616921909433962,
      10.67204254289571,
      11.750531507141684,
      12.800769578370646,
      13.780988212793433,
      14.718270625071904,
      15.601421470824022,
      16.360746004833487,
      16.913055112036698,
      17.174950516264175,
      17.17311259134138,
      17.103006125770772,
      17.456083227396427,
      18.087419892382737,
      17.483627162693097,
      14.227189927344638,
      12.929550355748344,
      13.275335245654997,
      17.781819460249086
   ],