{
   "log10 r": [
      0.0,
      0.05,
      0.1,
      0.15000000000000002,
      0.2,
      0.25,
      0.30000000000000004,
      0.35000000000000003,
      0.4,
      0.45,
      0.5,
      0.55,
      0.6000000000000001,
      0.65,
      0.7000000000000001,
      0.75,
      0.8,
      0.8500000000000001,
      0.9,
      0.9500000000000001,
      1.0,
      1.05,
      1.1,
      1.1500000000000001,
      1.2000000000000002,
      1.25,
      1.3,
      1.35,
      1.4000000000000001,
      1.4500000000000002,
      1.5,
      1.55,
      1.6,
      1.6500000000000001,
      1.7000000000000002,
      1.75,
      1.8,
      1.85,
      1.9000000000000001,
      1.9500000000000002,
      2.0,
      2.0500000000000003,
      2.1,
      2.15,
      2.2,
      2.25,
      2.3000000000000003,
      2.35,
      2.4000000000000004,
      2.45,
      2.5,
      2.5500000000000003,
      2.6,
      2.6500000000000004,
      2.7
   ],
   "Sum dv^2": [
      4722.968041101919,
      0.0,
      0.0,
      22610.23165470301,
      0.0,
      0.0,
      121850.78593059091,
      0.0,
      0.0,
      116523.12348848533,
      192208.43291527868,
      243560.47726043043,
      521981.48634363123,
      852975.9988792705,
      892459.8343493894,
      1457931.6999490308,
      3058148.469642588,
      3060411.7126190485,
      5031140.936469217,
      7944826.473371499,
      13754227.010777274,
      16313886.553937687,
      23569003.77119032,
      38185821.116874866,
      48716516.587832786,
      72129002.82899216,
      106543731.9688089,
      148035684.6149295,
      205607283.31442058,
      286594968.8192202,
      423237536.1510352,
      556318417.6476139,
      816118108.8020753,
      1101992219.0385466,
      1524685720.9693308,
      2057946623.7700393,
      2752663617.0808167,
      3732899342.882721,
      4874113402.247869,
      6379516832.40849,
      8256494608.513721,
      10405180942.381443,
      13092426471.149864,
      15974242648.379013,
      19099492207.461338,
      22152040066.706135,
      24737801057.55171,
      26879336165.408188,
      28607479165.73254,
      29155591829.574574,
      25415073676.828915,
      16813651715.85513,
      11672449433.858463,
      6951006806.455683,
      2221656901.2214093
   ],
   "Sum weights": [
      18135.787947616554,
      0.0,
      0.0,
      36235.55536351589,
      0.0,
      0.0,
      90457.45027632054,
      0.0,
      0.0,
      54184.48871040942,
      72208.11946393551,
      72098.22994979341,
      126042.13521957547,
      161713.66618162786,
      143612.02402522834,
      197044.42602699026,
      339502.86185386847,
      285112.03735414933,
      408919.7294726801,
      549297.844860156,
      812001.7200674448,
      825870.4367954043,
      1049699.6713895292,
      1479017.6559321957,
      1660953.1699294553,
      2165952.389073747,
      2816294.255988399,
      3435933.703030916,
      4210333.446426826,
      5195880.897522045,
      6788994.438231028,
      7925570.208513916,
      10367668.26199356,
      12548403.703025116,
      15672278.206603143,
      19191358.766709056,
      23383569.501841128,
      28977391.002359234,
      34673196.60450141,
      41813592.79671272,
      50156563.64920589,
      58696987.796805315,
      68660263.09103931,
      78368468.92452896,
      88073844.71249671,
      97147962.03467059,
      103753751.63959838,
      106555131.28247298,
      103022762.89168838,
      93097303.1084664,
      75425506.17605357,
      53160072.79324724,
      31714554.6558576,
      14774705.757488508,
      3329922.469000251
   ],
   "Sum w * dv^2": [
      504.4191769434507,
      0.0,
      0.0,
      2470.9988552459463,
      0.0,
      0.0,
      13406.603155689356,
      0.0,
      0.0,
      12784.059332077586,
      21366.85660389384,
      27042.478650292098,
      57811.40549918444,
      94337.70133180376,
      99275.33407565414,
      161417.1887058675,
      338200.07827638235,
      337537.596662007,
      553912.2752740902,
      871479.2757269978,
      1504650.641861492,
      1774465.6467683725,
      2553425.756656854,
      4107171.1468405826,
      5208720.1125364825,
      7639456.613465786,
      11178575.216527611,
      15315641.669054922,
      20970827.98545094,
      28754085.105331372,
      41773278.58168783,
      54127421.44469631,
      78553635.75543936,
      105191961.3818245,
      144687550.99623734,
      195222556.105285,
      262192247.84109324,
      356721970.996494,
      465317237.112407,
      605869972.5100647,
      778940915.4166194,
      974751081.520319,
      1215595815.7966228,
      1463425121.3066962,
      1703658037.711394,
      1867036162.6916802,
      1917297766.938472,
      1913958113.6664941,
      1872097036.585656,
      1823777067.0797713,
      1574613419.9678135,
      903768694.5308158,
      489148728.0285818,
      243369149.98478043,
      65352150.75078274
   ],
   "N pairs": [
      182470,
      0,
      0,
      364230,
      0,
      0,
      908680,
      0,
      0,
      543938,
      724988,
      723260,
      1264946,
      1621746,
      1441312,
      1976796,
      3405516,
      2858500,
      4102376,
      5510452,
      8150494,
      8286628,
      10537036,
      14842556,
      16677718,
      21741592,
      28281316,
      34485790,
      42265864,
      52152314,
      68167672,
      79622014,
      104229580,
      126233662,
      157739230,
      193376164,
      235995164,
      293193364,
      352223470,
      427712704,
      519484430,
      617998308,
      739367366,
      866987388,
      1005794474,
      1151881870,
      1289270356,
      1411911588,
      1482911120,
      1474952014,
      1335176508,
      1075304674,
      813285038,
      482995802,
      119124136
   ],
   "Unweighted B(r)": [
      0.02588353176468416,
      NaN,
      NaN,
      0.06207679667985341,
      NaN,
      NaN,
      0.13409647613086115,
      NaN,
      NaN,
      0.2142213331087097,
      0.2651194680674421,
      0.336753694743841,
      0.41265120119248666,
      0.5259615247266036,
      0.6191996142052445,
      0.7375225870292285,
      0.8979985616401708,
      1.0706355475315894,
      1.2263968335591904,
      1.4417740093501403,
      1.6875329287742895,
      1.9687002426002091,
      2.2367773794443067,
      2.572725419858606,
      2.9210541027155386,
      3.3175584763522448,
      3.767283388397092,
      4.292657486313334,
      4.864618012172201,
      5.495345207869783,
      6.2087720430152755,
      6.986992537611695,
      7.83000477217768,
      8.729780959998978,
      9.66586258199264,
      10.64219385265104,
      11.66406790047959,
      12.731868456895638,
      13.838127829039525,
      14.915425173829979,
      15.893632478097027,
      16.836908463479876,
      17.707606628596945,
      18.425000028234567,
      18.98945828515393,
      19.231173476761235,
      19.187442682155105,
      19.03754908866729,
      19.29143208915484,
      19.76714601752093,
      19.034991646833944,
      15.63617467904276,
      14.352224482775329,
      14.391443523262097,
      18.649930868933307
   ],