{
   "log10 r": [
      0.0,
      0.05,
      0.1,
      0.15000000000000002,
      0.2,
      0.25,
      0.30000000000000004,
      0.35000000000000003,
      0.4,
      0.45,
      0.5,
      0.55,
      0.6000000000000001,
      0.65,
      0.7000000000000001,
      0.75,
      0.8,
      0.8500000000000001,
      0.9,
      0.9500000000000001,
      1.0,
      1.05,
      1.1,
      1.1500000000000001,
      1.2000000000000002,
      1.25,
      1.3,
      1.35,
      1.4000000000000001,
      1.4500000000000002,
      1.5,
      1.55,
      1.6,
      1.6500000000000001,
      1.7000000000000002,
      1.75,
      1.8,
      1.85,
      1.9000000000000001,
      1.9500000000000002,
      2.0,
      2.0500000000000003,
      2.1,
      2.15,
      2.2,
      2.25,
      2.3000000000000003,
      2.35,
      2.4000000000000004,
      2.45,
      2.5,
      2.5500000000000003,
      2.6,
      2.6500000000000004,
      2.7
   ],
   "Sum dv^2": [
      287.04894121508437,
      0.0,
      0.0,
      1809.2786133263808,
      0.0,
      0.0,
      10181.281122815559,
      0.0,
      0.0,
      9785.67415732488,
      18046.07247665539,
      23386.259408469883,
      51349.71249924273,
      87793.57385212806,
      98727.87064770795,
      165905.31433016298,
      372413.22361509124,
      397810.5102969017,
      693330.1176832623,
      1181523.9777026759,
      2234613.3684327784,
      2895203.8222505907,
      4559675.211538291,
      8132858.702499055,
      11429749.59200629,
      18554198.487238966,
      30146980.644377753,
      45862303.415298775,
      69495977.97734286,
      105206069.86622743,
      168526221.7091536,
      239054128.80500418,
      377126175.6639923,
      546418992.6024573,
      808045316.2407203,
      1159112571.8002949,
      1634465207.9852095,
      2318472022.9269137,
      3140513360.9092274,
      4243658551.608359,
      5666434136.764908,
      7337952314.189461,
      9464475276.049156,
      11801759370.036272,
      14257357701.416285,
      16629954992.426306,
      18675072534.55679,
      20522944400.54995,
      22126038202.32636,
      22974168520.74633,
      20178013840.45565,
      13325414608.794565,
      9049986484.539032,
      5668157813.070209,
      1957209262.1085553
   ],
   "Sum weights": [
      31553.572634775563,
      0.0,
      0.0,
      63093.31025317554,
      0.0,
      0.0,
      157676.4171210508,
      0.0,
      0.0,
      94564.47175297262,
      126076.9109860328,
      126028.22187938784,
      220485.2695201227,
      283321.64639596804,
      251789.5174975307,
      345985.61190846143,
      597174.8015827318,
      502468.71481020586,
      721713.4013226258,
      971574.516270402,
      1439512.9795424745,
      1468050.368770533,
      1870280.3628088306,
      2642542.331686257,
      2975111.912755368,
      3889922.5678905696,
      5070136.041880438,
      6201405.757855711,
      7616128.9351384435,
      9420742.142172454,
      12337637.34913247,
      14433639.18539691,
      18913184.47065495,
      22918009.15719556,
      28642060.465909004,
      35084378.81169562,
      42733986.2330554,
      52890008.2648829,
      63179486.492408805,
      76069790.73188616,
      91172183.71017352,
      106590900.64526713,
      124530287.59190851,
      141812542.21813786,
      158697997.58228725,
      173829384.28194132,
      184020794.78618827,
      187407287.06902957,
      179533163.85897577,
      159474017.6727299,
      126112388.88387167,
      86871901.14946435,
      50065259.50582548,
      21144819.83293001,
      3753452.1549199685
   ],
   "Sum w * dv^2": [
      49.34538992146118,
      0.0,
      0.0,
      275.61843320530676,
      0.0,
      0.0,
      1574.4953360054278,
      0.0,
      0.0,
      1544.3207984628787,
      2751.912651834448,
      3574.0366019772614,
      7931.113967531891,
      13574.55876913271,
      15083.879469073669,
      25585.45899063759,
      57316.892229060526,
      61050.8494898158,
      106730.6987708038,
      181954.47120809677,
      344627.0258474492,
      446642.70928416296,
      704731.3219937517,
      1257170.9902115425,
      1769555.1304061092,
      2877058.943910787,
      4681097.451175756,
      7135686.970756498,
      10829244.255589675,
      16427988.714727363,
      26377943.945197184,
      37511878.49413303,
      59357258.01054091,
      86313520.90639013,
      128165865.24236451,
      184747973.95986417,
      261840368.8084333,
      373276880.6267517,
      507913412.2294605,
      688846493.7127775,
      921392486.5573959,
      1191012539.278204,
      1521551947.3690903,
      1861831510.6153238,
      2175699025.3902693,
      2397423383.1427164,
      2472485181.927329,
      2453184229.6003847,
      2393616188.3890533,
      2300216425.4896116,
      1869505910.008625,
      1058181354.6176531,
      550160655.5679126,
      265453770.01889786,
      62903634.284999214
   ],
   "N pairs": [
      182470,
      0,
      0,
      364230,
      0,
      0,
      908680,
      0,
      0,
      543938,
      724988,
      723260,
      1264946,
      1621746,
      1441312,
      1976796,
      3405516,
      2858500,
      4102376,
      5510452,
      8150494,
      8286628,
      10537036,
      14842556,
      16677718,
      21741592,
      28281316,
      34485790,
      42265864,
      52152314,
      68167672,
      79622014,
      104229580,
      126233662,
      157739230,
      193376164,
      235995164,
      293193364,
      352223470,
      427712704,
      519484430,
      617998308,
      739367366,
      866987388,
      1005794474,
      1151881870,
      1289270356,
      1411911588,
      1482911120,
      1474952014,
      1335176508,
      1075304674,
      813285038,
      482995802,
      119124136
   ],
   "Unweighted B(r)": [
      0.0015731295073989388,
      NaN,
      NaN,
      0.004967406894891636,
      NaN,
      NaN,
      0.011204473657190165,
      NaN,
      NaN,
      0.017990421991706557,
      0.024891546448569342,
      0.03233451235858458,
      0.0405943909852616,
      0.05413521837089659,
      0.06849861143715445,
      0.08392637092050115,
      0.10935588721799905,
      0.13916757400626262,
      0.16900696515464753,
      0.2144150747892688,
      0.274169071032109,
      0.349382622491391,
      0.43272844579237374,
      0.5479419247263784,
      0.6853305465415767,
      0.8533964986206606,
      1.0659680986690208,
      1.3298898884235733,
      1.6442578336347946,
      2.0172847913560927,
      2.4722308502651167,
      3.002362246262751,
      3.6182259936573886,
      4.328631396294733,
      5.1226655299428066,
      5.994081937628543,
      6.925841954902133,
      7.90765517778538,
      8.916252403365474,
      9.92175007176864,
      10.907803602053882,
      11.873741754952281,
      12.800774975033393,
      13.61237721953606,
      14.17521975907802,
      14.43720525996846,
      14.484993351198087,
      14.535573314205244,
      14.920677243506246,
      15.576214210821323,
      15.1126189829994,
      12.392222344971008,
      11.127693319914526,
      11.735418381690632,
      16.429997545657375
   ],