{
   "log10 r": [
      0.0,
      0.05,
      0.1,
      0.15000000000000002,
      0.2,
      0.25,
      0.30000000000000004,
      0.35000000000000003,
      0.4,
      0.45,
      0.5,
      0.55,
      0.6000000000000001,
      0.65,
      0.7000000000000001,
      0.75,
      0.8,
      0.8500000000000001,
      0.9,
      0.9500000000000001,
      1.0,
      1.05,
      1.1,
      1.1500000000000001,
      1.2000000000000002,
      1.25,
      1.3,
      1.35,
      1.4000000000000001,
      1.4500000000000002,
      1.5,
      1.55,
      1.6,
      1.6500000000000001,
      1.7000000000000002,
      1.75,
      1.8,
      1.85,
      1.9000000000000001,
      1.9500000000000002,
      2.0,
      2.0500000000000003,
      2.1,
      2.15,
      2.2,
      2.25,
      2.3000000000000003,
      2.35,
      2.4000000000000004,
      2.45,
      2.5,
      2.5500000000000003,
      2.6,
      2.6500000000000004,
      2.7
   ],
   "Sum dv^2": [
      90.67393202711523,
      0.0,
      0.0,
      581.4157991136786,
      0.0,
      0.0,
      3266.42448054059,
      0.0,
      0.0,
      3132.0331991954085,
      5804.0981508948535,
      7520.955459316328,
      16500.83030525725,
      28222.26784228394,
      31810.05720578504,
      53429.25188459164,
      120098.52763814676,
      128472.7425447358,
      224177.27522137377,
      382768.4599457097,
      725901.5643011564,
      943355.2795052121,
      1491172.885372103,
      2672644.177485401,
      3779425.88211943,
      6179608.712928903,
      10138524.408233818,
      15602762.33592958,
      23984000.921635736,
      36925548.97365967,
      60414224.44751461,
      87864987.10212772,
      142827826.5310475,
      214384442.57257876,
      330065623.85508347,
      495531704.9519066,
      734303040.5330727,
      1098764950.203771,
      1572990140.5581365,
      2247524163.9801483,
      3172052015.371211,
      4318322309.030814,
      5806024794.665724,
      7478667311.081612,
      9272172265.34846,
      11049399025.089027,
      12657525978.943123,
      14224057523.760155,
      15567140376.480207,
      16223028457.656666,
      14436947231.293854,
      10139334103.29094,
      6981471353.685908,
      4415975739.283101,
      1564639893.6111302
   ],
   "Sum weights": [
      38139.86084413151,
      0.0,
      0.0,
      76263.2313514538,
      0.0,
      0.0,
      190592.2444289995,
      0.0,
      0.0,
      114308.17966690313,
      152405.99727663904,
      152350.1171735973,
      266553.07396690286,
      342540.8219943212,
      304446.8198395853,
      418384.39751042664,
      722246.5679488052,
      607804.9741416032,
      873205.3708149428,
      1175858.372642932,
      1742908.0835003925,
      1778305.6149950875,
      2266835.504578996,
      3205164.845082572,
      3611813.5040489133,
      4727408.0001886515,
      6169863.374833013,
      7558426.998348379,
      9299337.071028711,
      11526175.499691628,
      15130204.28116536,
      17744964.199933093,
      23313410.73830114,
      28326379.562532593,
      35493917.08014081,
      43581560.7688757,
      53193757.22847555,
      65950075.820201695,
      78898733.060881,
      95129620.02779095,
      114187968.08228302,
      133710236.68995665,
      156414747.93421692,
      178147086.31503266,
      198984381.11417228,
      217042075.90421495,
      228380264.60541883,
      231093285.3600215,
      219745009.2639549,
      192994886.19287413,
      151201381.62417024,
      102942620.04438974,
      58360478.58257974,
      22961564.33493195,
      3546687.050640594
   ],
   "Sum w * dv^2": [
      17.86476613578829,
      0.0,
      0.0,
      112.21718696766187,
      0.0,
      0.0,
      632.3554803260536,
      0.0,
      0.0,
      609.1907138056754,
      1121.4141455993886,
      1457.0536749593473,
      3199.053775240929,
      5484.838004692951,
      6158.887679418492,
      10376.183276148806,
      23343.74959775773,
      25016.315850719475,
      43652.02686417673,
      74643.20299383531,
      141617.97198551428,
      184523.53397807138,
      291994.1447806302,
      524727.8792272499,
      742801.8045441989,
      1218002.0137058336,
      2000984.3052474258,
      3090047.873134657,
      4760137.364812139,
      7353757.588541438,
      12070658.793613888,
      17613677.923496738,
      28722373.017212614,
      43255458.586745985,
      66843162.14930892,
      100685322.6973611,
      149621467.14405844,
      224225770.52294257,
      321166386.1494237,
      458151645.5789708,
      642647232.1278064,
      866153461.7846775,
      1144751186.0111833,
      1439955801.7496989,
      1727064727.967551,
      1962249488.1750426,
      2096838676.3765059,
      2141754548.9827251,
      2098394884.7024767,
      1949747060.952101,
      1540523317.9520993,
      931791306.2095639,
      488316536.11885244,
      219230321.0848264,
      47012717.417923145
   ],
   "N pairs": [
      182470,
      0,
      0,
      364230,
      0,
      0,
      908680,
      0,
      0,
      543938,
      724988,
      723260,
      1264946,
      1621746,
      1441312,
      1976796,
      3405516,
      2858500,
      4102376,
      5510452,
      8150494,
      8286628,
      10537036,
      14842556,
      16677718,
      21741592,
      28281316,
      34485790,
      42265864,
      52152314,
      68167672,
      79622014,
      104229580,
      126233662,
      157739230,
      193376164,
      235995164,
      293193364,
      352223470,
      427712704,
      519484430,
      617998308,
      739367366,
      866987388,
      1005794474,
      1151881870,
      1289270356,
      1411911588,
      1482911120,
      1474952014,
      1335176508,
      1075304674,
      813285038,
      482995802,
      119124136
   ],
   "Unweighted B(r)": [
      0.0004969251494882185,
      NaN,
      NaN,
      0.0015962875082054708,
      NaN,
      NaN,
      0.003594691729256273,
      NaN,
      NaN,
      0.005758070219759253,
      0.00800578513147094,
      0.010398688520471653,
      0.013044691477151791,
      0.017402397072219657,
      0.02207020909128977,
      0.0270282072022564,
      0.03526588265571114,
      0.04494411143772461,
      0.05464571634130411,
      0.06946226188808281,
      0.08906227822524088,
      0.1138406695105913,
      0.14151730006162103,
      0.18006630242698096,
      0.22661528886142757,
      0.28422981688410415,
      0.3584884242385969,
      0.4524403337122212,
      0.5674555930439689,
      0.708032801260931,
      0.8862591705862364,
      1.1035263074622519,
      1.3703195055669177,
      1.6983143733291899,
      2.092476448979011,
      2.5625273286107104,
      3.1115173213171126,
      3.7475778278657463,
      4.465886786471487,
      5.254751946718301,
      6.106154163987573,
      6.987595682917006,
      7.852692804223285,
      8.626039334128828,
      9.218754432477086,
      9.592475854393843,
      9.817588622927373,
      10.074325931348723,
      10.497689420846886,
      10.9990211909746,
      10.812763065251485,
      9.429266280015202,
      8.584285985211876,
      9.142886379130685,
      13.134532985079785
   ],